
  You can now view your Streamlit app in your browser.

  Local URL: http://localhost:8501
  Network URL: http://192.168.1.10:8501

2026-05-21 14:43:22.069 Please replace `use_container_width` with `width`.

`use_container_width` will be removed after 2025-12-31.

For `use_container_width=True`, use `width='stretch'`. For `use_container_width=False`, use `width='content'`.
2026-05-21 14:43:22.295 Please replace `use_container_width` with `width`.

`use_container_width` will be removed after 2025-12-31.

For `use_container_width=True`, use `width='stretch'`. For `use_container_width=False`, use `width='content'`.
2026-05-21 14:43:22.476 Please replace `use_container_width` with `width`.

`use_container_width` will be removed after 2025-12-31.

For `use_container_width=True`, use `width='stretch'`. For `use_container_width=False`, use `width='content'`.
2026-05-21 14:43:22.689 Please replace `st.components.v1.html` with `st.iframe`.

`st.components.v1.html` will be removed after 2026-06-01.
2026-05-21 14:43:23.012 Please replace `use_container_width` with `width`.

`use_container_width` will be removed after 2025-12-31.

For `use_container_width=True`, use `width='stretch'`. For `use_container_width=False`, use `width='content'`.
2026-05-21 14:43:28.415 Please replace `use_container_width` with `width`.

`use_container_width` will be removed after 2025-12-31.

For `use_container_width=True`, use `width='stretch'`. For `use_container_width=False`, use `width='content'`.
2026-05-21 14:43:28.504 Please replace `use_container_width` with `width`.

`use_container_width` will be removed after 2025-12-31.

For `use_container_width=True`, use `width='stretch'`. For `use_container_width=False`, use `width='content'`.
2026-05-21 14:43:28.628 Please replace `use_container_width` with `width`.

`use_container_width` will be removed after 2025-12-31.

For `use_container_width=True`, use `width='stretch'`. For `use_container_width=False`, use `width='content'`.
2026-05-21 14:43:28.706 Please replace `st.components.v1.html` with `st.iframe`.

`st.components.v1.html` will be removed after 2026-06-01.
2026-05-21 14:43:28.811 Please replace `use_container_width` with `width`.

`use_container_width` will be removed after 2025-12-31.

For `use_container_width=True`, use `width='stretch'`. For `use_container_width=False`, use `width='content'`.
2026-05-21 14:43:30.398 Please replace `use_container_width` with `width`.

`use_container_width` will be removed after 2025-12-31.

For `use_container_width=True`, use `width='stretch'`. For `use_container_width=False`, use `width='content'`.
2026-05-21 14:43:30.495 Please replace `use_container_width` with `width`.

`use_container_width` will be removed after 2025-12-31.

For `use_container_width=True`, use `width='stretch'`. For `use_container_width=False`, use `width='content'`.
2026-05-21 14:43:30.614 Please replace `use_container_width` with `width`.

`use_container_width` will be removed after 2025-12-31.

For `use_container_width=True`, use `width='stretch'`. For `use_container_width=False`, use `width='content'`.
2026-05-21 14:43:30.700 Please replace `st.components.v1.html` with `st.iframe`.

`st.components.v1.html` will be removed after 2026-06-01.
2026-05-21 14:43:30.830 Please replace `use_container_width` with `width`.

`use_container_width` will be removed after 2025-12-31.

For `use_container_width=True`, use `width='stretch'`. For `use_container_width=False`, use `width='content'`.
2026-05-21 14:43:32.406 Please replace `use_container_width` with `width`.

`use_container_width` will be removed after 2025-12-31.

For `use_container_width=True`, use `width='stretch'`. For `use_container_width=False`, use `width='content'`.
2026-05-21 14:43:32.508 Please replace `use_container_width` with `width`.

`use_container_width` will be removed after 2025-12-31.

For `use_container_width=True`, use `width='stretch'`. For `use_container_width=False`, use `width='content'`.
2026-05-21 14:43:32.612 Please replace `use_container_width` with `width`.

`use_container_width` will be removed after 2025-12-31.

For `use_container_width=True`, use `width='stretch'`. For `use_container_width=False`, use `width='content'`.
2026-05-21 14:43:32.709 Please replace `st.components.v1.html` with `st.iframe`.

`st.components.v1.html` will be removed after 2026-06-01.
2026-05-21 14:43:32.815 Please replace `use_container_width` with `width`.

`use_container_width` will be removed after 2025-12-31.

For `use_container_width=True`, use `width='stretch'`. For `use_container_width=False`, use `width='content'`.
2026-05-21 14:43:34.395 Please replace `use_container_width` with `width`.

`use_container_width` will be removed after 2025-12-31.

For `use_container_width=True`, use `width='stretch'`. For `use_container_width=False`, use `width='content'`.
2026-05-21 14:43:34.488 Please replace `use_container_width` with `width`.

`use_container_width` will be removed after 2025-12-31.

For `use_container_width=True`, use `width='stretch'`. For `use_container_width=False`, use `width='content'`.
2026-05-21 14:43:34.612 Please replace `use_container_width` with `width`.

`use_container_width` will be removed after 2025-12-31.

For `use_container_width=True`, use `width='stretch'`. For `use_container_width=False`, use `width='content'`.
2026-05-21 14:43:34.686 Please replace `st.components.v1.html` with `st.iframe`.

`st.components.v1.html` will be removed after 2026-06-01.
2026-05-21 14:43:34.764 Please replace `use_container_width` with `width`.

`use_container_width` will be removed after 2025-12-31.

For `use_container_width=True`, use `width='stretch'`. For `use_container_width=False`, use `width='content'`.
2026-05-21 14:43:36.403 Please replace `use_container_width` with `width`.

`use_container_width` will be removed after 2025-12-31.

For `use_container_width=True`, use `width='stretch'`. For `use_container_width=False`, use `width='content'`.
2026-05-21 14:43:36.506 Please replace `use_container_width` with `width`.

`use_container_width` will be removed after 2025-12-31.

For `use_container_width=True`, use `width='stretch'`. For `use_container_width=False`, use `width='content'`.
2026-05-21 14:43:36.614 Please replace `use_container_width` with `width`.

`use_container_width` will be removed after 2025-12-31.

For `use_container_width=True`, use `width='stretch'`. For `use_container_width=False`, use `width='content'`.
2026-05-21 14:43:36.689 Please replace `st.components.v1.html` with `st.iframe`.

`st.components.v1.html` will be removed after 2026-06-01.
2026-05-21 14:43:36.787 Please replace `use_container_width` with `width`.

`use_container_width` will be removed after 2025-12-31.

For `use_container_width=True`, use `width='stretch'`. For `use_container_width=False`, use `width='content'`.
2026-05-21 14:43:38.387 Please replace `use_container_width` with `width`.

`use_container_width` will be removed after 2025-12-31.

For `use_container_width=True`, use `width='stretch'`. For `use_container_width=False`, use `width='content'`.
2026-05-21 14:43:38.495 Please replace `use_container_width` with `width`.

`use_container_width` will be removed after 2025-12-31.

For `use_container_width=True`, use `width='stretch'`. For `use_container_width=False`, use `width='content'`.
2026-05-21 14:43:38.615 Please replace `use_container_width` with `width`.

`use_container_width` will be removed after 2025-12-31.

For `use_container_width=True`, use `width='stretch'`. For `use_container_width=False`, use `width='content'`.
2026-05-21 14:43:38.704 Please replace `st.components.v1.html` with `st.iframe`.

`st.components.v1.html` will be removed after 2026-06-01.
2026-05-21 14:43:38.793 Please replace `use_container_width` with `width`.

`use_container_width` will be removed after 2025-12-31.

For `use_container_width=True`, use `width='stretch'`. For `use_container_width=False`, use `width='content'`.
2026-05-21 14:43:40.416 Please replace `use_container_width` with `width`.

`use_container_width` will be removed after 2025-12-31.

For `use_container_width=True`, use `width='stretch'`. For `use_container_width=False`, use `width='content'`.
2026-05-21 14:43:40.530 Please replace `use_container_width` with `width`.

`use_container_width` will be removed after 2025-12-31.

For `use_container_width=True`, use `width='stretch'`. For `use_container_width=False`, use `width='content'`.
2026-05-21 14:43:40.642 Please replace `use_container_width` with `width`.

`use_container_width` will be removed after 2025-12-31.

For `use_container_width=True`, use `width='stretch'`. For `use_container_width=False`, use `width='content'`.
2026-05-21 14:43:40.704 Please replace `st.components.v1.html` with `st.iframe`.

`st.components.v1.html` will be removed after 2026-06-01.
2026-05-21 14:43:40.791 Please replace `use_container_width` with `width`.

`use_container_width` will be removed after 2025-12-31.

For `use_container_width=True`, use `width='stretch'`. For `use_container_width=False`, use `width='content'`.
2026-05-21 14:43:42.378 Please replace `use_container_width` with `width`.

`use_container_width` will be removed after 2025-12-31.

For `use_container_width=True`, use `width='stretch'`. For `use_container_width=False`, use `width='content'`.
2026-05-21 14:43:42.474 Please replace `use_container_width` with `width`.

`use_container_width` will be removed after 2025-12-31.

For `use_container_width=True`, use `width='stretch'`. For `use_container_width=False`, use `width='content'`.
2026-05-21 14:43:42.609 Please replace `use_container_width` with `width`.

`use_container_width` will be removed after 2025-12-31.

For `use_container_width=True`, use `width='stretch'`. For `use_container_width=False`, use `width='content'`.
2026-05-21 14:43:42.690 Please replace `st.components.v1.html` with `st.iframe`.

`st.components.v1.html` will be removed after 2026-06-01.
2026-05-21 14:43:42.785 Please replace `use_container_width` with `width`.

`use_container_width` will be removed after 2025-12-31.

For `use_container_width=True`, use `width='stretch'`. For `use_container_width=False`, use `width='content'`.
2026-05-21 14:43:44.401 Please replace `use_container_width` with `width`.

`use_container_width` will be removed after 2025-12-31.

For `use_container_width=True`, use `width='stretch'`. For `use_container_width=False`, use `width='content'`.
2026-05-21 14:43:44.518 Please replace `use_container_width` with `width`.

`use_container_width` will be removed after 2025-12-31.

For `use_container_width=True`, use `width='stretch'`. For `use_container_width=False`, use `width='content'`.
2026-05-21 14:43:44.637 Please replace `use_container_width` with `width`.

`use_container_width` will be removed after 2025-12-31.

For `use_container_width=True`, use `width='stretch'`. For `use_container_width=False`, use `width='content'`.
2026-05-21 14:43:44.739 Please replace `st.components.v1.html` with `st.iframe`.

`st.components.v1.html` will be removed after 2026-06-01.
2026-05-21 14:43:44.828 Please replace `use_container_width` with `width`.

`use_container_width` will be removed after 2025-12-31.

For `use_container_width=True`, use `width='stretch'`. For `use_container_width=False`, use `width='content'`.
2026-05-21 14:43:46.384 Please replace `use_container_width` with `width`.

`use_container_width` will be removed after 2025-12-31.

For `use_container_width=True`, use `width='stretch'`. For `use_container_width=False`, use `width='content'`.
2026-05-21 14:43:46.495 Please replace `use_container_width` with `width`.

`use_container_width` will be removed after 2025-12-31.

For `use_container_width=True`, use `width='stretch'`. For `use_container_width=False`, use `width='content'`.
2026-05-21 14:43:46.660 Please replace `use_container_width` with `width`.

`use_container_width` will be removed after 2025-12-31.

For `use_container_width=True`, use `width='stretch'`. For `use_container_width=False`, use `width='content'`.
2026-05-21 14:43:46.777 Please replace `st.components.v1.html` with `st.iframe`.

`st.components.v1.html` will be removed after 2026-06-01.
2026-05-21 14:43:46.888 Please replace `use_container_width` with `width`.

`use_container_width` will be removed after 2025-12-31.

For `use_container_width=True`, use `width='stretch'`. For `use_container_width=False`, use `width='content'`.
2026-05-21 14:43:48.404 Please replace `use_container_width` with `width`.

`use_container_width` will be removed after 2025-12-31.

For `use_container_width=True`, use `width='stretch'`. For `use_container_width=False`, use `width='content'`.
2026-05-21 14:43:48.500 Please replace `use_container_width` with `width`.

`use_container_width` will be removed after 2025-12-31.

For `use_container_width=True`, use `width='stretch'`. For `use_container_width=False`, use `width='content'`.
2026-05-21 14:43:48.635 Please replace `use_container_width` with `width`.

`use_container_width` will be removed after 2025-12-31.

For `use_container_width=True`, use `width='stretch'`. For `use_container_width=False`, use `width='content'`.
2026-05-21 14:43:48.722 Please replace `st.components.v1.html` with `st.iframe`.

`st.components.v1.html` will be removed after 2026-06-01.
2026-05-21 14:43:48.821 Please replace `use_container_width` with `width`.

`use_container_width` will be removed after 2025-12-31.

For `use_container_width=True`, use `width='stretch'`. For `use_container_width=False`, use `width='content'`.
2026-05-21 14:43:50.397 Please replace `use_container_width` with `width`.

`use_container_width` will be removed after 2025-12-31.

For `use_container_width=True`, use `width='stretch'`. For `use_container_width=False`, use `width='content'`.
2026-05-21 14:43:50.475 Please replace `use_container_width` with `width`.

`use_container_width` will be removed after 2025-12-31.

For `use_container_width=True`, use `width='stretch'`. For `use_container_width=False`, use `width='content'`.
2026-05-21 14:43:50.555 Please replace `use_container_width` with `width`.

`use_container_width` will be removed after 2025-12-31.

For `use_container_width=True`, use `width='stretch'`. For `use_container_width=False`, use `width='content'`.
2026-05-21 14:43:50.640 Please replace `st.components.v1.html` with `st.iframe`.

`st.components.v1.html` will be removed after 2026-06-01.
2026-05-21 14:43:50.746 Please replace `use_container_width` with `width`.

`use_container_width` will be removed after 2025-12-31.

For `use_container_width=True`, use `width='stretch'`. For `use_container_width=False`, use `width='content'`.
2026-05-21 14:43:52.411 Please replace `use_container_width` with `width`.

`use_container_width` will be removed after 2025-12-31.

For `use_container_width=True`, use `width='stretch'`. For `use_container_width=False`, use `width='content'`.
2026-05-21 14:43:52.510 Please replace `use_container_width` with `width`.

`use_container_width` will be removed after 2025-12-31.

For `use_container_width=True`, use `width='stretch'`. For `use_container_width=False`, use `width='content'`.
2026-05-21 14:43:52.628 Please replace `use_container_width` with `width`.

`use_container_width` will be removed after 2025-12-31.

For `use_container_width=True`, use `width='stretch'`. For `use_container_width=False`, use `width='content'`.
2026-05-21 14:43:52.694 Please replace `st.components.v1.html` with `st.iframe`.

`st.components.v1.html` will be removed after 2026-06-01.
2026-05-21 14:43:52.784 Please replace `use_container_width` with `width`.

`use_container_width` will be removed after 2025-12-31.

For `use_container_width=True`, use `width='stretch'`. For `use_container_width=False`, use `width='content'`.
2026-05-21 14:43:54.381 Please replace `use_container_width` with `width`.

`use_container_width` will be removed after 2025-12-31.

For `use_container_width=True`, use `width='stretch'`. For `use_container_width=False`, use `width='content'`.
2026-05-21 14:43:54.471 Please replace `use_container_width` with `width`.

`use_container_width` will be removed after 2025-12-31.

For `use_container_width=True`, use `width='stretch'`. For `use_container_width=False`, use `width='content'`.
2026-05-21 14:43:54.584 Please replace `use_container_width` with `width`.

`use_container_width` will be removed after 2025-12-31.

For `use_container_width=True`, use `width='stretch'`. For `use_container_width=False`, use `width='content'`.
2026-05-21 14:43:54.664 Please replace `st.components.v1.html` with `st.iframe`.

`st.components.v1.html` will be removed after 2026-06-01.
2026-05-21 14:43:54.751 Please replace `use_container_width` with `width`.

`use_container_width` will be removed after 2025-12-31.

For `use_container_width=True`, use `width='stretch'`. For `use_container_width=False`, use `width='content'`.
2026-05-21 14:43:56.408 Please replace `use_container_width` with `width`.

`use_container_width` will be removed after 2025-12-31.

For `use_container_width=True`, use `width='stretch'`. For `use_container_width=False`, use `width='content'`.
2026-05-21 14:43:56.514 Please replace `use_container_width` with `width`.

`use_container_width` will be removed after 2025-12-31.

For `use_container_width=True`, use `width='stretch'`. For `use_container_width=False`, use `width='content'`.
2026-05-21 14:43:56.635 Please replace `use_container_width` with `width`.

`use_container_width` will be removed after 2025-12-31.

For `use_container_width=True`, use `width='stretch'`. For `use_container_width=False`, use `width='content'`.
2026-05-21 14:43:56.720 Please replace `st.components.v1.html` with `st.iframe`.

`st.components.v1.html` will be removed after 2026-06-01.
2026-05-21 14:43:56.818 Please replace `use_container_width` with `width`.

`use_container_width` will be removed after 2025-12-31.

For `use_container_width=True`, use `width='stretch'`. For `use_container_width=False`, use `width='content'`.
2026-05-21 14:43:58.381 Please replace `use_container_width` with `width`.

`use_container_width` will be removed after 2025-12-31.

For `use_container_width=True`, use `width='stretch'`. For `use_container_width=False`, use `width='content'`.
2026-05-21 14:43:58.482 Please replace `use_container_width` with `width`.

`use_container_width` will be removed after 2025-12-31.

For `use_container_width=True`, use `width='stretch'`. For `use_container_width=False`, use `width='content'`.
2026-05-21 14:43:58.605 Please replace `use_container_width` with `width`.

`use_container_width` will be removed after 2025-12-31.

For `use_container_width=True`, use `width='stretch'`. For `use_container_width=False`, use `width='content'`.
2026-05-21 14:43:58.697 Please replace `st.components.v1.html` with `st.iframe`.

`st.components.v1.html` will be removed after 2026-06-01.
2026-05-21 14:43:58.804 Please replace `use_container_width` with `width`.

`use_container_width` will be removed after 2025-12-31.

For `use_container_width=True`, use `width='stretch'`. For `use_container_width=False`, use `width='content'`.
2026-05-21 14:44:00.399 Please replace `use_container_width` with `width`.

`use_container_width` will be removed after 2025-12-31.

For `use_container_width=True`, use `width='stretch'`. For `use_container_width=False`, use `width='content'`.
2026-05-21 14:44:00.519 Please replace `use_container_width` with `width`.

`use_container_width` will be removed after 2025-12-31.

For `use_container_width=True`, use `width='stretch'`. For `use_container_width=False`, use `width='content'`.
2026-05-21 14:44:00.621 Please replace `use_container_width` with `width`.

`use_container_width` will be removed after 2025-12-31.

For `use_container_width=True`, use `width='stretch'`. For `use_container_width=False`, use `width='content'`.
2026-05-21 14:44:00.701 Please replace `st.components.v1.html` with `st.iframe`.

`st.components.v1.html` will be removed after 2026-06-01.
2026-05-21 14:44:00.805 Please replace `use_container_width` with `width`.

`use_container_width` will be removed after 2025-12-31.

For `use_container_width=True`, use `width='stretch'`. For `use_container_width=False`, use `width='content'`.
2026-05-21 14:44:02.399 Please replace `use_container_width` with `width`.

`use_container_width` will be removed after 2025-12-31.

For `use_container_width=True`, use `width='stretch'`. For `use_container_width=False`, use `width='content'`.
2026-05-21 14:44:02.492 Please replace `use_container_width` with `width`.

`use_container_width` will be removed after 2025-12-31.

For `use_container_width=True`, use `width='stretch'`. For `use_container_width=False`, use `width='content'`.
2026-05-21 14:44:02.601 Please replace `use_container_width` with `width`.

`use_container_width` will be removed after 2025-12-31.

For `use_container_width=True`, use `width='stretch'`. For `use_container_width=False`, use `width='content'`.
2026-05-21 14:44:02.693 Please replace `st.components.v1.html` with `st.iframe`.

`st.components.v1.html` will be removed after 2026-06-01.
2026-05-21 14:44:02.779 Please replace `use_container_width` with `width`.

`use_container_width` will be removed after 2025-12-31.

For `use_container_width=True`, use `width='stretch'`. For `use_container_width=False`, use `width='content'`.
2026-05-21 14:44:04.394 Please replace `use_container_width` with `width`.

`use_container_width` will be removed after 2025-12-31.

For `use_container_width=True`, use `width='stretch'`. For `use_container_width=False`, use `width='content'`.
2026-05-21 14:44:04.496 Please replace `use_container_width` with `width`.

`use_container_width` will be removed after 2025-12-31.

For `use_container_width=True`, use `width='stretch'`. For `use_container_width=False`, use `width='content'`.
2026-05-21 14:44:04.593 Please replace `use_container_width` with `width`.

`use_container_width` will be removed after 2025-12-31.

For `use_container_width=True`, use `width='stretch'`. For `use_container_width=False`, use `width='content'`.
2026-05-21 14:44:04.687 Please replace `st.components.v1.html` with `st.iframe`.

`st.components.v1.html` will be removed after 2026-06-01.
2026-05-21 14:44:04.790 Please replace `use_container_width` with `width`.

`use_container_width` will be removed after 2025-12-31.

For `use_container_width=True`, use `width='stretch'`. For `use_container_width=False`, use `width='content'`.
2026-05-21 14:44:06.409 Please replace `use_container_width` with `width`.

`use_container_width` will be removed after 2025-12-31.

For `use_container_width=True`, use `width='stretch'`. For `use_container_width=False`, use `width='content'`.
2026-05-21 14:44:06.525 Please replace `use_container_width` with `width`.

`use_container_width` will be removed after 2025-12-31.

For `use_container_width=True`, use `width='stretch'`. For `use_container_width=False`, use `width='content'`.
2026-05-21 14:44:06.641 Please replace `use_container_width` with `width`.

`use_container_width` will be removed after 2025-12-31.

For `use_container_width=True`, use `width='stretch'`. For `use_container_width=False`, use `width='content'`.
2026-05-21 14:44:06.709 Please replace `st.components.v1.html` with `st.iframe`.

`st.components.v1.html` will be removed after 2026-06-01.
2026-05-21 14:44:06.810 Please replace `use_container_width` with `width`.

`use_container_width` will be removed after 2025-12-31.

For `use_container_width=True`, use `width='stretch'`. For `use_container_width=False`, use `width='content'`.
2026-05-21 14:44:08.394 Please replace `use_container_width` with `width`.

`use_container_width` will be removed after 2025-12-31.

For `use_container_width=True`, use `width='stretch'`. For `use_container_width=False`, use `width='content'`.
2026-05-21 14:44:08.478 Please replace `use_container_width` with `width`.

`use_container_width` will be removed after 2025-12-31.

For `use_container_width=True`, use `width='stretch'`. For `use_container_width=False`, use `width='content'`.
2026-05-21 14:44:08.580 Please replace `use_container_width` with `width`.

`use_container_width` will be removed after 2025-12-31.

For `use_container_width=True`, use `width='stretch'`. For `use_container_width=False`, use `width='content'`.
2026-05-21 14:44:08.669 Please replace `st.components.v1.html` with `st.iframe`.

`st.components.v1.html` will be removed after 2026-06-01.
2026-05-21 14:44:08.767 Please replace `use_container_width` with `width`.

`use_container_width` will be removed after 2025-12-31.

For `use_container_width=True`, use `width='stretch'`. For `use_container_width=False`, use `width='content'`.
2026-05-21 14:44:10.394 Please replace `use_container_width` with `width`.

`use_container_width` will be removed after 2025-12-31.

For `use_container_width=True`, use `width='stretch'`. For `use_container_width=False`, use `width='content'`.
2026-05-21 14:44:10.492 Please replace `use_container_width` with `width`.

`use_container_width` will be removed after 2025-12-31.

For `use_container_width=True`, use `width='stretch'`. For `use_container_width=False`, use `width='content'`.
2026-05-21 14:44:10.623 Please replace `use_container_width` with `width`.

`use_container_width` will be removed after 2025-12-31.

For `use_container_width=True`, use `width='stretch'`. For `use_container_width=False`, use `width='content'`.
2026-05-21 14:44:10.700 Please replace `st.components.v1.html` with `st.iframe`.

`st.components.v1.html` will be removed after 2026-06-01.
2026-05-21 14:44:10.809 Please replace `use_container_width` with `width`.

`use_container_width` will be removed after 2025-12-31.

For `use_container_width=True`, use `width='stretch'`. For `use_container_width=False`, use `width='content'`.
2026-05-21 14:44:12.386 Please replace `use_container_width` with `width`.

`use_container_width` will be removed after 2025-12-31.

For `use_container_width=True`, use `width='stretch'`. For `use_container_width=False`, use `width='content'`.
2026-05-21 14:44:12.499 Please replace `use_container_width` with `width`.

`use_container_width` will be removed after 2025-12-31.

For `use_container_width=True`, use `width='stretch'`. For `use_container_width=False`, use `width='content'`.
2026-05-21 14:44:12.614 Please replace `use_container_width` with `width`.

`use_container_width` will be removed after 2025-12-31.

For `use_container_width=True`, use `width='stretch'`. For `use_container_width=False`, use `width='content'`.
2026-05-21 14:44:12.681 Please replace `st.components.v1.html` with `st.iframe`.

`st.components.v1.html` will be removed after 2026-06-01.
2026-05-21 14:44:12.802 Please replace `use_container_width` with `width`.

`use_container_width` will be removed after 2025-12-31.

For `use_container_width=True`, use `width='stretch'`. For `use_container_width=False`, use `width='content'`.
2026-05-21 14:44:14.398 Please replace `use_container_width` with `width`.

`use_container_width` will be removed after 2025-12-31.

For `use_container_width=True`, use `width='stretch'`. For `use_container_width=False`, use `width='content'`.
2026-05-21 14:44:14.499 Please replace `use_container_width` with `width`.

`use_container_width` will be removed after 2025-12-31.

For `use_container_width=True`, use `width='stretch'`. For `use_container_width=False`, use `width='content'`.
2026-05-21 14:44:14.627 Please replace `use_container_width` with `width`.

`use_container_width` will be removed after 2025-12-31.

For `use_container_width=True`, use `width='stretch'`. For `use_container_width=False`, use `width='content'`.
2026-05-21 14:44:14.699 Please replace `st.components.v1.html` with `st.iframe`.

`st.components.v1.html` will be removed after 2026-06-01.
2026-05-21 14:44:14.787 Please replace `use_container_width` with `width`.

`use_container_width` will be removed after 2025-12-31.

For `use_container_width=True`, use `width='stretch'`. For `use_container_width=False`, use `width='content'`.
2026-05-21 14:44:16.378 Please replace `use_container_width` with `width`.

`use_container_width` will be removed after 2025-12-31.

For `use_container_width=True`, use `width='stretch'`. For `use_container_width=False`, use `width='content'`.
2026-05-21 14:44:16.496 Please replace `use_container_width` with `width`.

`use_container_width` will be removed after 2025-12-31.

For `use_container_width=True`, use `width='stretch'`. For `use_container_width=False`, use `width='content'`.
2026-05-21 14:44:16.603 Please replace `use_container_width` with `width`.

`use_container_width` will be removed after 2025-12-31.

For `use_container_width=True`, use `width='stretch'`. For `use_container_width=False`, use `width='content'`.
2026-05-21 14:44:16.682 Please replace `st.components.v1.html` with `st.iframe`.

`st.components.v1.html` will be removed after 2026-06-01.
2026-05-21 14:44:16.771 Please replace `use_container_width` with `width`.

`use_container_width` will be removed after 2025-12-31.

For `use_container_width=True`, use `width='stretch'`. For `use_container_width=False`, use `width='content'`.
2026-05-21 14:44:18.460 Please replace `use_container_width` with `width`.

`use_container_width` will be removed after 2025-12-31.

For `use_container_width=True`, use `width='stretch'`. For `use_container_width=False`, use `width='content'`.
2026-05-21 14:44:18.566 Please replace `use_container_width` with `width`.

`use_container_width` will be removed after 2025-12-31.

For `use_container_width=True`, use `width='stretch'`. For `use_container_width=False`, use `width='content'`.
2026-05-21 14:44:18.688 Please replace `use_container_width` with `width`.

`use_container_width` will be removed after 2025-12-31.

For `use_container_width=True`, use `width='stretch'`. For `use_container_width=False`, use `width='content'`.
2026-05-21 14:44:18.796 Please replace `st.components.v1.html` with `st.iframe`.

`st.components.v1.html` will be removed after 2026-06-01.
2026-05-21 14:44:18.875 Please replace `use_container_width` with `width`.

`use_container_width` will be removed after 2025-12-31.

For `use_container_width=True`, use `width='stretch'`. For `use_container_width=False`, use `width='content'`.
2026-05-21 14:44:20.379 Please replace `use_container_width` with `width`.

`use_container_width` will be removed after 2025-12-31.

For `use_container_width=True`, use `width='stretch'`. For `use_container_width=False`, use `width='content'`.
2026-05-21 14:44:20.478 Please replace `use_container_width` with `width`.

`use_container_width` will be removed after 2025-12-31.

For `use_container_width=True`, use `width='stretch'`. For `use_container_width=False`, use `width='content'`.
2026-05-21 14:44:20.584 Please replace `use_container_width` with `width`.

`use_container_width` will be removed after 2025-12-31.

For `use_container_width=True`, use `width='stretch'`. For `use_container_width=False`, use `width='content'`.
2026-05-21 14:44:20.663 Please replace `st.components.v1.html` with `st.iframe`.

`st.components.v1.html` will be removed after 2026-06-01.
2026-05-21 14:44:20.760 Please replace `use_container_width` with `width`.

`use_container_width` will be removed after 2025-12-31.

For `use_container_width=True`, use `width='stretch'`. For `use_container_width=False`, use `width='content'`.
2026-05-21 14:44:22.398 Please replace `use_container_width` with `width`.

`use_container_width` will be removed after 2025-12-31.

For `use_container_width=True`, use `width='stretch'`. For `use_container_width=False`, use `width='content'`.
2026-05-21 14:44:22.509 Please replace `use_container_width` with `width`.

`use_container_width` will be removed after 2025-12-31.

For `use_container_width=True`, use `width='stretch'`. For `use_container_width=False`, use `width='content'`.
2026-05-21 14:44:22.627 Please replace `use_container_width` with `width`.

`use_container_width` will be removed after 2025-12-31.

For `use_container_width=True`, use `width='stretch'`. For `use_container_width=False`, use `width='content'`.
2026-05-21 14:44:22.697 Please replace `st.components.v1.html` with `st.iframe`.

`st.components.v1.html` will be removed after 2026-06-01.
2026-05-21 14:44:22.801 Please replace `use_container_width` with `width`.

`use_container_width` will be removed after 2025-12-31.

For `use_container_width=True`, use `width='stretch'`. For `use_container_width=False`, use `width='content'`.
2026-05-21 14:44:24.422 Please replace `use_container_width` with `width`.

`use_container_width` will be removed after 2025-12-31.

For `use_container_width=True`, use `width='stretch'`. For `use_container_width=False`, use `width='content'`.
2026-05-21 14:44:24.513 Please replace `use_container_width` with `width`.

`use_container_width` will be removed after 2025-12-31.

For `use_container_width=True`, use `width='stretch'`. For `use_container_width=False`, use `width='content'`.
2026-05-21 14:44:24.633 Please replace `use_container_width` with `width`.

`use_container_width` will be removed after 2025-12-31.

For `use_container_width=True`, use `width='stretch'`. For `use_container_width=False`, use `width='content'`.
2026-05-21 14:44:24.715 Please replace `st.components.v1.html` with `st.iframe`.

`st.components.v1.html` will be removed after 2026-06-01.
2026-05-21 14:44:24.832 Please replace `use_container_width` with `width`.

`use_container_width` will be removed after 2025-12-31.

For `use_container_width=True`, use `width='stretch'`. For `use_container_width=False`, use `width='content'`.
2026-05-21 14:44:26.391 Please replace `use_container_width` with `width`.

`use_container_width` will be removed after 2025-12-31.

For `use_container_width=True`, use `width='stretch'`. For `use_container_width=False`, use `width='content'`.
2026-05-21 14:44:26.499 Please replace `use_container_width` with `width`.

`use_container_width` will be removed after 2025-12-31.

For `use_container_width=True`, use `width='stretch'`. For `use_container_width=False`, use `width='content'`.
2026-05-21 14:44:26.604 Please replace `use_container_width` with `width`.

`use_container_width` will be removed after 2025-12-31.

For `use_container_width=True`, use `width='stretch'`. For `use_container_width=False`, use `width='content'`.
2026-05-21 14:44:26.684 Please replace `st.components.v1.html` with `st.iframe`.

`st.components.v1.html` will be removed after 2026-06-01.
2026-05-21 14:44:26.797 Please replace `use_container_width` with `width`.

`use_container_width` will be removed after 2025-12-31.

For `use_container_width=True`, use `width='stretch'`. For `use_container_width=False`, use `width='content'`.
2026-05-21 14:44:28.403 Please replace `use_container_width` with `width`.

`use_container_width` will be removed after 2025-12-31.

For `use_container_width=True`, use `width='stretch'`. For `use_container_width=False`, use `width='content'`.
2026-05-21 14:44:28.510 Please replace `use_container_width` with `width`.

`use_container_width` will be removed after 2025-12-31.

For `use_container_width=True`, use `width='stretch'`. For `use_container_width=False`, use `width='content'`.
2026-05-21 14:44:28.617 Please replace `use_container_width` with `width`.

`use_container_width` will be removed after 2025-12-31.

For `use_container_width=True`, use `width='stretch'`. For `use_container_width=False`, use `width='content'`.
2026-05-21 14:44:28.689 Please replace `st.components.v1.html` with `st.iframe`.

`st.components.v1.html` will be removed after 2026-06-01.
2026-05-21 14:44:28.823 Please replace `use_container_width` with `width`.

`use_container_width` will be removed after 2025-12-31.

For `use_container_width=True`, use `width='stretch'`. For `use_container_width=False`, use `width='content'`.
2026-05-21 14:44:30.387 Please replace `use_container_width` with `width`.

`use_container_width` will be removed after 2025-12-31.

For `use_container_width=True`, use `width='stretch'`. For `use_container_width=False`, use `width='content'`.
2026-05-21 14:44:30.485 Please replace `use_container_width` with `width`.

`use_container_width` will be removed after 2025-12-31.

For `use_container_width=True`, use `width='stretch'`. For `use_container_width=False`, use `width='content'`.
2026-05-21 14:44:30.594 Please replace `use_container_width` with `width`.

`use_container_width` will be removed after 2025-12-31.

For `use_container_width=True`, use `width='stretch'`. For `use_container_width=False`, use `width='content'`.
2026-05-21 14:44:30.681 Please replace `st.components.v1.html` with `st.iframe`.

`st.components.v1.html` will be removed after 2026-06-01.
2026-05-21 14:44:30.791 Please replace `use_container_width` with `width`.

`use_container_width` will be removed after 2025-12-31.

For `use_container_width=True`, use `width='stretch'`. For `use_container_width=False`, use `width='content'`.
2026-05-21 14:44:32.399 Please replace `use_container_width` with `width`.

`use_container_width` will be removed after 2025-12-31.

For `use_container_width=True`, use `width='stretch'`. For `use_container_width=False`, use `width='content'`.
2026-05-21 14:44:32.515 Please replace `use_container_width` with `width`.

`use_container_width` will be removed after 2025-12-31.

For `use_container_width=True`, use `width='stretch'`. For `use_container_width=False`, use `width='content'`.
2026-05-21 14:44:32.599 Please replace `use_container_width` with `width`.

`use_container_width` will be removed after 2025-12-31.

For `use_container_width=True`, use `width='stretch'`. For `use_container_width=False`, use `width='content'`.
2026-05-21 14:44:32.687 Please replace `st.components.v1.html` with `st.iframe`.

`st.components.v1.html` will be removed after 2026-06-01.
2026-05-21 14:44:32.780 Please replace `use_container_width` with `width`.

`use_container_width` will be removed after 2025-12-31.

For `use_container_width=True`, use `width='stretch'`. For `use_container_width=False`, use `width='content'`.
2026-05-21 14:44:34.382 Please replace `use_container_width` with `width`.

`use_container_width` will be removed after 2025-12-31.

For `use_container_width=True`, use `width='stretch'`. For `use_container_width=False`, use `width='content'`.
2026-05-21 14:44:34.479 Please replace `use_container_width` with `width`.

`use_container_width` will be removed after 2025-12-31.

For `use_container_width=True`, use `width='stretch'`. For `use_container_width=False`, use `width='content'`.
2026-05-21 14:44:34.590 Please replace `use_container_width` with `width`.

`use_container_width` will be removed after 2025-12-31.

For `use_container_width=True`, use `width='stretch'`. For `use_container_width=False`, use `width='content'`.
2026-05-21 14:44:34.659 Please replace `st.components.v1.html` with `st.iframe`.

`st.components.v1.html` will be removed after 2026-06-01.
2026-05-21 14:44:34.749 Please replace `use_container_width` with `width`.

`use_container_width` will be removed after 2025-12-31.

For `use_container_width=True`, use `width='stretch'`. For `use_container_width=False`, use `width='content'`.
2026-05-21 14:44:36.415 Please replace `use_container_width` with `width`.

`use_container_width` will be removed after 2025-12-31.

For `use_container_width=True`, use `width='stretch'`. For `use_container_width=False`, use `width='content'`.
2026-05-21 14:44:36.495 Please replace `use_container_width` with `width`.

`use_container_width` will be removed after 2025-12-31.

For `use_container_width=True`, use `width='stretch'`. For `use_container_width=False`, use `width='content'`.
2026-05-21 14:44:36.591 Please replace `use_container_width` with `width`.

`use_container_width` will be removed after 2025-12-31.

For `use_container_width=True`, use `width='stretch'`. For `use_container_width=False`, use `width='content'`.
2026-05-21 14:44:36.680 Please replace `st.components.v1.html` with `st.iframe`.

`st.components.v1.html` will be removed after 2026-06-01.
2026-05-21 14:44:36.761 Please replace `use_container_width` with `width`.

`use_container_width` will be removed after 2025-12-31.

For `use_container_width=True`, use `width='stretch'`. For `use_container_width=False`, use `width='content'`.
2026-05-21 14:44:38.380 Please replace `use_container_width` with `width`.

`use_container_width` will be removed after 2025-12-31.

For `use_container_width=True`, use `width='stretch'`. For `use_container_width=False`, use `width='content'`.
2026-05-21 14:44:38.486 Please replace `use_container_width` with `width`.

`use_container_width` will be removed after 2025-12-31.

For `use_container_width=True`, use `width='stretch'`. For `use_container_width=False`, use `width='content'`.
2026-05-21 14:44:38.582 Please replace `use_container_width` with `width`.

`use_container_width` will be removed after 2025-12-31.

For `use_container_width=True`, use `width='stretch'`. For `use_container_width=False`, use `width='content'`.
2026-05-21 14:44:38.664 Please replace `st.components.v1.html` with `st.iframe`.

`st.components.v1.html` will be removed after 2026-06-01.
2026-05-21 14:44:38.745 Please replace `use_container_width` with `width`.

`use_container_width` will be removed after 2025-12-31.

For `use_container_width=True`, use `width='stretch'`. For `use_container_width=False`, use `width='content'`.
2026-05-21 14:44:40.408 Please replace `use_container_width` with `width`.

`use_container_width` will be removed after 2025-12-31.

For `use_container_width=True`, use `width='stretch'`. For `use_container_width=False`, use `width='content'`.
2026-05-21 14:44:40.513 Please replace `use_container_width` with `width`.

`use_container_width` will be removed after 2025-12-31.

For `use_container_width=True`, use `width='stretch'`. For `use_container_width=False`, use `width='content'`.
2026-05-21 14:44:40.610 Please replace `use_container_width` with `width`.

`use_container_width` will be removed after 2025-12-31.

For `use_container_width=True`, use `width='stretch'`. For `use_container_width=False`, use `width='content'`.
2026-05-21 14:44:40.695 Please replace `st.components.v1.html` with `st.iframe`.

`st.components.v1.html` will be removed after 2026-06-01.
2026-05-21 14:44:40.799 Please replace `use_container_width` with `width`.

`use_container_width` will be removed after 2025-12-31.

For `use_container_width=True`, use `width='stretch'`. For `use_container_width=False`, use `width='content'`.
2026-05-21 14:44:42.379 Please replace `use_container_width` with `width`.

`use_container_width` will be removed after 2025-12-31.

For `use_container_width=True`, use `width='stretch'`. For `use_container_width=False`, use `width='content'`.
2026-05-21 14:44:42.485 Please replace `use_container_width` with `width`.

`use_container_width` will be removed after 2025-12-31.

For `use_container_width=True`, use `width='stretch'`. For `use_container_width=False`, use `width='content'`.
2026-05-21 14:44:42.603 Please replace `use_container_width` with `width`.

`use_container_width` will be removed after 2025-12-31.

For `use_container_width=True`, use `width='stretch'`. For `use_container_width=False`, use `width='content'`.
2026-05-21 14:44:42.675 Please replace `st.components.v1.html` with `st.iframe`.

`st.components.v1.html` will be removed after 2026-06-01.
2026-05-21 14:44:42.787 Please replace `use_container_width` with `width`.

`use_container_width` will be removed after 2025-12-31.

For `use_container_width=True`, use `width='stretch'`. For `use_container_width=False`, use `width='content'`.
2026-05-21 14:44:44.442 Please replace `use_container_width` with `width`.

`use_container_width` will be removed after 2025-12-31.

For `use_container_width=True`, use `width='stretch'`. For `use_container_width=False`, use `width='content'`.
2026-05-21 14:44:44.532 Please replace `use_container_width` with `width`.

`use_container_width` will be removed after 2025-12-31.

For `use_container_width=True`, use `width='stretch'`. For `use_container_width=False`, use `width='content'`.
2026-05-21 14:44:44.668 Please replace `use_container_width` with `width`.

`use_container_width` will be removed after 2025-12-31.

For `use_container_width=True`, use `width='stretch'`. For `use_container_width=False`, use `width='content'`.
2026-05-21 14:44:44.749 Please replace `st.components.v1.html` with `st.iframe`.

`st.components.v1.html` will be removed after 2026-06-01.
2026-05-21 14:44:44.838 Please replace `use_container_width` with `width`.

`use_container_width` will be removed after 2025-12-31.

For `use_container_width=True`, use `width='stretch'`. For `use_container_width=False`, use `width='content'`.
2026-05-21 14:44:46.378 Please replace `use_container_width` with `width`.

`use_container_width` will be removed after 2025-12-31.

For `use_container_width=True`, use `width='stretch'`. For `use_container_width=False`, use `width='content'`.
2026-05-21 14:44:46.483 Please replace `use_container_width` with `width`.

`use_container_width` will be removed after 2025-12-31.

For `use_container_width=True`, use `width='stretch'`. For `use_container_width=False`, use `width='content'`.
2026-05-21 14:44:46.601 Please replace `use_container_width` with `width`.

`use_container_width` will be removed after 2025-12-31.

For `use_container_width=True`, use `width='stretch'`. For `use_container_width=False`, use `width='content'`.
2026-05-21 14:44:46.677 Please replace `st.components.v1.html` with `st.iframe`.

`st.components.v1.html` will be removed after 2026-06-01.
2026-05-21 14:44:46.768 Please replace `use_container_width` with `width`.

`use_container_width` will be removed after 2025-12-31.

For `use_container_width=True`, use `width='stretch'`. For `use_container_width=False`, use `width='content'`.
2026-05-21 14:44:48.406 Please replace `use_container_width` with `width`.

`use_container_width` will be removed after 2025-12-31.

For `use_container_width=True`, use `width='stretch'`. For `use_container_width=False`, use `width='content'`.
2026-05-21 14:44:48.507 Please replace `use_container_width` with `width`.

`use_container_width` will be removed after 2025-12-31.

For `use_container_width=True`, use `width='stretch'`. For `use_container_width=False`, use `width='content'`.
2026-05-21 14:44:48.618 Please replace `use_container_width` with `width`.

`use_container_width` will be removed after 2025-12-31.

For `use_container_width=True`, use `width='stretch'`. For `use_container_width=False`, use `width='content'`.
2026-05-21 14:44:48.690 Please replace `st.components.v1.html` with `st.iframe`.

`st.components.v1.html` will be removed after 2026-06-01.
2026-05-21 14:44:48.791 Please replace `use_container_width` with `width`.

`use_container_width` will be removed after 2025-12-31.

For `use_container_width=True`, use `width='stretch'`. For `use_container_width=False`, use `width='content'`.
2026-05-21 14:44:50.387 Please replace `use_container_width` with `width`.

`use_container_width` will be removed after 2025-12-31.

For `use_container_width=True`, use `width='stretch'`. For `use_container_width=False`, use `width='content'`.
2026-05-21 14:44:50.488 Please replace `use_container_width` with `width`.

`use_container_width` will be removed after 2025-12-31.

For `use_container_width=True`, use `width='stretch'`. For `use_container_width=False`, use `width='content'`.
2026-05-21 14:44:50.605 Please replace `use_container_width` with `width`.

`use_container_width` will be removed after 2025-12-31.

For `use_container_width=True`, use `width='stretch'`. For `use_container_width=False`, use `width='content'`.
2026-05-21 14:44:50.686 Please replace `st.components.v1.html` with `st.iframe`.

`st.components.v1.html` will be removed after 2026-06-01.
2026-05-21 14:44:50.771 Please replace `use_container_width` with `width`.

`use_container_width` will be removed after 2025-12-31.

For `use_container_width=True`, use `width='stretch'`. For `use_container_width=False`, use `width='content'`.
2026-05-21 14:44:52.404 Please replace `use_container_width` with `width`.

`use_container_width` will be removed after 2025-12-31.

For `use_container_width=True`, use `width='stretch'`. For `use_container_width=False`, use `width='content'`.
2026-05-21 14:44:52.515 Please replace `use_container_width` with `width`.

`use_container_width` will be removed after 2025-12-31.

For `use_container_width=True`, use `width='stretch'`. For `use_container_width=False`, use `width='content'`.
2026-05-21 14:44:52.629 Please replace `use_container_width` with `width`.

`use_container_width` will be removed after 2025-12-31.

For `use_container_width=True`, use `width='stretch'`. For `use_container_width=False`, use `width='content'`.
2026-05-21 14:44:52.709 Please replace `st.components.v1.html` with `st.iframe`.

`st.components.v1.html` will be removed after 2026-06-01.
2026-05-21 14:44:52.825 Please replace `use_container_width` with `width`.

`use_container_width` will be removed after 2025-12-31.

For `use_container_width=True`, use `width='stretch'`. For `use_container_width=False`, use `width='content'`.
2026-05-21 14:44:54.386 Please replace `use_container_width` with `width`.

`use_container_width` will be removed after 2025-12-31.

For `use_container_width=True`, use `width='stretch'`. For `use_container_width=False`, use `width='content'`.
2026-05-21 14:44:54.483 Please replace `use_container_width` with `width`.

`use_container_width` will be removed after 2025-12-31.

For `use_container_width=True`, use `width='stretch'`. For `use_container_width=False`, use `width='content'`.
2026-05-21 14:44:54.586 Please replace `use_container_width` with `width`.

`use_container_width` will be removed after 2025-12-31.

For `use_container_width=True`, use `width='stretch'`. For `use_container_width=False`, use `width='content'`.
2026-05-21 14:44:54.664 Please replace `st.components.v1.html` with `st.iframe`.

`st.components.v1.html` will be removed after 2026-06-01.
2026-05-21 14:44:54.773 Please replace `use_container_width` with `width`.

`use_container_width` will be removed after 2025-12-31.

For `use_container_width=True`, use `width='stretch'`. For `use_container_width=False`, use `width='content'`.
2026-05-21 14:44:56.392 Please replace `use_container_width` with `width`.

`use_container_width` will be removed after 2025-12-31.

For `use_container_width=True`, use `width='stretch'`. For `use_container_width=False`, use `width='content'`.
2026-05-21 14:44:56.489 Please replace `use_container_width` with `width`.

`use_container_width` will be removed after 2025-12-31.

For `use_container_width=True`, use `width='stretch'`. For `use_container_width=False`, use `width='content'`.
2026-05-21 14:44:56.617 Please replace `use_container_width` with `width`.

`use_container_width` will be removed after 2025-12-31.

For `use_container_width=True`, use `width='stretch'`. For `use_container_width=False`, use `width='content'`.
2026-05-21 14:44:56.693 Please replace `st.components.v1.html` with `st.iframe`.

`st.components.v1.html` will be removed after 2026-06-01.
2026-05-21 14:44:56.796 Please replace `use_container_width` with `width`.

`use_container_width` will be removed after 2025-12-31.

For `use_container_width=True`, use `width='stretch'`. For `use_container_width=False`, use `width='content'`.
2026-05-21 14:44:58.385 Please replace `use_container_width` with `width`.

`use_container_width` will be removed after 2025-12-31.

For `use_container_width=True`, use `width='stretch'`. For `use_container_width=False`, use `width='content'`.
2026-05-21 14:44:58.498 Please replace `use_container_width` with `width`.

`use_container_width` will be removed after 2025-12-31.

For `use_container_width=True`, use `width='stretch'`. For `use_container_width=False`, use `width='content'`.
2026-05-21 14:44:58.588 Please replace `use_container_width` with `width`.

`use_container_width` will be removed after 2025-12-31.

For `use_container_width=True`, use `width='stretch'`. For `use_container_width=False`, use `width='content'`.
2026-05-21 14:44:58.666 Please replace `st.components.v1.html` with `st.iframe`.

`st.components.v1.html` will be removed after 2026-06-01.
2026-05-21 14:44:58.752 Please replace `use_container_width` with `width`.

`use_container_width` will be removed after 2025-12-31.

For `use_container_width=True`, use `width='stretch'`. For `use_container_width=False`, use `width='content'`.
2026-05-21 14:45:00.484 Please replace `use_container_width` with `width`.

`use_container_width` will be removed after 2025-12-31.

For `use_container_width=True`, use `width='stretch'`. For `use_container_width=False`, use `width='content'`.
2026-05-21 14:45:00.579 Please replace `use_container_width` with `width`.

`use_container_width` will be removed after 2025-12-31.

For `use_container_width=True`, use `width='stretch'`. For `use_container_width=False`, use `width='content'`.
2026-05-21 14:45:00.675 Please replace `use_container_width` with `width`.

`use_container_width` will be removed after 2025-12-31.

For `use_container_width=True`, use `width='stretch'`. For `use_container_width=False`, use `width='content'`.
2026-05-21 14:45:00.773 Please replace `st.components.v1.html` with `st.iframe`.

`st.components.v1.html` will be removed after 2026-06-01.
2026-05-21 14:45:00.884 Please replace `use_container_width` with `width`.

`use_container_width` will be removed after 2025-12-31.

For `use_container_width=True`, use `width='stretch'`. For `use_container_width=False`, use `width='content'`.
2026-05-21 14:45:02.390 Please replace `use_container_width` with `width`.

`use_container_width` will be removed after 2025-12-31.

For `use_container_width=True`, use `width='stretch'`. For `use_container_width=False`, use `width='content'`.
2026-05-21 14:45:02.493 Please replace `use_container_width` with `width`.

`use_container_width` will be removed after 2025-12-31.

For `use_container_width=True`, use `width='stretch'`. For `use_container_width=False`, use `width='content'`.
2026-05-21 14:45:02.624 Please replace `use_container_width` with `width`.

`use_container_width` will be removed after 2025-12-31.

For `use_container_width=True`, use `width='stretch'`. For `use_container_width=False`, use `width='content'`.
2026-05-21 14:45:02.692 Please replace `st.components.v1.html` with `st.iframe`.

`st.components.v1.html` will be removed after 2026-06-01.
2026-05-21 14:45:02.788 Please replace `use_container_width` with `width`.

`use_container_width` will be removed after 2025-12-31.

For `use_container_width=True`, use `width='stretch'`. For `use_container_width=False`, use `width='content'`.
2026-05-21 14:45:04.397 Please replace `use_container_width` with `width`.

`use_container_width` will be removed after 2025-12-31.

For `use_container_width=True`, use `width='stretch'`. For `use_container_width=False`, use `width='content'`.
2026-05-21 14:45:04.514 Please replace `use_container_width` with `width`.

`use_container_width` will be removed after 2025-12-31.

For `use_container_width=True`, use `width='stretch'`. For `use_container_width=False`, use `width='content'`.
2026-05-21 14:45:04.628 Please replace `use_container_width` with `width`.

`use_container_width` will be removed after 2025-12-31.

For `use_container_width=True`, use `width='stretch'`. For `use_container_width=False`, use `width='content'`.
2026-05-21 14:45:04.706 Please replace `st.components.v1.html` with `st.iframe`.

`st.components.v1.html` will be removed after 2026-06-01.
2026-05-21 14:45:04.804 Please replace `use_container_width` with `width`.

`use_container_width` will be removed after 2025-12-31.

For `use_container_width=True`, use `width='stretch'`. For `use_container_width=False`, use `width='content'`.
2026-05-21 14:45:06.382 Please replace `use_container_width` with `width`.

`use_container_width` will be removed after 2025-12-31.

For `use_container_width=True`, use `width='stretch'`. For `use_container_width=False`, use `width='content'`.
2026-05-21 14:45:06.477 Please replace `use_container_width` with `width`.

`use_container_width` will be removed after 2025-12-31.

For `use_container_width=True`, use `width='stretch'`. For `use_container_width=False`, use `width='content'`.
2026-05-21 14:45:06.590 Please replace `use_container_width` with `width`.

`use_container_width` will be removed after 2025-12-31.

For `use_container_width=True`, use `width='stretch'`. For `use_container_width=False`, use `width='content'`.
2026-05-21 14:45:06.672 Please replace `st.components.v1.html` with `st.iframe`.

`st.components.v1.html` will be removed after 2026-06-01.
2026-05-21 14:45:06.777 Please replace `use_container_width` with `width`.

`use_container_width` will be removed after 2025-12-31.

For `use_container_width=True`, use `width='stretch'`. For `use_container_width=False`, use `width='content'`.
2026-05-21 14:45:08.400 Please replace `use_container_width` with `width`.

`use_container_width` will be removed after 2025-12-31.

For `use_container_width=True`, use `width='stretch'`. For `use_container_width=False`, use `width='content'`.
2026-05-21 14:45:08.499 Please replace `use_container_width` with `width`.

`use_container_width` will be removed after 2025-12-31.

For `use_container_width=True`, use `width='stretch'`. For `use_container_width=False`, use `width='content'`.
2026-05-21 14:45:08.588 Please replace `use_container_width` with `width`.

`use_container_width` will be removed after 2025-12-31.

For `use_container_width=True`, use `width='stretch'`. For `use_container_width=False`, use `width='content'`.
2026-05-21 14:45:08.668 Please replace `st.components.v1.html` with `st.iframe`.

`st.components.v1.html` will be removed after 2026-06-01.
2026-05-21 14:45:08.747 Please replace `use_container_width` with `width`.

`use_container_width` will be removed after 2025-12-31.

For `use_container_width=True`, use `width='stretch'`. For `use_container_width=False`, use `width='content'`.
2026-05-21 14:45:10.394 Please replace `use_container_width` with `width`.

`use_container_width` will be removed after 2025-12-31.

For `use_container_width=True`, use `width='stretch'`. For `use_container_width=False`, use `width='content'`.
2026-05-21 14:45:10.493 Please replace `use_container_width` with `width`.

`use_container_width` will be removed after 2025-12-31.

For `use_container_width=True`, use `width='stretch'`. For `use_container_width=False`, use `width='content'`.
2026-05-21 14:45:10.606 Please replace `use_container_width` with `width`.

`use_container_width` will be removed after 2025-12-31.

For `use_container_width=True`, use `width='stretch'`. For `use_container_width=False`, use `width='content'`.
2026-05-21 14:45:10.717 Please replace `st.components.v1.html` with `st.iframe`.

`st.components.v1.html` will be removed after 2026-06-01.
2026-05-21 14:45:10.902 Please replace `use_container_width` with `width`.

`use_container_width` will be removed after 2025-12-31.

For `use_container_width=True`, use `width='stretch'`. For `use_container_width=False`, use `width='content'`.
2026-05-21 14:45:12.407 Please replace `use_container_width` with `width`.

`use_container_width` will be removed after 2025-12-31.

For `use_container_width=True`, use `width='stretch'`. For `use_container_width=False`, use `width='content'`.
2026-05-21 14:45:12.502 Please replace `use_container_width` with `width`.

`use_container_width` will be removed after 2025-12-31.

For `use_container_width=True`, use `width='stretch'`. For `use_container_width=False`, use `width='content'`.
2026-05-21 14:45:12.621 Please replace `use_container_width` with `width`.

`use_container_width` will be removed after 2025-12-31.

For `use_container_width=True`, use `width='stretch'`. For `use_container_width=False`, use `width='content'`.
2026-05-21 14:45:12.698 Please replace `st.components.v1.html` with `st.iframe`.

`st.components.v1.html` will be removed after 2026-06-01.
2026-05-21 14:45:12.790 Please replace `use_container_width` with `width`.

`use_container_width` will be removed after 2025-12-31.

For `use_container_width=True`, use `width='stretch'`. For `use_container_width=False`, use `width='content'`.
2026-05-21 14:45:14.383 Please replace `use_container_width` with `width`.

`use_container_width` will be removed after 2025-12-31.

For `use_container_width=True`, use `width='stretch'`. For `use_container_width=False`, use `width='content'`.
2026-05-21 14:45:14.491 Please replace `use_container_width` with `width`.

`use_container_width` will be removed after 2025-12-31.

For `use_container_width=True`, use `width='stretch'`. For `use_container_width=False`, use `width='content'`.
2026-05-21 14:45:14.595 Please replace `use_container_width` with `width`.

`use_container_width` will be removed after 2025-12-31.

For `use_container_width=True`, use `width='stretch'`. For `use_container_width=False`, use `width='content'`.
2026-05-21 14:45:14.647 Please replace `st.components.v1.html` with `st.iframe`.

`st.components.v1.html` will be removed after 2026-06-01.
2026-05-21 14:45:14.762 Please replace `use_container_width` with `width`.

`use_container_width` will be removed after 2025-12-31.

For `use_container_width=True`, use `width='stretch'`. For `use_container_width=False`, use `width='content'`.
2026-05-21 14:45:16.403 Please replace `use_container_width` with `width`.

`use_container_width` will be removed after 2025-12-31.

For `use_container_width=True`, use `width='stretch'`. For `use_container_width=False`, use `width='content'`.
2026-05-21 14:45:16.523 Please replace `use_container_width` with `width`.

`use_container_width` will be removed after 2025-12-31.

For `use_container_width=True`, use `width='stretch'`. For `use_container_width=False`, use `width='content'`.
2026-05-21 14:45:16.632 Please replace `use_container_width` with `width`.

`use_container_width` will be removed after 2025-12-31.

For `use_container_width=True`, use `width='stretch'`. For `use_container_width=False`, use `width='content'`.
2026-05-21 14:45:16.715 Please replace `st.components.v1.html` with `st.iframe`.

`st.components.v1.html` will be removed after 2026-06-01.
2026-05-21 14:45:16.831 Please replace `use_container_width` with `width`.

`use_container_width` will be removed after 2025-12-31.

For `use_container_width=True`, use `width='stretch'`. For `use_container_width=False`, use `width='content'`.
2026-05-21 14:45:18.380 Please replace `use_container_width` with `width`.

`use_container_width` will be removed after 2025-12-31.

For `use_container_width=True`, use `width='stretch'`. For `use_container_width=False`, use `width='content'`.
2026-05-21 14:45:18.484 Please replace `use_container_width` with `width`.

`use_container_width` will be removed after 2025-12-31.

For `use_container_width=True`, use `width='stretch'`. For `use_container_width=False`, use `width='content'`.
2026-05-21 14:45:18.607 Please replace `use_container_width` with `width`.

`use_container_width` will be removed after 2025-12-31.

For `use_container_width=True`, use `width='stretch'`. For `use_container_width=False`, use `width='content'`.
2026-05-21 14:45:18.675 Please replace `st.components.v1.html` with `st.iframe`.

`st.components.v1.html` will be removed after 2026-06-01.
2026-05-21 14:45:18.799 Please replace `use_container_width` with `width`.

`use_container_width` will be removed after 2025-12-31.

For `use_container_width=True`, use `width='stretch'`. For `use_container_width=False`, use `width='content'`.
2026-05-21 14:45:20.411 Please replace `use_container_width` with `width`.

`use_container_width` will be removed after 2025-12-31.

For `use_container_width=True`, use `width='stretch'`. For `use_container_width=False`, use `width='content'`.
2026-05-21 14:45:20.507 Please replace `use_container_width` with `width`.

`use_container_width` will be removed after 2025-12-31.

For `use_container_width=True`, use `width='stretch'`. For `use_container_width=False`, use `width='content'`.
2026-05-21 14:45:20.604 Please replace `use_container_width` with `width`.

`use_container_width` will be removed after 2025-12-31.

For `use_container_width=True`, use `width='stretch'`. For `use_container_width=False`, use `width='content'`.
2026-05-21 14:45:20.687 Please replace `st.components.v1.html` with `st.iframe`.

`st.components.v1.html` will be removed after 2026-06-01.
2026-05-21 14:45:20.790 Please replace `use_container_width` with `width`.

`use_container_width` will be removed after 2025-12-31.

For `use_container_width=True`, use `width='stretch'`. For `use_container_width=False`, use `width='content'`.
2026-05-21 14:45:22.388 Please replace `use_container_width` with `width`.

`use_container_width` will be removed after 2025-12-31.

For `use_container_width=True`, use `width='stretch'`. For `use_container_width=False`, use `width='content'`.
2026-05-21 14:45:22.474 Please replace `use_container_width` with `width`.

`use_container_width` will be removed after 2025-12-31.

For `use_container_width=True`, use `width='stretch'`. For `use_container_width=False`, use `width='content'`.
2026-05-21 14:45:22.604 Please replace `use_container_width` with `width`.

`use_container_width` will be removed after 2025-12-31.

For `use_container_width=True`, use `width='stretch'`. For `use_container_width=False`, use `width='content'`.
2026-05-21 14:45:22.719 Please replace `st.components.v1.html` with `st.iframe`.

`st.components.v1.html` will be removed after 2026-06-01.
2026-05-21 14:45:22.813 Please replace `use_container_width` with `width`.

`use_container_width` will be removed after 2025-12-31.

For `use_container_width=True`, use `width='stretch'`. For `use_container_width=False`, use `width='content'`.
2026-05-21 14:45:24.426 Please replace `use_container_width` with `width`.

`use_container_width` will be removed after 2025-12-31.

For `use_container_width=True`, use `width='stretch'`. For `use_container_width=False`, use `width='content'`.
2026-05-21 14:45:24.512 Please replace `use_container_width` with `width`.

`use_container_width` will be removed after 2025-12-31.

For `use_container_width=True`, use `width='stretch'`. For `use_container_width=False`, use `width='content'`.
2026-05-21 14:45:24.607 Please replace `use_container_width` with `width`.

`use_container_width` will be removed after 2025-12-31.

For `use_container_width=True`, use `width='stretch'`. For `use_container_width=False`, use `width='content'`.
2026-05-21 14:45:24.711 Please replace `st.components.v1.html` with `st.iframe`.

`st.components.v1.html` will be removed after 2026-06-01.
2026-05-21 14:45:24.790 Please replace `use_container_width` with `width`.

`use_container_width` will be removed after 2025-12-31.

For `use_container_width=True`, use `width='stretch'`. For `use_container_width=False`, use `width='content'`.
2026-05-21 14:45:26.383 Please replace `use_container_width` with `width`.

`use_container_width` will be removed after 2025-12-31.

For `use_container_width=True`, use `width='stretch'`. For `use_container_width=False`, use `width='content'`.
2026-05-21 14:45:26.481 Please replace `use_container_width` with `width`.

`use_container_width` will be removed after 2025-12-31.

For `use_container_width=True`, use `width='stretch'`. For `use_container_width=False`, use `width='content'`.
2026-05-21 14:45:26.595 Please replace `use_container_width` with `width`.

`use_container_width` will be removed after 2025-12-31.

For `use_container_width=True`, use `width='stretch'`. For `use_container_width=False`, use `width='content'`.
2026-05-21 14:45:26.700 Please replace `st.components.v1.html` with `st.iframe`.

`st.components.v1.html` will be removed after 2026-06-01.
2026-05-21 14:45:26.805 Please replace `use_container_width` with `width`.

`use_container_width` will be removed after 2025-12-31.

For `use_container_width=True`, use `width='stretch'`. For `use_container_width=False`, use `width='content'`.
2026-05-21 14:45:28.409 Please replace `use_container_width` with `width`.

`use_container_width` will be removed after 2025-12-31.

For `use_container_width=True`, use `width='stretch'`. For `use_container_width=False`, use `width='content'`.
2026-05-21 14:45:28.515 Please replace `use_container_width` with `width`.

`use_container_width` will be removed after 2025-12-31.

For `use_container_width=True`, use `width='stretch'`. For `use_container_width=False`, use `width='content'`.
2026-05-21 14:45:28.627 Please replace `use_container_width` with `width`.

`use_container_width` will be removed after 2025-12-31.

For `use_container_width=True`, use `width='stretch'`. For `use_container_width=False`, use `width='content'`.
2026-05-21 14:45:28.705 Please replace `st.components.v1.html` with `st.iframe`.

`st.components.v1.html` will be removed after 2026-06-01.
2026-05-21 14:45:28.804 Please replace `use_container_width` with `width`.

`use_container_width` will be removed after 2025-12-31.

For `use_container_width=True`, use `width='stretch'`. For `use_container_width=False`, use `width='content'`.
2026-05-21 14:45:30.382 Please replace `use_container_width` with `width`.

`use_container_width` will be removed after 2025-12-31.

For `use_container_width=True`, use `width='stretch'`. For `use_container_width=False`, use `width='content'`.
2026-05-21 14:45:30.477 Please replace `use_container_width` with `width`.

`use_container_width` will be removed after 2025-12-31.

For `use_container_width=True`, use `width='stretch'`. For `use_container_width=False`, use `width='content'`.
2026-05-21 14:45:30.580 Please replace `use_container_width` with `width`.

`use_container_width` will be removed after 2025-12-31.

For `use_container_width=True`, use `width='stretch'`. For `use_container_width=False`, use `width='content'`.
2026-05-21 14:45:30.657 Please replace `st.components.v1.html` with `st.iframe`.

`st.components.v1.html` will be removed after 2026-06-01.
2026-05-21 14:45:30.755 Please replace `use_container_width` with `width`.

`use_container_width` will be removed after 2025-12-31.

For `use_container_width=True`, use `width='stretch'`. For `use_container_width=False`, use `width='content'`.
2026-05-21 14:45:32.398 Please replace `use_container_width` with `width`.

`use_container_width` will be removed after 2025-12-31.

For `use_container_width=True`, use `width='stretch'`. For `use_container_width=False`, use `width='content'`.
2026-05-21 14:45:32.494 Please replace `use_container_width` with `width`.

`use_container_width` will be removed after 2025-12-31.

For `use_container_width=True`, use `width='stretch'`. For `use_container_width=False`, use `width='content'`.
2026-05-21 14:45:32.599 Please replace `use_container_width` with `width`.

`use_container_width` will be removed after 2025-12-31.

For `use_container_width=True`, use `width='stretch'`. For `use_container_width=False`, use `width='content'`.
2026-05-21 14:45:32.692 Please replace `st.components.v1.html` with `st.iframe`.

`st.components.v1.html` will be removed after 2026-06-01.
2026-05-21 14:45:32.794 Please replace `use_container_width` with `width`.

`use_container_width` will be removed after 2025-12-31.

For `use_container_width=True`, use `width='stretch'`. For `use_container_width=False`, use `width='content'`.
2026-05-21 14:45:34.393 Please replace `use_container_width` with `width`.

`use_container_width` will be removed after 2025-12-31.

For `use_container_width=True`, use `width='stretch'`. For `use_container_width=False`, use `width='content'`.
2026-05-21 14:45:34.484 Please replace `use_container_width` with `width`.

`use_container_width` will be removed after 2025-12-31.

For `use_container_width=True`, use `width='stretch'`. For `use_container_width=False`, use `width='content'`.
2026-05-21 14:45:34.599 Please replace `use_container_width` with `width`.

`use_container_width` will be removed after 2025-12-31.

For `use_container_width=True`, use `width='stretch'`. For `use_container_width=False`, use `width='content'`.
2026-05-21 14:45:34.679 Please replace `st.components.v1.html` with `st.iframe`.

`st.components.v1.html` will be removed after 2026-06-01.
2026-05-21 14:45:34.771 Please replace `use_container_width` with `width`.

`use_container_width` will be removed after 2025-12-31.

For `use_container_width=True`, use `width='stretch'`. For `use_container_width=False`, use `width='content'`.
2026-05-21 14:45:36.407 Please replace `use_container_width` with `width`.

`use_container_width` will be removed after 2025-12-31.

For `use_container_width=True`, use `width='stretch'`. For `use_container_width=False`, use `width='content'`.
2026-05-21 14:45:36.508 Please replace `use_container_width` with `width`.

`use_container_width` will be removed after 2025-12-31.

For `use_container_width=True`, use `width='stretch'`. For `use_container_width=False`, use `width='content'`.
2026-05-21 14:45:36.614 Please replace `use_container_width` with `width`.

`use_container_width` will be removed after 2025-12-31.

For `use_container_width=True`, use `width='stretch'`. For `use_container_width=False`, use `width='content'`.
2026-05-21 14:45:36.693 Please replace `st.components.v1.html` with `st.iframe`.

`st.components.v1.html` will be removed after 2026-06-01.
2026-05-21 14:45:36.803 Please replace `use_container_width` with `width`.

`use_container_width` will be removed after 2025-12-31.

For `use_container_width=True`, use `width='stretch'`. For `use_container_width=False`, use `width='content'`.
2026-05-21 14:45:38.382 Please replace `use_container_width` with `width`.

`use_container_width` will be removed after 2025-12-31.

For `use_container_width=True`, use `width='stretch'`. For `use_container_width=False`, use `width='content'`.
2026-05-21 14:45:38.467 Please replace `use_container_width` with `width`.

`use_container_width` will be removed after 2025-12-31.

For `use_container_width=True`, use `width='stretch'`. For `use_container_width=False`, use `width='content'`.
2026-05-21 14:45:38.576 Please replace `use_container_width` with `width`.

`use_container_width` will be removed after 2025-12-31.

For `use_container_width=True`, use `width='stretch'`. For `use_container_width=False`, use `width='content'`.
2026-05-21 14:45:38.664 Please replace `st.components.v1.html` with `st.iframe`.

`st.components.v1.html` will be removed after 2026-06-01.
2026-05-21 14:45:38.753 Please replace `use_container_width` with `width`.

`use_container_width` will be removed after 2025-12-31.

For `use_container_width=True`, use `width='stretch'`. For `use_container_width=False`, use `width='content'`.
2026-05-21 14:45:40.404 Please replace `use_container_width` with `width`.

`use_container_width` will be removed after 2025-12-31.

For `use_container_width=True`, use `width='stretch'`. For `use_container_width=False`, use `width='content'`.
2026-05-21 14:45:40.510 Please replace `use_container_width` with `width`.

`use_container_width` will be removed after 2025-12-31.

For `use_container_width=True`, use `width='stretch'`. For `use_container_width=False`, use `width='content'`.
2026-05-21 14:45:40.625 Please replace `use_container_width` with `width`.

`use_container_width` will be removed after 2025-12-31.

For `use_container_width=True`, use `width='stretch'`. For `use_container_width=False`, use `width='content'`.
2026-05-21 14:45:40.693 Please replace `st.components.v1.html` with `st.iframe`.

`st.components.v1.html` will be removed after 2026-06-01.
2026-05-21 14:45:40.802 Please replace `use_container_width` with `width`.

`use_container_width` will be removed after 2025-12-31.

For `use_container_width=True`, use `width='stretch'`. For `use_container_width=False`, use `width='content'`.
2026-05-21 14:45:42.434 Please replace `use_container_width` with `width`.

`use_container_width` will be removed after 2025-12-31.

For `use_container_width=True`, use `width='stretch'`. For `use_container_width=False`, use `width='content'`.
2026-05-21 14:45:42.525 Please replace `use_container_width` with `width`.

`use_container_width` will be removed after 2025-12-31.

For `use_container_width=True`, use `width='stretch'`. For `use_container_width=False`, use `width='content'`.
2026-05-21 14:45:42.618 Please replace `use_container_width` with `width`.

`use_container_width` will be removed after 2025-12-31.

For `use_container_width=True`, use `width='stretch'`. For `use_container_width=False`, use `width='content'`.
2026-05-21 14:45:42.710 Please replace `st.components.v1.html` with `st.iframe`.

`st.components.v1.html` will be removed after 2026-06-01.
2026-05-21 14:45:42.806 Please replace `use_container_width` with `width`.

`use_container_width` will be removed after 2025-12-31.

For `use_container_width=True`, use `width='stretch'`. For `use_container_width=False`, use `width='content'`.
2026-05-21 14:45:44.404 Please replace `use_container_width` with `width`.

`use_container_width` will be removed after 2025-12-31.

For `use_container_width=True`, use `width='stretch'`. For `use_container_width=False`, use `width='content'`.
2026-05-21 14:45:44.510 Please replace `use_container_width` with `width`.

`use_container_width` will be removed after 2025-12-31.

For `use_container_width=True`, use `width='stretch'`. For `use_container_width=False`, use `width='content'`.
2026-05-21 14:45:44.634 Please replace `use_container_width` with `width`.

`use_container_width` will be removed after 2025-12-31.

For `use_container_width=True`, use `width='stretch'`. For `use_container_width=False`, use `width='content'`.
2026-05-21 14:45:44.704 Please replace `st.components.v1.html` with `st.iframe`.

`st.components.v1.html` will be removed after 2026-06-01.
2026-05-21 14:45:44.810 Please replace `use_container_width` with `width`.

`use_container_width` will be removed after 2025-12-31.

For `use_container_width=True`, use `width='stretch'`. For `use_container_width=False`, use `width='content'`.
2026-05-21 14:45:46.383 Please replace `use_container_width` with `width`.

`use_container_width` will be removed after 2025-12-31.

For `use_container_width=True`, use `width='stretch'`. For `use_container_width=False`, use `width='content'`.
2026-05-21 14:45:46.489 Please replace `use_container_width` with `width`.

`use_container_width` will be removed after 2025-12-31.

For `use_container_width=True`, use `width='stretch'`. For `use_container_width=False`, use `width='content'`.
2026-05-21 14:45:46.589 Please replace `use_container_width` with `width`.

`use_container_width` will be removed after 2025-12-31.

For `use_container_width=True`, use `width='stretch'`. For `use_container_width=False`, use `width='content'`.
2026-05-21 14:45:46.655 Please replace `st.components.v1.html` with `st.iframe`.

`st.components.v1.html` will be removed after 2026-06-01.
2026-05-21 14:45:46.755 Please replace `use_container_width` with `width`.

`use_container_width` will be removed after 2025-12-31.

For `use_container_width=True`, use `width='stretch'`. For `use_container_width=False`, use `width='content'`.
2026-05-21 14:45:48.400 Please replace `use_container_width` with `width`.

`use_container_width` will be removed after 2025-12-31.

For `use_container_width=True`, use `width='stretch'`. For `use_container_width=False`, use `width='content'`.
2026-05-21 14:45:48.499 Please replace `use_container_width` with `width`.

`use_container_width` will be removed after 2025-12-31.

For `use_container_width=True`, use `width='stretch'`. For `use_container_width=False`, use `width='content'`.
2026-05-21 14:45:48.612 Please replace `use_container_width` with `width`.

`use_container_width` will be removed after 2025-12-31.

For `use_container_width=True`, use `width='stretch'`. For `use_container_width=False`, use `width='content'`.
2026-05-21 14:45:48.686 Please replace `st.components.v1.html` with `st.iframe`.

`st.components.v1.html` will be removed after 2026-06-01.
2026-05-21 14:45:48.800 Please replace `use_container_width` with `width`.

`use_container_width` will be removed after 2025-12-31.

For `use_container_width=True`, use `width='stretch'`. For `use_container_width=False`, use `width='content'`.
2026-05-21 14:45:50.381 Please replace `use_container_width` with `width`.

`use_container_width` will be removed after 2025-12-31.

For `use_container_width=True`, use `width='stretch'`. For `use_container_width=False`, use `width='content'`.
2026-05-21 14:45:50.476 Please replace `use_container_width` with `width`.

`use_container_width` will be removed after 2025-12-31.

For `use_container_width=True`, use `width='stretch'`. For `use_container_width=False`, use `width='content'`.
2026-05-21 14:45:50.572 Please replace `use_container_width` with `width`.

`use_container_width` will be removed after 2025-12-31.

For `use_container_width=True`, use `width='stretch'`. For `use_container_width=False`, use `width='content'`.
2026-05-21 14:45:50.654 Please replace `st.components.v1.html` with `st.iframe`.

`st.components.v1.html` will be removed after 2026-06-01.
2026-05-21 14:45:50.757 Please replace `use_container_width` with `width`.

`use_container_width` will be removed after 2025-12-31.

For `use_container_width=True`, use `width='stretch'`. For `use_container_width=False`, use `width='content'`.
2026-05-21 14:45:52.405 Please replace `use_container_width` with `width`.

`use_container_width` will be removed after 2025-12-31.

For `use_container_width=True`, use `width='stretch'`. For `use_container_width=False`, use `width='content'`.
2026-05-21 14:45:52.504 Please replace `use_container_width` with `width`.

`use_container_width` will be removed after 2025-12-31.

For `use_container_width=True`, use `width='stretch'`. For `use_container_width=False`, use `width='content'`.
2026-05-21 14:45:52.630 Please replace `use_container_width` with `width`.

`use_container_width` will be removed after 2025-12-31.

For `use_container_width=True`, use `width='stretch'`. For `use_container_width=False`, use `width='content'`.
2026-05-21 14:45:52.727 Please replace `st.components.v1.html` with `st.iframe`.

`st.components.v1.html` will be removed after 2026-06-01.
2026-05-21 14:45:52.839 Please replace `use_container_width` with `width`.

`use_container_width` will be removed after 2025-12-31.

For `use_container_width=True`, use `width='stretch'`. For `use_container_width=False`, use `width='content'`.
2026-05-21 14:45:54.380 Please replace `use_container_width` with `width`.

`use_container_width` will be removed after 2025-12-31.

For `use_container_width=True`, use `width='stretch'`. For `use_container_width=False`, use `width='content'`.
2026-05-21 14:45:54.474 Please replace `use_container_width` with `width`.

`use_container_width` will be removed after 2025-12-31.

For `use_container_width=True`, use `width='stretch'`. For `use_container_width=False`, use `width='content'`.
2026-05-21 14:45:54.576 Please replace `use_container_width` with `width`.

`use_container_width` will be removed after 2025-12-31.

For `use_container_width=True`, use `width='stretch'`. For `use_container_width=False`, use `width='content'`.
2026-05-21 14:45:54.660 Please replace `st.components.v1.html` with `st.iframe`.

`st.components.v1.html` will be removed after 2026-06-01.
2026-05-21 14:45:54.770 Please replace `use_container_width` with `width`.

`use_container_width` will be removed after 2025-12-31.

For `use_container_width=True`, use `width='stretch'`. For `use_container_width=False`, use `width='content'`.
2026-05-21 14:45:56.401 Please replace `use_container_width` with `width`.

`use_container_width` will be removed after 2025-12-31.

For `use_container_width=True`, use `width='stretch'`. For `use_container_width=False`, use `width='content'`.
2026-05-21 14:45:56.508 Please replace `use_container_width` with `width`.

`use_container_width` will be removed after 2025-12-31.

For `use_container_width=True`, use `width='stretch'`. For `use_container_width=False`, use `width='content'`.
2026-05-21 14:45:56.662 Please replace `use_container_width` with `width`.

`use_container_width` will be removed after 2025-12-31.

For `use_container_width=True`, use `width='stretch'`. For `use_container_width=False`, use `width='content'`.
2026-05-21 14:45:56.772 Please replace `st.components.v1.html` with `st.iframe`.

`st.components.v1.html` will be removed after 2026-06-01.
2026-05-21 14:45:56.850 Please replace `use_container_width` with `width`.

`use_container_width` will be removed after 2025-12-31.

For `use_container_width=True`, use `width='stretch'`. For `use_container_width=False`, use `width='content'`.
2026-05-21 14:45:58.378 Please replace `use_container_width` with `width`.

`use_container_width` will be removed after 2025-12-31.

For `use_container_width=True`, use `width='stretch'`. For `use_container_width=False`, use `width='content'`.
2026-05-21 14:45:58.484 Please replace `use_container_width` with `width`.

`use_container_width` will be removed after 2025-12-31.

For `use_container_width=True`, use `width='stretch'`. For `use_container_width=False`, use `width='content'`.
2026-05-21 14:45:58.611 Please replace `use_container_width` with `width`.

`use_container_width` will be removed after 2025-12-31.

For `use_container_width=True`, use `width='stretch'`. For `use_container_width=False`, use `width='content'`.
2026-05-21 14:45:58.696 Please replace `st.components.v1.html` with `st.iframe`.

`st.components.v1.html` will be removed after 2026-06-01.
2026-05-21 14:45:58.798 Please replace `use_container_width` with `width`.

`use_container_width` will be removed after 2025-12-31.

For `use_container_width=True`, use `width='stretch'`. For `use_container_width=False`, use `width='content'`.
2026-05-21 14:46:00.403 Please replace `use_container_width` with `width`.

`use_container_width` will be removed after 2025-12-31.

For `use_container_width=True`, use `width='stretch'`. For `use_container_width=False`, use `width='content'`.
2026-05-21 14:46:00.493 Please replace `use_container_width` with `width`.

`use_container_width` will be removed after 2025-12-31.

For `use_container_width=True`, use `width='stretch'`. For `use_container_width=False`, use `width='content'`.
2026-05-21 14:46:00.602 Please replace `use_container_width` with `width`.

`use_container_width` will be removed after 2025-12-31.

For `use_container_width=True`, use `width='stretch'`. For `use_container_width=False`, use `width='content'`.
2026-05-21 14:46:00.677 Please replace `st.components.v1.html` with `st.iframe`.

`st.components.v1.html` will be removed after 2026-06-01.
2026-05-21 14:46:00.773 Please replace `use_container_width` with `width`.

`use_container_width` will be removed after 2025-12-31.

For `use_container_width=True`, use `width='stretch'`. For `use_container_width=False`, use `width='content'`.
2026-05-21 14:46:02.381 Please replace `use_container_width` with `width`.

`use_container_width` will be removed after 2025-12-31.

For `use_container_width=True`, use `width='stretch'`. For `use_container_width=False`, use `width='content'`.
2026-05-21 14:46:02.481 Please replace `use_container_width` with `width`.

`use_container_width` will be removed after 2025-12-31.

For `use_container_width=True`, use `width='stretch'`. For `use_container_width=False`, use `width='content'`.
2026-05-21 14:46:02.581 Please replace `use_container_width` with `width`.

`use_container_width` will be removed after 2025-12-31.

For `use_container_width=True`, use `width='stretch'`. For `use_container_width=False`, use `width='content'`.
2026-05-21 14:46:02.644 Please replace `st.components.v1.html` with `st.iframe`.

`st.components.v1.html` will be removed after 2026-06-01.
2026-05-21 14:46:02.736 Please replace `use_container_width` with `width`.

`use_container_width` will be removed after 2025-12-31.

For `use_container_width=True`, use `width='stretch'`. For `use_container_width=False`, use `width='content'`.
2026-05-21 14:46:04.401 Please replace `use_container_width` with `width`.

`use_container_width` will be removed after 2025-12-31.

For `use_container_width=True`, use `width='stretch'`. For `use_container_width=False`, use `width='content'`.
2026-05-21 14:46:04.489 Please replace `use_container_width` with `width`.

`use_container_width` will be removed after 2025-12-31.

For `use_container_width=True`, use `width='stretch'`. For `use_container_width=False`, use `width='content'`.
2026-05-21 14:46:04.595 Please replace `use_container_width` with `width`.

`use_container_width` will be removed after 2025-12-31.

For `use_container_width=True`, use `width='stretch'`. For `use_container_width=False`, use `width='content'`.
2026-05-21 14:46:04.666 Please replace `st.components.v1.html` with `st.iframe`.

`st.components.v1.html` will be removed after 2026-06-01.
2026-05-21 14:46:04.763 Please replace `use_container_width` with `width`.

`use_container_width` will be removed after 2025-12-31.

For `use_container_width=True`, use `width='stretch'`. For `use_container_width=False`, use `width='content'`.
2026-05-21 14:46:06.387 Please replace `use_container_width` with `width`.

`use_container_width` will be removed after 2025-12-31.

For `use_container_width=True`, use `width='stretch'`. For `use_container_width=False`, use `width='content'`.
2026-05-21 14:46:06.493 Please replace `use_container_width` with `width`.

`use_container_width` will be removed after 2025-12-31.

For `use_container_width=True`, use `width='stretch'`. For `use_container_width=False`, use `width='content'`.
2026-05-21 14:46:06.595 Please replace `use_container_width` with `width`.

`use_container_width` will be removed after 2025-12-31.

For `use_container_width=True`, use `width='stretch'`. For `use_container_width=False`, use `width='content'`.
2026-05-21 14:46:06.667 Please replace `st.components.v1.html` with `st.iframe`.

`st.components.v1.html` will be removed after 2026-06-01.
2026-05-21 14:46:06.757 Please replace `use_container_width` with `width`.

`use_container_width` will be removed after 2025-12-31.

For `use_container_width=True`, use `width='stretch'`. For `use_container_width=False`, use `width='content'`.
2026-05-21 14:46:08.403 Please replace `use_container_width` with `width`.

`use_container_width` will be removed after 2025-12-31.

For `use_container_width=True`, use `width='stretch'`. For `use_container_width=False`, use `width='content'`.
2026-05-21 14:46:08.500 Please replace `use_container_width` with `width`.

`use_container_width` will be removed after 2025-12-31.

For `use_container_width=True`, use `width='stretch'`. For `use_container_width=False`, use `width='content'`.
2026-05-21 14:46:08.588 Please replace `use_container_width` with `width`.

`use_container_width` will be removed after 2025-12-31.

For `use_container_width=True`, use `width='stretch'`. For `use_container_width=False`, use `width='content'`.
2026-05-21 14:46:08.713 Please replace `st.components.v1.html` with `st.iframe`.

`st.components.v1.html` will be removed after 2026-06-01.
2026-05-21 14:46:08.808 Please replace `use_container_width` with `width`.

`use_container_width` will be removed after 2025-12-31.

For `use_container_width=True`, use `width='stretch'`. For `use_container_width=False`, use `width='content'`.
2026-05-21 14:46:10.379 Please replace `use_container_width` with `width`.

`use_container_width` will be removed after 2025-12-31.

For `use_container_width=True`, use `width='stretch'`. For `use_container_width=False`, use `width='content'`.
2026-05-21 14:46:10.488 Please replace `use_container_width` with `width`.

`use_container_width` will be removed after 2025-12-31.

For `use_container_width=True`, use `width='stretch'`. For `use_container_width=False`, use `width='content'`.
2026-05-21 14:46:10.588 Please replace `use_container_width` with `width`.

`use_container_width` will be removed after 2025-12-31.

For `use_container_width=True`, use `width='stretch'`. For `use_container_width=False`, use `width='content'`.
2026-05-21 14:46:10.675 Please replace `st.components.v1.html` with `st.iframe`.

`st.components.v1.html` will be removed after 2026-06-01.
2026-05-21 14:46:10.792 Please replace `use_container_width` with `width`.

`use_container_width` will be removed after 2025-12-31.

For `use_container_width=True`, use `width='stretch'`. For `use_container_width=False`, use `width='content'`.
2026-05-21 14:46:12.405 Please replace `use_container_width` with `width`.

`use_container_width` will be removed after 2025-12-31.

For `use_container_width=True`, use `width='stretch'`. For `use_container_width=False`, use `width='content'`.
2026-05-21 14:46:12.498 Please replace `use_container_width` with `width`.

`use_container_width` will be removed after 2025-12-31.

For `use_container_width=True`, use `width='stretch'`. For `use_container_width=False`, use `width='content'`.
2026-05-21 14:46:12.605 Please replace `use_container_width` with `width`.

`use_container_width` will be removed after 2025-12-31.

For `use_container_width=True`, use `width='stretch'`. For `use_container_width=False`, use `width='content'`.
2026-05-21 14:46:12.688 Please replace `st.components.v1.html` with `st.iframe`.

`st.components.v1.html` will be removed after 2026-06-01.
2026-05-21 14:46:12.783 Please replace `use_container_width` with `width`.

`use_container_width` will be removed after 2025-12-31.

For `use_container_width=True`, use `width='stretch'`. For `use_container_width=False`, use `width='content'`.
2026-05-21 14:46:14.386 Please replace `use_container_width` with `width`.

`use_container_width` will be removed after 2025-12-31.

For `use_container_width=True`, use `width='stretch'`. For `use_container_width=False`, use `width='content'`.
2026-05-21 14:46:14.475 Please replace `use_container_width` with `width`.

`use_container_width` will be removed after 2025-12-31.

For `use_container_width=True`, use `width='stretch'`. For `use_container_width=False`, use `width='content'`.
2026-05-21 14:46:14.593 Please replace `use_container_width` with `width`.

`use_container_width` will be removed after 2025-12-31.

For `use_container_width=True`, use `width='stretch'`. For `use_container_width=False`, use `width='content'`.
2026-05-21 14:46:14.681 Please replace `st.components.v1.html` with `st.iframe`.

`st.components.v1.html` will be removed after 2026-06-01.
2026-05-21 14:46:14.814 Please replace `use_container_width` with `width`.

`use_container_width` will be removed after 2025-12-31.

For `use_container_width=True`, use `width='stretch'`. For `use_container_width=False`, use `width='content'`.
2026-05-21 14:46:16.403 Please replace `use_container_width` with `width`.

`use_container_width` will be removed after 2025-12-31.

For `use_container_width=True`, use `width='stretch'`. For `use_container_width=False`, use `width='content'`.
2026-05-21 14:46:16.503 Please replace `use_container_width` with `width`.

`use_container_width` will be removed after 2025-12-31.

For `use_container_width=True`, use `width='stretch'`. For `use_container_width=False`, use `width='content'`.
2026-05-21 14:46:16.610 Please replace `use_container_width` with `width`.

`use_container_width` will be removed after 2025-12-31.

For `use_container_width=True`, use `width='stretch'`. For `use_container_width=False`, use `width='content'`.
2026-05-21 14:46:16.700 Please replace `st.components.v1.html` with `st.iframe`.

`st.components.v1.html` will be removed after 2026-06-01.
2026-05-21 14:46:16.822 Please replace `use_container_width` with `width`.

`use_container_width` will be removed after 2025-12-31.

For `use_container_width=True`, use `width='stretch'`. For `use_container_width=False`, use `width='content'`.
2026-05-21 14:46:18.383 Please replace `use_container_width` with `width`.

`use_container_width` will be removed after 2025-12-31.

For `use_container_width=True`, use `width='stretch'`. For `use_container_width=False`, use `width='content'`.
2026-05-21 14:46:18.484 Please replace `use_container_width` with `width`.

`use_container_width` will be removed after 2025-12-31.

For `use_container_width=True`, use `width='stretch'`. For `use_container_width=False`, use `width='content'`.
2026-05-21 14:46:18.585 Please replace `use_container_width` with `width`.

`use_container_width` will be removed after 2025-12-31.

For `use_container_width=True`, use `width='stretch'`. For `use_container_width=False`, use `width='content'`.
2026-05-21 14:46:18.661 Please replace `st.components.v1.html` with `st.iframe`.

`st.components.v1.html` will be removed after 2026-06-01.
2026-05-21 14:46:18.766 Please replace `use_container_width` with `width`.

`use_container_width` will be removed after 2025-12-31.

For `use_container_width=True`, use `width='stretch'`. For `use_container_width=False`, use `width='content'`.
2026-05-21 14:46:20.415 Please replace `use_container_width` with `width`.

`use_container_width` will be removed after 2025-12-31.

For `use_container_width=True`, use `width='stretch'`. For `use_container_width=False`, use `width='content'`.
2026-05-21 14:46:20.504 Please replace `use_container_width` with `width`.

`use_container_width` will be removed after 2025-12-31.

For `use_container_width=True`, use `width='stretch'`. For `use_container_width=False`, use `width='content'`.
2026-05-21 14:46:20.623 Please replace `use_container_width` with `width`.

`use_container_width` will be removed after 2025-12-31.

For `use_container_width=True`, use `width='stretch'`. For `use_container_width=False`, use `width='content'`.
2026-05-21 14:46:20.706 Please replace `st.components.v1.html` with `st.iframe`.

`st.components.v1.html` will be removed after 2026-06-01.
2026-05-21 14:46:20.812 Please replace `use_container_width` with `width`.

`use_container_width` will be removed after 2025-12-31.

For `use_container_width=True`, use `width='stretch'`. For `use_container_width=False`, use `width='content'`.
2026-05-21 14:46:22.377 Please replace `use_container_width` with `width`.

`use_container_width` will be removed after 2025-12-31.

For `use_container_width=True`, use `width='stretch'`. For `use_container_width=False`, use `width='content'`.
2026-05-21 14:46:22.476 Please replace `use_container_width` with `width`.

`use_container_width` will be removed after 2025-12-31.

For `use_container_width=True`, use `width='stretch'`. For `use_container_width=False`, use `width='content'`.
2026-05-21 14:46:22.593 Please replace `use_container_width` with `width`.

`use_container_width` will be removed after 2025-12-31.

For `use_container_width=True`, use `width='stretch'`. For `use_container_width=False`, use `width='content'`.
2026-05-21 14:46:22.673 Please replace `st.components.v1.html` with `st.iframe`.

`st.components.v1.html` will be removed after 2026-06-01.
2026-05-21 14:46:22.776 Please replace `use_container_width` with `width`.

`use_container_width` will be removed after 2025-12-31.

For `use_container_width=True`, use `width='stretch'`. For `use_container_width=False`, use `width='content'`.
2026-05-21 14:46:24.464 Please replace `use_container_width` with `width`.

`use_container_width` will be removed after 2025-12-31.

For `use_container_width=True`, use `width='stretch'`. For `use_container_width=False`, use `width='content'`.
2026-05-21 14:46:24.558 Please replace `use_container_width` with `width`.

`use_container_width` will be removed after 2025-12-31.

For `use_container_width=True`, use `width='stretch'`. For `use_container_width=False`, use `width='content'`.
2026-05-21 14:46:24.669 Please replace `use_container_width` with `width`.

`use_container_width` will be removed after 2025-12-31.

For `use_container_width=True`, use `width='stretch'`. For `use_container_width=False`, use `width='content'`.
2026-05-21 14:46:24.748 Please replace `st.components.v1.html` with `st.iframe`.

`st.components.v1.html` will be removed after 2026-06-01.
2026-05-21 14:46:24.852 Please replace `use_container_width` with `width`.

`use_container_width` will be removed after 2025-12-31.

For `use_container_width=True`, use `width='stretch'`. For `use_container_width=False`, use `width='content'`.
2026-05-21 14:46:26.387 Please replace `use_container_width` with `width`.

`use_container_width` will be removed after 2025-12-31.

For `use_container_width=True`, use `width='stretch'`. For `use_container_width=False`, use `width='content'`.
2026-05-21 14:46:26.472 Please replace `use_container_width` with `width`.

`use_container_width` will be removed after 2025-12-31.

For `use_container_width=True`, use `width='stretch'`. For `use_container_width=False`, use `width='content'`.
2026-05-21 14:46:26.570 Please replace `use_container_width` with `width`.

`use_container_width` will be removed after 2025-12-31.

For `use_container_width=True`, use `width='stretch'`. For `use_container_width=False`, use `width='content'`.
2026-05-21 14:46:26.652 Please replace `st.components.v1.html` with `st.iframe`.

`st.components.v1.html` will be removed after 2026-06-01.
2026-05-21 14:46:26.759 Please replace `use_container_width` with `width`.

`use_container_width` will be removed after 2025-12-31.

For `use_container_width=True`, use `width='stretch'`. For `use_container_width=False`, use `width='content'`.
2026-05-21 14:46:28.401 Please replace `use_container_width` with `width`.

`use_container_width` will be removed after 2025-12-31.

For `use_container_width=True`, use `width='stretch'`. For `use_container_width=False`, use `width='content'`.
2026-05-21 14:46:28.502 Please replace `use_container_width` with `width`.

`use_container_width` will be removed after 2025-12-31.

For `use_container_width=True`, use `width='stretch'`. For `use_container_width=False`, use `width='content'`.
2026-05-21 14:46:28.609 Please replace `use_container_width` with `width`.

`use_container_width` will be removed after 2025-12-31.

For `use_container_width=True`, use `width='stretch'`. For `use_container_width=False`, use `width='content'`.
2026-05-21 14:46:28.673 Please replace `st.components.v1.html` with `st.iframe`.

`st.components.v1.html` will be removed after 2026-06-01.
2026-05-21 14:46:28.777 Please replace `use_container_width` with `width`.

`use_container_width` will be removed after 2025-12-31.

For `use_container_width=True`, use `width='stretch'`. For `use_container_width=False`, use `width='content'`.
2026-05-21 14:46:30.386 Please replace `use_container_width` with `width`.

`use_container_width` will be removed after 2025-12-31.

For `use_container_width=True`, use `width='stretch'`. For `use_container_width=False`, use `width='content'`.
2026-05-21 14:46:30.483 Please replace `use_container_width` with `width`.

`use_container_width` will be removed after 2025-12-31.

For `use_container_width=True`, use `width='stretch'`. For `use_container_width=False`, use `width='content'`.
2026-05-21 14:46:30.588 Please replace `use_container_width` with `width`.

`use_container_width` will be removed after 2025-12-31.

For `use_container_width=True`, use `width='stretch'`. For `use_container_width=False`, use `width='content'`.
2026-05-21 14:46:30.654 Please replace `st.components.v1.html` with `st.iframe`.

`st.components.v1.html` will be removed after 2026-06-01.
2026-05-21 14:46:30.762 Please replace `use_container_width` with `width`.

`use_container_width` will be removed after 2025-12-31.

For `use_container_width=True`, use `width='stretch'`. For `use_container_width=False`, use `width='content'`.
2026-05-21 14:46:32.402 Please replace `use_container_width` with `width`.

`use_container_width` will be removed after 2025-12-31.

For `use_container_width=True`, use `width='stretch'`. For `use_container_width=False`, use `width='content'`.
2026-05-21 14:46:32.510 Please replace `use_container_width` with `width`.

`use_container_width` will be removed after 2025-12-31.

For `use_container_width=True`, use `width='stretch'`. For `use_container_width=False`, use `width='content'`.
2026-05-21 14:46:32.619 Please replace `use_container_width` with `width`.

`use_container_width` will be removed after 2025-12-31.

For `use_container_width=True`, use `width='stretch'`. For `use_container_width=False`, use `width='content'`.
2026-05-21 14:46:32.688 Please replace `st.components.v1.html` with `st.iframe`.

`st.components.v1.html` will be removed after 2026-06-01.
2026-05-21 14:46:32.765 Please replace `use_container_width` with `width`.

`use_container_width` will be removed after 2025-12-31.

For `use_container_width=True`, use `width='stretch'`. For `use_container_width=False`, use `width='content'`.
2026-05-21 14:46:34.380 Please replace `use_container_width` with `width`.

`use_container_width` will be removed after 2025-12-31.

For `use_container_width=True`, use `width='stretch'`. For `use_container_width=False`, use `width='content'`.
2026-05-21 14:46:34.478 Please replace `use_container_width` with `width`.

`use_container_width` will be removed after 2025-12-31.

For `use_container_width=True`, use `width='stretch'`. For `use_container_width=False`, use `width='content'`.
2026-05-21 14:46:34.589 Please replace `use_container_width` with `width`.

`use_container_width` will be removed after 2025-12-31.

For `use_container_width=True`, use `width='stretch'`. For `use_container_width=False`, use `width='content'`.
2026-05-21 14:46:34.679 Please replace `st.components.v1.html` with `st.iframe`.

`st.components.v1.html` will be removed after 2026-06-01.
2026-05-21 14:46:34.799 Please replace `use_container_width` with `width`.

`use_container_width` will be removed after 2025-12-31.

For `use_container_width=True`, use `width='stretch'`. For `use_container_width=False`, use `width='content'`.
2026-05-21 14:46:36.395 Please replace `use_container_width` with `width`.

`use_container_width` will be removed after 2025-12-31.

For `use_container_width=True`, use `width='stretch'`. For `use_container_width=False`, use `width='content'`.
2026-05-21 14:46:36.510 Please replace `use_container_width` with `width`.

`use_container_width` will be removed after 2025-12-31.

For `use_container_width=True`, use `width='stretch'`. For `use_container_width=False`, use `width='content'`.
2026-05-21 14:46:36.615 Please replace `use_container_width` with `width`.

`use_container_width` will be removed after 2025-12-31.

For `use_container_width=True`, use `width='stretch'`. For `use_container_width=False`, use `width='content'`.
2026-05-21 14:46:36.689 Please replace `st.components.v1.html` with `st.iframe`.

`st.components.v1.html` will be removed after 2026-06-01.
2026-05-21 14:46:36.806 Please replace `use_container_width` with `width`.

`use_container_width` will be removed after 2025-12-31.

For `use_container_width=True`, use `width='stretch'`. For `use_container_width=False`, use `width='content'`.
2026-05-21 14:46:38.382 Please replace `use_container_width` with `width`.

`use_container_width` will be removed after 2025-12-31.

For `use_container_width=True`, use `width='stretch'`. For `use_container_width=False`, use `width='content'`.
2026-05-21 14:46:38.483 Please replace `use_container_width` with `width`.

`use_container_width` will be removed after 2025-12-31.

For `use_container_width=True`, use `width='stretch'`. For `use_container_width=False`, use `width='content'`.
2026-05-21 14:46:38.564 Please replace `use_container_width` with `width`.

`use_container_width` will be removed after 2025-12-31.

For `use_container_width=True`, use `width='stretch'`. For `use_container_width=False`, use `width='content'`.
2026-05-21 14:46:38.649 Please replace `st.components.v1.html` with `st.iframe`.

`st.components.v1.html` will be removed after 2026-06-01.
2026-05-21 14:46:38.748 Please replace `use_container_width` with `width`.

`use_container_width` will be removed after 2025-12-31.

For `use_container_width=True`, use `width='stretch'`. For `use_container_width=False`, use `width='content'`.
2026-05-21 14:46:40.402 Please replace `use_container_width` with `width`.

`use_container_width` will be removed after 2025-12-31.

For `use_container_width=True`, use `width='stretch'`. For `use_container_width=False`, use `width='content'`.
2026-05-21 14:46:40.499 Please replace `use_container_width` with `width`.

`use_container_width` will be removed after 2025-12-31.

For `use_container_width=True`, use `width='stretch'`. For `use_container_width=False`, use `width='content'`.
2026-05-21 14:46:40.631 Please replace `use_container_width` with `width`.

`use_container_width` will be removed after 2025-12-31.

For `use_container_width=True`, use `width='stretch'`. For `use_container_width=False`, use `width='content'`.
2026-05-21 14:46:40.708 Please replace `st.components.v1.html` with `st.iframe`.

`st.components.v1.html` will be removed after 2026-06-01.
2026-05-21 14:46:40.802 Please replace `use_container_width` with `width`.

`use_container_width` will be removed after 2025-12-31.

For `use_container_width=True`, use `width='stretch'`. For `use_container_width=False`, use `width='content'`.
2026-05-21 14:46:42.388 Please replace `use_container_width` with `width`.

`use_container_width` will be removed after 2025-12-31.

For `use_container_width=True`, use `width='stretch'`. For `use_container_width=False`, use `width='content'`.
2026-05-21 14:46:42.473 Please replace `use_container_width` with `width`.

`use_container_width` will be removed after 2025-12-31.

For `use_container_width=True`, use `width='stretch'`. For `use_container_width=False`, use `width='content'`.
2026-05-21 14:46:42.558 Please replace `use_container_width` with `width`.

`use_container_width` will be removed after 2025-12-31.

For `use_container_width=True`, use `width='stretch'`. For `use_container_width=False`, use `width='content'`.
2026-05-21 14:46:42.652 Please replace `st.components.v1.html` with `st.iframe`.

`st.components.v1.html` will be removed after 2026-06-01.
2026-05-21 14:46:42.732 Please replace `use_container_width` with `width`.

`use_container_width` will be removed after 2025-12-31.

For `use_container_width=True`, use `width='stretch'`. For `use_container_width=False`, use `width='content'`.
2026-05-21 14:46:44.413 Please replace `use_container_width` with `width`.

`use_container_width` will be removed after 2025-12-31.

For `use_container_width=True`, use `width='stretch'`. For `use_container_width=False`, use `width='content'`.
2026-05-21 14:46:44.515 Please replace `use_container_width` with `width`.

`use_container_width` will be removed after 2025-12-31.

For `use_container_width=True`, use `width='stretch'`. For `use_container_width=False`, use `width='content'`.
2026-05-21 14:46:44.611 Please replace `use_container_width` with `width`.

`use_container_width` will be removed after 2025-12-31.

For `use_container_width=True`, use `width='stretch'`. For `use_container_width=False`, use `width='content'`.
2026-05-21 14:46:44.689 Please replace `st.components.v1.html` with `st.iframe`.

`st.components.v1.html` will be removed after 2026-06-01.
2026-05-21 14:46:44.782 Please replace `use_container_width` with `width`.

`use_container_width` will be removed after 2025-12-31.

For `use_container_width=True`, use `width='stretch'`. For `use_container_width=False`, use `width='content'`.
2026-05-21 14:46:46.382 Please replace `use_container_width` with `width`.

`use_container_width` will be removed after 2025-12-31.

For `use_container_width=True`, use `width='stretch'`. For `use_container_width=False`, use `width='content'`.
2026-05-21 14:46:46.463 Please replace `use_container_width` with `width`.

`use_container_width` will be removed after 2025-12-31.

For `use_container_width=True`, use `width='stretch'`. For `use_container_width=False`, use `width='content'`.
2026-05-21 14:46:46.579 Please replace `use_container_width` with `width`.

`use_container_width` will be removed after 2025-12-31.

For `use_container_width=True`, use `width='stretch'`. For `use_container_width=False`, use `width='content'`.
2026-05-21 14:46:46.661 Please replace `st.components.v1.html` with `st.iframe`.

`st.components.v1.html` will be removed after 2026-06-01.
2026-05-21 14:46:46.766 Please replace `use_container_width` with `width`.

`use_container_width` will be removed after 2025-12-31.

For `use_container_width=True`, use `width='stretch'`. For `use_container_width=False`, use `width='content'`.
2026-05-21 14:46:48.410 Please replace `use_container_width` with `width`.

`use_container_width` will be removed after 2025-12-31.

For `use_container_width=True`, use `width='stretch'`. For `use_container_width=False`, use `width='content'`.
2026-05-21 14:46:48.514 Please replace `use_container_width` with `width`.

`use_container_width` will be removed after 2025-12-31.

For `use_container_width=True`, use `width='stretch'`. For `use_container_width=False`, use `width='content'`.
2026-05-21 14:46:48.616 Please replace `use_container_width` with `width`.

`use_container_width` will be removed after 2025-12-31.

For `use_container_width=True`, use `width='stretch'`. For `use_container_width=False`, use `width='content'`.
2026-05-21 14:46:48.688 Please replace `st.components.v1.html` with `st.iframe`.

`st.components.v1.html` will be removed after 2026-06-01.
2026-05-21 14:46:48.780 Please replace `use_container_width` with `width`.

`use_container_width` will be removed after 2025-12-31.

For `use_container_width=True`, use `width='stretch'`. For `use_container_width=False`, use `width='content'`.
2026-05-21 14:46:50.386 Please replace `use_container_width` with `width`.

`use_container_width` will be removed after 2025-12-31.

For `use_container_width=True`, use `width='stretch'`. For `use_container_width=False`, use `width='content'`.
2026-05-21 14:46:50.476 Please replace `use_container_width` with `width`.

`use_container_width` will be removed after 2025-12-31.

For `use_container_width=True`, use `width='stretch'`. For `use_container_width=False`, use `width='content'`.
2026-05-21 14:46:50.572 Please replace `use_container_width` with `width`.

`use_container_width` will be removed after 2025-12-31.

For `use_container_width=True`, use `width='stretch'`. For `use_container_width=False`, use `width='content'`.
2026-05-21 14:46:50.684 Please replace `st.components.v1.html` with `st.iframe`.

`st.components.v1.html` will be removed after 2026-06-01.
2026-05-21 14:46:50.806 Please replace `use_container_width` with `width`.

`use_container_width` will be removed after 2025-12-31.

For `use_container_width=True`, use `width='stretch'`. For `use_container_width=False`, use `width='content'`.
2026-05-21 14:46:52.401 Please replace `use_container_width` with `width`.

`use_container_width` will be removed after 2025-12-31.

For `use_container_width=True`, use `width='stretch'`. For `use_container_width=False`, use `width='content'`.
2026-05-21 14:46:52.499 Please replace `use_container_width` with `width`.

`use_container_width` will be removed after 2025-12-31.

For `use_container_width=True`, use `width='stretch'`. For `use_container_width=False`, use `width='content'`.
2026-05-21 14:46:52.598 Please replace `use_container_width` with `width`.

`use_container_width` will be removed after 2025-12-31.

For `use_container_width=True`, use `width='stretch'`. For `use_container_width=False`, use `width='content'`.
2026-05-21 14:46:52.672 Please replace `st.components.v1.html` with `st.iframe`.

`st.components.v1.html` will be removed after 2026-06-01.
2026-05-21 14:46:52.773 Please replace `use_container_width` with `width`.

`use_container_width` will be removed after 2025-12-31.

For `use_container_width=True`, use `width='stretch'`. For `use_container_width=False`, use `width='content'`.
2026-05-21 14:46:54.386 Please replace `use_container_width` with `width`.

`use_container_width` will be removed after 2025-12-31.

For `use_container_width=True`, use `width='stretch'`. For `use_container_width=False`, use `width='content'`.
2026-05-21 14:46:54.466 Please replace `use_container_width` with `width`.

`use_container_width` will be removed after 2025-12-31.

For `use_container_width=True`, use `width='stretch'`. For `use_container_width=False`, use `width='content'`.
2026-05-21 14:46:54.563 Please replace `use_container_width` with `width`.

`use_container_width` will be removed after 2025-12-31.

For `use_container_width=True`, use `width='stretch'`. For `use_container_width=False`, use `width='content'`.
2026-05-21 14:46:54.660 Please replace `st.components.v1.html` with `st.iframe`.

`st.components.v1.html` will be removed after 2026-06-01.
2026-05-21 14:46:54.751 Please replace `use_container_width` with `width`.

`use_container_width` will be removed after 2025-12-31.

For `use_container_width=True`, use `width='stretch'`. For `use_container_width=False`, use `width='content'`.
2026-05-21 14:46:56.403 Please replace `use_container_width` with `width`.

`use_container_width` will be removed after 2025-12-31.

For `use_container_width=True`, use `width='stretch'`. For `use_container_width=False`, use `width='content'`.
2026-05-21 14:46:56.508 Please replace `use_container_width` with `width`.

`use_container_width` will be removed after 2025-12-31.

For `use_container_width=True`, use `width='stretch'`. For `use_container_width=False`, use `width='content'`.
2026-05-21 14:46:56.622 Please replace `use_container_width` with `width`.

`use_container_width` will be removed after 2025-12-31.

For `use_container_width=True`, use `width='stretch'`. For `use_container_width=False`, use `width='content'`.
2026-05-21 14:46:56.697 Please replace `st.components.v1.html` with `st.iframe`.

`st.components.v1.html` will be removed after 2026-06-01.
2026-05-21 14:46:56.791 Please replace `use_container_width` with `width`.

`use_container_width` will be removed after 2025-12-31.

For `use_container_width=True`, use `width='stretch'`. For `use_container_width=False`, use `width='content'`.
2026-05-21 14:46:58.389 Please replace `use_container_width` with `width`.

`use_container_width` will be removed after 2025-12-31.

For `use_container_width=True`, use `width='stretch'`. For `use_container_width=False`, use `width='content'`.
2026-05-21 14:46:58.493 Please replace `use_container_width` with `width`.

`use_container_width` will be removed after 2025-12-31.

For `use_container_width=True`, use `width='stretch'`. For `use_container_width=False`, use `width='content'`.
2026-05-21 14:46:58.606 Please replace `use_container_width` with `width`.

`use_container_width` will be removed after 2025-12-31.

For `use_container_width=True`, use `width='stretch'`. For `use_container_width=False`, use `width='content'`.
2026-05-21 14:46:58.678 Please replace `st.components.v1.html` with `st.iframe`.

`st.components.v1.html` will be removed after 2026-06-01.
2026-05-21 14:46:58.774 Please replace `use_container_width` with `width`.

`use_container_width` will be removed after 2025-12-31.

For `use_container_width=True`, use `width='stretch'`. For `use_container_width=False`, use `width='content'`.
2026-05-21 14:47:00.400 Please replace `use_container_width` with `width`.

`use_container_width` will be removed after 2025-12-31.

For `use_container_width=True`, use `width='stretch'`. For `use_container_width=False`, use `width='content'`.
2026-05-21 14:47:00.508 Please replace `use_container_width` with `width`.

`use_container_width` will be removed after 2025-12-31.

For `use_container_width=True`, use `width='stretch'`. For `use_container_width=False`, use `width='content'`.
2026-05-21 14:47:00.617 Please replace `use_container_width` with `width`.

`use_container_width` will be removed after 2025-12-31.

For `use_container_width=True`, use `width='stretch'`. For `use_container_width=False`, use `width='content'`.
2026-05-21 14:47:00.692 Please replace `st.components.v1.html` with `st.iframe`.

`st.components.v1.html` will be removed after 2026-06-01.
2026-05-21 14:47:00.782 Please replace `use_container_width` with `width`.

`use_container_width` will be removed after 2025-12-31.

For `use_container_width=True`, use `width='stretch'`. For `use_container_width=False`, use `width='content'`.
2026-05-21 14:47:02.382 Please replace `use_container_width` with `width`.

`use_container_width` will be removed after 2025-12-31.

For `use_container_width=True`, use `width='stretch'`. For `use_container_width=False`, use `width='content'`.
2026-05-21 14:47:02.478 Please replace `use_container_width` with `width`.

`use_container_width` will be removed after 2025-12-31.

For `use_container_width=True`, use `width='stretch'`. For `use_container_width=False`, use `width='content'`.
2026-05-21 14:47:02.572 Please replace `use_container_width` with `width`.

`use_container_width` will be removed after 2025-12-31.

For `use_container_width=True`, use `width='stretch'`. For `use_container_width=False`, use `width='content'`.
2026-05-21 14:47:02.650 Please replace `st.components.v1.html` with `st.iframe`.

`st.components.v1.html` will be removed after 2026-06-01.
2026-05-21 14:47:02.746 Please replace `use_container_width` with `width`.

`use_container_width` will be removed after 2025-12-31.

For `use_container_width=True`, use `width='stretch'`. For `use_container_width=False`, use `width='content'`.
2026-05-21 14:47:04.398 Please replace `use_container_width` with `width`.

`use_container_width` will be removed after 2025-12-31.

For `use_container_width=True`, use `width='stretch'`. For `use_container_width=False`, use `width='content'`.
2026-05-21 14:47:04.479 Please replace `use_container_width` with `width`.

`use_container_width` will be removed after 2025-12-31.

For `use_container_width=True`, use `width='stretch'`. For `use_container_width=False`, use `width='content'`.
2026-05-21 14:47:04.586 Please replace `use_container_width` with `width`.

`use_container_width` will be removed after 2025-12-31.

For `use_container_width=True`, use `width='stretch'`. For `use_container_width=False`, use `width='content'`.
2026-05-21 14:47:04.669 Please replace `st.components.v1.html` with `st.iframe`.

`st.components.v1.html` will be removed after 2026-06-01.
2026-05-21 14:47:04.754 Please replace `use_container_width` with `width`.

`use_container_width` will be removed after 2025-12-31.

For `use_container_width=True`, use `width='stretch'`. For `use_container_width=False`, use `width='content'`.
2026-05-21 14:47:06.465 Please replace `use_container_width` with `width`.

`use_container_width` will be removed after 2025-12-31.

For `use_container_width=True`, use `width='stretch'`. For `use_container_width=False`, use `width='content'`.
2026-05-21 14:47:06.581 Please replace `use_container_width` with `width`.

`use_container_width` will be removed after 2025-12-31.

For `use_container_width=True`, use `width='stretch'`. For `use_container_width=False`, use `width='content'`.
2026-05-21 14:47:06.697 Please replace `use_container_width` with `width`.

`use_container_width` will be removed after 2025-12-31.

For `use_container_width=True`, use `width='stretch'`. For `use_container_width=False`, use `width='content'`.
2026-05-21 14:47:06.776 Please replace `st.components.v1.html` with `st.iframe`.

`st.components.v1.html` will be removed after 2026-06-01.
2026-05-21 14:47:06.853 Please replace `use_container_width` with `width`.

`use_container_width` will be removed after 2025-12-31.

For `use_container_width=True`, use `width='stretch'`. For `use_container_width=False`, use `width='content'`.
2026-05-21 14:47:08.385 Please replace `use_container_width` with `width`.

`use_container_width` will be removed after 2025-12-31.

For `use_container_width=True`, use `width='stretch'`. For `use_container_width=False`, use `width='content'`.
2026-05-21 14:47:08.501 Please replace `use_container_width` with `width`.

`use_container_width` will be removed after 2025-12-31.

For `use_container_width=True`, use `width='stretch'`. For `use_container_width=False`, use `width='content'`.
2026-05-21 14:47:08.615 Please replace `use_container_width` with `width`.

`use_container_width` will be removed after 2025-12-31.

For `use_container_width=True`, use `width='stretch'`. For `use_container_width=False`, use `width='content'`.
2026-05-21 14:47:08.691 Please replace `st.components.v1.html` with `st.iframe`.

`st.components.v1.html` will be removed after 2026-06-01.
2026-05-21 14:47:08.801 Please replace `use_container_width` with `width`.

`use_container_width` will be removed after 2025-12-31.

For `use_container_width=True`, use `width='stretch'`. For `use_container_width=False`, use `width='content'`.
2026-05-21 14:47:10.406 Please replace `use_container_width` with `width`.

`use_container_width` will be removed after 2025-12-31.

For `use_container_width=True`, use `width='stretch'`. For `use_container_width=False`, use `width='content'`.
2026-05-21 14:47:10.521 Please replace `use_container_width` with `width`.

`use_container_width` will be removed after 2025-12-31.

For `use_container_width=True`, use `width='stretch'`. For `use_container_width=False`, use `width='content'`.
2026-05-21 14:47:10.623 Please replace `use_container_width` with `width`.

`use_container_width` will be removed after 2025-12-31.

For `use_container_width=True`, use `width='stretch'`. For `use_container_width=False`, use `width='content'`.
2026-05-21 14:47:10.699 Please replace `st.components.v1.html` with `st.iframe`.

`st.components.v1.html` will be removed after 2026-06-01.
2026-05-21 14:47:10.788 Please replace `use_container_width` with `width`.

`use_container_width` will be removed after 2025-12-31.

For `use_container_width=True`, use `width='stretch'`. For `use_container_width=False`, use `width='content'`.
2026-05-21 14:47:12.377 Please replace `use_container_width` with `width`.

`use_container_width` will be removed after 2025-12-31.

For `use_container_width=True`, use `width='stretch'`. For `use_container_width=False`, use `width='content'`.
2026-05-21 14:47:12.478 Please replace `use_container_width` with `width`.

`use_container_width` will be removed after 2025-12-31.

For `use_container_width=True`, use `width='stretch'`. For `use_container_width=False`, use `width='content'`.
2026-05-21 14:47:12.588 Please replace `use_container_width` with `width`.

`use_container_width` will be removed after 2025-12-31.

For `use_container_width=True`, use `width='stretch'`. For `use_container_width=False`, use `width='content'`.
2026-05-21 14:47:12.675 Please replace `st.components.v1.html` with `st.iframe`.

`st.components.v1.html` will be removed after 2026-06-01.
2026-05-21 14:47:12.760 Please replace `use_container_width` with `width`.

`use_container_width` will be removed after 2025-12-31.

For `use_container_width=True`, use `width='stretch'`. For `use_container_width=False`, use `width='content'`.
2026-05-21 14:47:14.404 Please replace `use_container_width` with `width`.

`use_container_width` will be removed after 2025-12-31.

For `use_container_width=True`, use `width='stretch'`. For `use_container_width=False`, use `width='content'`.
2026-05-21 14:47:14.518 Please replace `use_container_width` with `width`.

`use_container_width` will be removed after 2025-12-31.

For `use_container_width=True`, use `width='stretch'`. For `use_container_width=False`, use `width='content'`.
2026-05-21 14:47:14.622 Please replace `use_container_width` with `width`.

`use_container_width` will be removed after 2025-12-31.

For `use_container_width=True`, use `width='stretch'`. For `use_container_width=False`, use `width='content'`.
2026-05-21 14:47:14.681 Please replace `st.components.v1.html` with `st.iframe`.

`st.components.v1.html` will be removed after 2026-06-01.
2026-05-21 14:47:14.787 Please replace `use_container_width` with `width`.

`use_container_width` will be removed after 2025-12-31.

For `use_container_width=True`, use `width='stretch'`. For `use_container_width=False`, use `width='content'`.
2026-05-21 14:47:16.379 Please replace `use_container_width` with `width`.

`use_container_width` will be removed after 2025-12-31.

For `use_container_width=True`, use `width='stretch'`. For `use_container_width=False`, use `width='content'`.
2026-05-21 14:47:16.476 Please replace `use_container_width` with `width`.

`use_container_width` will be removed after 2025-12-31.

For `use_container_width=True`, use `width='stretch'`. For `use_container_width=False`, use `width='content'`.
2026-05-21 14:47:16.581 Please replace `use_container_width` with `width`.

`use_container_width` will be removed after 2025-12-31.

For `use_container_width=True`, use `width='stretch'`. For `use_container_width=False`, use `width='content'`.
2026-05-21 14:47:16.687 Please replace `st.components.v1.html` with `st.iframe`.

`st.components.v1.html` will be removed after 2026-06-01.
2026-05-21 14:47:16.790 Please replace `use_container_width` with `width`.

`use_container_width` will be removed after 2025-12-31.

For `use_container_width=True`, use `width='stretch'`. For `use_container_width=False`, use `width='content'`.
2026-05-21 14:47:18.403 Please replace `use_container_width` with `width`.

`use_container_width` will be removed after 2025-12-31.

For `use_container_width=True`, use `width='stretch'`. For `use_container_width=False`, use `width='content'`.
2026-05-21 14:47:18.498 Please replace `use_container_width` with `width`.

`use_container_width` will be removed after 2025-12-31.

For `use_container_width=True`, use `width='stretch'`. For `use_container_width=False`, use `width='content'`.
2026-05-21 14:47:18.614 Please replace `use_container_width` with `width`.

`use_container_width` will be removed after 2025-12-31.

For `use_container_width=True`, use `width='stretch'`. For `use_container_width=False`, use `width='content'`.
2026-05-21 14:47:18.691 Please replace `st.components.v1.html` with `st.iframe`.

`st.components.v1.html` will be removed after 2026-06-01.
2026-05-21 14:47:18.773 Please replace `use_container_width` with `width`.

`use_container_width` will be removed after 2025-12-31.

For `use_container_width=True`, use `width='stretch'`. For `use_container_width=False`, use `width='content'`.
2026-05-21 14:47:20.389 Please replace `use_container_width` with `width`.

`use_container_width` will be removed after 2025-12-31.

For `use_container_width=True`, use `width='stretch'`. For `use_container_width=False`, use `width='content'`.
2026-05-21 14:47:20.479 Please replace `use_container_width` with `width`.

`use_container_width` will be removed after 2025-12-31.

For `use_container_width=True`, use `width='stretch'`. For `use_container_width=False`, use `width='content'`.
2026-05-21 14:47:20.576 Please replace `use_container_width` with `width`.

`use_container_width` will be removed after 2025-12-31.

For `use_container_width=True`, use `width='stretch'`. For `use_container_width=False`, use `width='content'`.
2026-05-21 14:47:20.669 Please replace `st.components.v1.html` with `st.iframe`.

`st.components.v1.html` will be removed after 2026-06-01.
2026-05-21 14:47:20.740 Please replace `use_container_width` with `width`.

`use_container_width` will be removed after 2025-12-31.

For `use_container_width=True`, use `width='stretch'`. For `use_container_width=False`, use `width='content'`.
2026-05-21 14:47:22.406 Please replace `use_container_width` with `width`.

`use_container_width` will be removed after 2025-12-31.

For `use_container_width=True`, use `width='stretch'`. For `use_container_width=False`, use `width='content'`.
2026-05-21 14:47:22.514 Please replace `use_container_width` with `width`.

`use_container_width` will be removed after 2025-12-31.

For `use_container_width=True`, use `width='stretch'`. For `use_container_width=False`, use `width='content'`.
2026-05-21 14:47:22.637 Please replace `use_container_width` with `width`.

`use_container_width` will be removed after 2025-12-31.

For `use_container_width=True`, use `width='stretch'`. For `use_container_width=False`, use `width='content'`.
2026-05-21 14:47:22.700 Please replace `st.components.v1.html` with `st.iframe`.

`st.components.v1.html` will be removed after 2026-06-01.
2026-05-21 14:47:22.794 Please replace `use_container_width` with `width`.

`use_container_width` will be removed after 2025-12-31.

For `use_container_width=True`, use `width='stretch'`. For `use_container_width=False`, use `width='content'`.
2026-05-21 14:47:24.395 Please replace `use_container_width` with `width`.

`use_container_width` will be removed after 2025-12-31.

For `use_container_width=True`, use `width='stretch'`. For `use_container_width=False`, use `width='content'`.
2026-05-21 14:47:24.483 Please replace `use_container_width` with `width`.

`use_container_width` will be removed after 2025-12-31.

For `use_container_width=True`, use `width='stretch'`. For `use_container_width=False`, use `width='content'`.
2026-05-21 14:47:24.574 Please replace `use_container_width` with `width`.

`use_container_width` will be removed after 2025-12-31.

For `use_container_width=True`, use `width='stretch'`. For `use_container_width=False`, use `width='content'`.
2026-05-21 14:47:24.669 Please replace `st.components.v1.html` with `st.iframe`.

`st.components.v1.html` will be removed after 2026-06-01.
2026-05-21 14:47:24.754 Please replace `use_container_width` with `width`.

`use_container_width` will be removed after 2025-12-31.

For `use_container_width=True`, use `width='stretch'`. For `use_container_width=False`, use `width='content'`.
2026-05-21 14:47:26.406 Please replace `use_container_width` with `width`.

`use_container_width` will be removed after 2025-12-31.

For `use_container_width=True`, use `width='stretch'`. For `use_container_width=False`, use `width='content'`.
2026-05-21 14:47:26.505 Please replace `use_container_width` with `width`.

`use_container_width` will be removed after 2025-12-31.

For `use_container_width=True`, use `width='stretch'`. For `use_container_width=False`, use `width='content'`.
2026-05-21 14:47:26.612 Please replace `use_container_width` with `width`.

`use_container_width` will be removed after 2025-12-31.

For `use_container_width=True`, use `width='stretch'`. For `use_container_width=False`, use `width='content'`.
2026-05-21 14:47:26.693 Please replace `st.components.v1.html` with `st.iframe`.

`st.components.v1.html` will be removed after 2026-06-01.
2026-05-21 14:47:26.780 Please replace `use_container_width` with `width`.

`use_container_width` will be removed after 2025-12-31.

For `use_container_width=True`, use `width='stretch'`. For `use_container_width=False`, use `width='content'`.
2026-05-21 14:47:28.388 Please replace `use_container_width` with `width`.

`use_container_width` will be removed after 2025-12-31.

For `use_container_width=True`, use `width='stretch'`. For `use_container_width=False`, use `width='content'`.
2026-05-21 14:47:28.491 Please replace `use_container_width` with `width`.

`use_container_width` will be removed after 2025-12-31.

For `use_container_width=True`, use `width='stretch'`. For `use_container_width=False`, use `width='content'`.
2026-05-21 14:47:28.588 Please replace `use_container_width` with `width`.

`use_container_width` will be removed after 2025-12-31.

For `use_container_width=True`, use `width='stretch'`. For `use_container_width=False`, use `width='content'`.
2026-05-21 14:47:28.664 Please replace `st.components.v1.html` with `st.iframe`.

`st.components.v1.html` will be removed after 2026-06-01.
2026-05-21 14:47:28.773 Please replace `use_container_width` with `width`.

`use_container_width` will be removed after 2025-12-31.

For `use_container_width=True`, use `width='stretch'`. For `use_container_width=False`, use `width='content'`.
2026-05-21 14:47:30.399 Please replace `use_container_width` with `width`.

`use_container_width` will be removed after 2025-12-31.

For `use_container_width=True`, use `width='stretch'`. For `use_container_width=False`, use `width='content'`.
2026-05-21 14:47:30.499 Please replace `use_container_width` with `width`.

`use_container_width` will be removed after 2025-12-31.

For `use_container_width=True`, use `width='stretch'`. For `use_container_width=False`, use `width='content'`.
2026-05-21 14:47:30.612 Please replace `use_container_width` with `width`.

`use_container_width` will be removed after 2025-12-31.

For `use_container_width=True`, use `width='stretch'`. For `use_container_width=False`, use `width='content'`.
2026-05-21 14:47:30.682 Please replace `st.components.v1.html` with `st.iframe`.

`st.components.v1.html` will be removed after 2026-06-01.
2026-05-21 14:47:30.793 Please replace `use_container_width` with `width`.

`use_container_width` will be removed after 2025-12-31.

For `use_container_width=True`, use `width='stretch'`. For `use_container_width=False`, use `width='content'`.
2026-05-21 14:47:32.385 Please replace `use_container_width` with `width`.

`use_container_width` will be removed after 2025-12-31.

For `use_container_width=True`, use `width='stretch'`. For `use_container_width=False`, use `width='content'`.
2026-05-21 14:47:32.494 Please replace `use_container_width` with `width`.

`use_container_width` will be removed after 2025-12-31.

For `use_container_width=True`, use `width='stretch'`. For `use_container_width=False`, use `width='content'`.
2026-05-21 14:47:32.584 Please replace `use_container_width` with `width`.

`use_container_width` will be removed after 2025-12-31.

For `use_container_width=True`, use `width='stretch'`. For `use_container_width=False`, use `width='content'`.
2026-05-21 14:47:32.683 Please replace `st.components.v1.html` with `st.iframe`.

`st.components.v1.html` will be removed after 2026-06-01.
2026-05-21 14:47:32.776 Please replace `use_container_width` with `width`.

`use_container_width` will be removed after 2025-12-31.

For `use_container_width=True`, use `width='stretch'`. For `use_container_width=False`, use `width='content'`.
2026-05-21 14:47:34.407 Please replace `use_container_width` with `width`.

`use_container_width` will be removed after 2025-12-31.

For `use_container_width=True`, use `width='stretch'`. For `use_container_width=False`, use `width='content'`.
2026-05-21 14:47:34.493 Please replace `use_container_width` with `width`.

`use_container_width` will be removed after 2025-12-31.

For `use_container_width=True`, use `width='stretch'`. For `use_container_width=False`, use `width='content'`.
2026-05-21 14:47:34.632 Please replace `use_container_width` with `width`.

`use_container_width` will be removed after 2025-12-31.

For `use_container_width=True`, use `width='stretch'`. For `use_container_width=False`, use `width='content'`.
2026-05-21 14:47:34.735 Please replace `st.components.v1.html` with `st.iframe`.

`st.components.v1.html` will be removed after 2026-06-01.
2026-05-21 14:47:34.822 Please replace `use_container_width` with `width`.

`use_container_width` will be removed after 2025-12-31.

For `use_container_width=True`, use `width='stretch'`. For `use_container_width=False`, use `width='content'`.
2026-05-21 14:47:36.380 Please replace `use_container_width` with `width`.

`use_container_width` will be removed after 2025-12-31.

For `use_container_width=True`, use `width='stretch'`. For `use_container_width=False`, use `width='content'`.
2026-05-21 14:47:36.486 Please replace `use_container_width` with `width`.

`use_container_width` will be removed after 2025-12-31.

For `use_container_width=True`, use `width='stretch'`. For `use_container_width=False`, use `width='content'`.
2026-05-21 14:47:36.580 Please replace `use_container_width` with `width`.

`use_container_width` will be removed after 2025-12-31.

For `use_container_width=True`, use `width='stretch'`. For `use_container_width=False`, use `width='content'`.
2026-05-21 14:47:36.654 Please replace `st.components.v1.html` with `st.iframe`.

`st.components.v1.html` will be removed after 2026-06-01.
2026-05-21 14:47:36.750 Please replace `use_container_width` with `width`.

`use_container_width` will be removed after 2025-12-31.

For `use_container_width=True`, use `width='stretch'`. For `use_container_width=False`, use `width='content'`.
2026-05-21 14:47:38.411 Please replace `use_container_width` with `width`.

`use_container_width` will be removed after 2025-12-31.

For `use_container_width=True`, use `width='stretch'`. For `use_container_width=False`, use `width='content'`.
2026-05-21 14:47:38.507 Please replace `use_container_width` with `width`.

`use_container_width` will be removed after 2025-12-31.

For `use_container_width=True`, use `width='stretch'`. For `use_container_width=False`, use `width='content'`.
2026-05-21 14:47:38.628 Please replace `use_container_width` with `width`.

`use_container_width` will be removed after 2025-12-31.

For `use_container_width=True`, use `width='stretch'`. For `use_container_width=False`, use `width='content'`.
2026-05-21 14:47:38.701 Please replace `st.components.v1.html` with `st.iframe`.

`st.components.v1.html` will be removed after 2026-06-01.
2026-05-21 14:47:38.808 Please replace `use_container_width` with `width`.

`use_container_width` will be removed after 2025-12-31.

For `use_container_width=True`, use `width='stretch'`. For `use_container_width=False`, use `width='content'`.
2026-05-21 14:47:40.385 Please replace `use_container_width` with `width`.

`use_container_width` will be removed after 2025-12-31.

For `use_container_width=True`, use `width='stretch'`. For `use_container_width=False`, use `width='content'`.
2026-05-21 14:47:40.474 Please replace `use_container_width` with `width`.

`use_container_width` will be removed after 2025-12-31.

For `use_container_width=True`, use `width='stretch'`. For `use_container_width=False`, use `width='content'`.
2026-05-21 14:47:40.570 Please replace `use_container_width` with `width`.

`use_container_width` will be removed after 2025-12-31.

For `use_container_width=True`, use `width='stretch'`. For `use_container_width=False`, use `width='content'`.
2026-05-21 14:47:40.660 Please replace `st.components.v1.html` with `st.iframe`.

`st.components.v1.html` will be removed after 2026-06-01.
2026-05-21 14:47:40.744 Please replace `use_container_width` with `width`.

`use_container_width` will be removed after 2025-12-31.

For `use_container_width=True`, use `width='stretch'`. For `use_container_width=False`, use `width='content'`.
2026-05-21 14:47:42.401 Please replace `use_container_width` with `width`.

`use_container_width` will be removed after 2025-12-31.

For `use_container_width=True`, use `width='stretch'`. For `use_container_width=False`, use `width='content'`.
2026-05-21 14:47:42.504 Please replace `use_container_width` with `width`.

`use_container_width` will be removed after 2025-12-31.

For `use_container_width=True`, use `width='stretch'`. For `use_container_width=False`, use `width='content'`.
2026-05-21 14:47:42.595 Please replace `use_container_width` with `width`.

`use_container_width` will be removed after 2025-12-31.

For `use_container_width=True`, use `width='stretch'`. For `use_container_width=False`, use `width='content'`.
2026-05-21 14:47:42.661 Please replace `st.components.v1.html` with `st.iframe`.

`st.components.v1.html` will be removed after 2026-06-01.
2026-05-21 14:47:42.763 Please replace `use_container_width` with `width`.

`use_container_width` will be removed after 2025-12-31.

For `use_container_width=True`, use `width='stretch'`. For `use_container_width=False`, use `width='content'`.
2026-05-21 14:47:44.380 Please replace `use_container_width` with `width`.

`use_container_width` will be removed after 2025-12-31.

For `use_container_width=True`, use `width='stretch'`. For `use_container_width=False`, use `width='content'`.
2026-05-21 14:47:44.500 Please replace `use_container_width` with `width`.

`use_container_width` will be removed after 2025-12-31.

For `use_container_width=True`, use `width='stretch'`. For `use_container_width=False`, use `width='content'`.
2026-05-21 14:47:44.614 Please replace `use_container_width` with `width`.

`use_container_width` will be removed after 2025-12-31.

For `use_container_width=True`, use `width='stretch'`. For `use_container_width=False`, use `width='content'`.
2026-05-21 14:47:44.721 Please replace `st.components.v1.html` with `st.iframe`.

`st.components.v1.html` will be removed after 2026-06-01.
2026-05-21 14:47:44.790 Please replace `use_container_width` with `width`.

`use_container_width` will be removed after 2025-12-31.

For `use_container_width=True`, use `width='stretch'`. For `use_container_width=False`, use `width='content'`.
2026-05-21 14:47:46.397 Please replace `use_container_width` with `width`.

`use_container_width` will be removed after 2025-12-31.

For `use_container_width=True`, use `width='stretch'`. For `use_container_width=False`, use `width='content'`.
2026-05-21 14:47:46.496 Please replace `use_container_width` with `width`.

`use_container_width` will be removed after 2025-12-31.

For `use_container_width=True`, use `width='stretch'`. For `use_container_width=False`, use `width='content'`.
2026-05-21 14:47:46.608 Please replace `use_container_width` with `width`.

`use_container_width` will be removed after 2025-12-31.

For `use_container_width=True`, use `width='stretch'`. For `use_container_width=False`, use `width='content'`.
2026-05-21 14:47:46.689 Please replace `st.components.v1.html` with `st.iframe`.

`st.components.v1.html` will be removed after 2026-06-01.
2026-05-21 14:47:46.780 Please replace `use_container_width` with `width`.

`use_container_width` will be removed after 2025-12-31.

For `use_container_width=True`, use `width='stretch'`. For `use_container_width=False`, use `width='content'`.
2026-05-21 14:47:48.443 Please replace `use_container_width` with `width`.

`use_container_width` will be removed after 2025-12-31.

For `use_container_width=True`, use `width='stretch'`. For `use_container_width=False`, use `width='content'`.
2026-05-21 14:47:48.538 Please replace `use_container_width` with `width`.

`use_container_width` will be removed after 2025-12-31.

For `use_container_width=True`, use `width='stretch'`. For `use_container_width=False`, use `width='content'`.
2026-05-21 14:47:48.643 Please replace `use_container_width` with `width`.

`use_container_width` will be removed after 2025-12-31.

For `use_container_width=True`, use `width='stretch'`. For `use_container_width=False`, use `width='content'`.
2026-05-21 14:47:48.722 Please replace `st.components.v1.html` with `st.iframe`.

`st.components.v1.html` will be removed after 2026-06-01.
2026-05-21 14:47:48.824 Please replace `use_container_width` with `width`.

`use_container_width` will be removed after 2025-12-31.

For `use_container_width=True`, use `width='stretch'`. For `use_container_width=False`, use `width='content'`.
2026-05-21 14:47:50.399 Please replace `use_container_width` with `width`.

`use_container_width` will be removed after 2025-12-31.

For `use_container_width=True`, use `width='stretch'`. For `use_container_width=False`, use `width='content'`.
2026-05-21 14:47:50.495 Please replace `use_container_width` with `width`.

`use_container_width` will be removed after 2025-12-31.

For `use_container_width=True`, use `width='stretch'`. For `use_container_width=False`, use `width='content'`.
2026-05-21 14:47:50.599 Please replace `use_container_width` with `width`.

`use_container_width` will be removed after 2025-12-31.

For `use_container_width=True`, use `width='stretch'`. For `use_container_width=False`, use `width='content'`.
2026-05-21 14:47:50.671 Please replace `st.components.v1.html` with `st.iframe`.

`st.components.v1.html` will be removed after 2026-06-01.
2026-05-21 14:47:50.773 Please replace `use_container_width` with `width`.

`use_container_width` will be removed after 2025-12-31.

For `use_container_width=True`, use `width='stretch'`. For `use_container_width=False`, use `width='content'`.
2026-05-21 14:47:52.390 Please replace `use_container_width` with `width`.

`use_container_width` will be removed after 2025-12-31.

For `use_container_width=True`, use `width='stretch'`. For `use_container_width=False`, use `width='content'`.
2026-05-21 14:47:52.491 Please replace `use_container_width` with `width`.

`use_container_width` will be removed after 2025-12-31.

For `use_container_width=True`, use `width='stretch'`. For `use_container_width=False`, use `width='content'`.
2026-05-21 14:47:52.598 Please replace `use_container_width` with `width`.

`use_container_width` will be removed after 2025-12-31.

For `use_container_width=True`, use `width='stretch'`. For `use_container_width=False`, use `width='content'`.
2026-05-21 14:47:52.696 Please replace `st.components.v1.html` with `st.iframe`.

`st.components.v1.html` will be removed after 2026-06-01.
2026-05-21 14:47:52.784 Please replace `use_container_width` with `width`.

`use_container_width` will be removed after 2025-12-31.

For `use_container_width=True`, use `width='stretch'`. For `use_container_width=False`, use `width='content'`.
2026-05-21 14:47:54.399 Please replace `use_container_width` with `width`.

`use_container_width` will be removed after 2025-12-31.

For `use_container_width=True`, use `width='stretch'`. For `use_container_width=False`, use `width='content'`.
2026-05-21 14:47:54.514 Please replace `use_container_width` with `width`.

`use_container_width` will be removed after 2025-12-31.

For `use_container_width=True`, use `width='stretch'`. For `use_container_width=False`, use `width='content'`.
2026-05-21 14:47:54.621 Please replace `use_container_width` with `width`.

`use_container_width` will be removed after 2025-12-31.

For `use_container_width=True`, use `width='stretch'`. For `use_container_width=False`, use `width='content'`.
2026-05-21 14:47:54.684 Please replace `st.components.v1.html` with `st.iframe`.

`st.components.v1.html` will be removed after 2026-06-01.
2026-05-21 14:47:54.784 Please replace `use_container_width` with `width`.

`use_container_width` will be removed after 2025-12-31.

For `use_container_width=True`, use `width='stretch'`. For `use_container_width=False`, use `width='content'`.
2026-05-21 14:47:56.382 Please replace `use_container_width` with `width`.

`use_container_width` will be removed after 2025-12-31.

For `use_container_width=True`, use `width='stretch'`. For `use_container_width=False`, use `width='content'`.
2026-05-21 14:47:56.487 Please replace `use_container_width` with `width`.

`use_container_width` will be removed after 2025-12-31.

For `use_container_width=True`, use `width='stretch'`. For `use_container_width=False`, use `width='content'`.
2026-05-21 14:47:56.588 Please replace `use_container_width` with `width`.

`use_container_width` will be removed after 2025-12-31.

For `use_container_width=True`, use `width='stretch'`. For `use_container_width=False`, use `width='content'`.
2026-05-21 14:47:56.666 Please replace `st.components.v1.html` with `st.iframe`.

`st.components.v1.html` will be removed after 2026-06-01.
2026-05-21 14:47:56.740 Please replace `use_container_width` with `width`.

`use_container_width` will be removed after 2025-12-31.

For `use_container_width=True`, use `width='stretch'`. For `use_container_width=False`, use `width='content'`.
2026-05-21 14:47:58.400 Please replace `use_container_width` with `width`.

`use_container_width` will be removed after 2025-12-31.

For `use_container_width=True`, use `width='stretch'`. For `use_container_width=False`, use `width='content'`.
2026-05-21 14:47:58.512 Please replace `use_container_width` with `width`.

`use_container_width` will be removed after 2025-12-31.

For `use_container_width=True`, use `width='stretch'`. For `use_container_width=False`, use `width='content'`.
2026-05-21 14:47:58.632 Please replace `use_container_width` with `width`.

`use_container_width` will be removed after 2025-12-31.

For `use_container_width=True`, use `width='stretch'`. For `use_container_width=False`, use `width='content'`.
2026-05-21 14:47:58.728 Please replace `st.components.v1.html` with `st.iframe`.

`st.components.v1.html` will be removed after 2026-06-01.
2026-05-21 14:47:58.846 Please replace `use_container_width` with `width`.

`use_container_width` will be removed after 2025-12-31.

For `use_container_width=True`, use `width='stretch'`. For `use_container_width=False`, use `width='content'`.
2026-05-21 14:48:00.383 Please replace `use_container_width` with `width`.

`use_container_width` will be removed after 2025-12-31.

For `use_container_width=True`, use `width='stretch'`. For `use_container_width=False`, use `width='content'`.
2026-05-21 14:48:00.472 Please replace `use_container_width` with `width`.

`use_container_width` will be removed after 2025-12-31.

For `use_container_width=True`, use `width='stretch'`. For `use_container_width=False`, use `width='content'`.
2026-05-21 14:48:00.586 Please replace `use_container_width` with `width`.

`use_container_width` will be removed after 2025-12-31.

For `use_container_width=True`, use `width='stretch'`. For `use_container_width=False`, use `width='content'`.
2026-05-21 14:48:00.683 Please replace `st.components.v1.html` with `st.iframe`.

`st.components.v1.html` will be removed after 2026-06-01.
2026-05-21 14:48:00.788 Please replace `use_container_width` with `width`.

`use_container_width` will be removed after 2025-12-31.

For `use_container_width=True`, use `width='stretch'`. For `use_container_width=False`, use `width='content'`.
2026-05-21 14:48:02.399 Please replace `use_container_width` with `width`.

`use_container_width` will be removed after 2025-12-31.

For `use_container_width=True`, use `width='stretch'`. For `use_container_width=False`, use `width='content'`.
2026-05-21 14:48:02.508 Please replace `use_container_width` with `width`.

`use_container_width` will be removed after 2025-12-31.

For `use_container_width=True`, use `width='stretch'`. For `use_container_width=False`, use `width='content'`.
2026-05-21 14:48:02.623 Please replace `use_container_width` with `width`.

`use_container_width` will be removed after 2025-12-31.

For `use_container_width=True`, use `width='stretch'`. For `use_container_width=False`, use `width='content'`.
2026-05-21 14:48:02.695 Please replace `st.components.v1.html` with `st.iframe`.

`st.components.v1.html` will be removed after 2026-06-01.
2026-05-21 14:48:02.789 Please replace `use_container_width` with `width`.

`use_container_width` will be removed after 2025-12-31.

For `use_container_width=True`, use `width='stretch'`. For `use_container_width=False`, use `width='content'`.
2026-05-21 14:48:04.391 Please replace `use_container_width` with `width`.

`use_container_width` will be removed after 2025-12-31.

For `use_container_width=True`, use `width='stretch'`. For `use_container_width=False`, use `width='content'`.
2026-05-21 14:48:04.478 Please replace `use_container_width` with `width`.

`use_container_width` will be removed after 2025-12-31.

For `use_container_width=True`, use `width='stretch'`. For `use_container_width=False`, use `width='content'`.
2026-05-21 14:48:04.579 Please replace `use_container_width` with `width`.

`use_container_width` will be removed after 2025-12-31.

For `use_container_width=True`, use `width='stretch'`. For `use_container_width=False`, use `width='content'`.
2026-05-21 14:48:04.654 Please replace `st.components.v1.html` with `st.iframe`.

`st.components.v1.html` will be removed after 2026-06-01.
2026-05-21 14:48:04.746 Please replace `use_container_width` with `width`.

`use_container_width` will be removed after 2025-12-31.

For `use_container_width=True`, use `width='stretch'`. For `use_container_width=False`, use `width='content'`.
2026-05-21 14:48:06.389 Please replace `use_container_width` with `width`.

`use_container_width` will be removed after 2025-12-31.

For `use_container_width=True`, use `width='stretch'`. For `use_container_width=False`, use `width='content'`.
2026-05-21 14:48:06.480 Please replace `use_container_width` with `width`.

`use_container_width` will be removed after 2025-12-31.

For `use_container_width=True`, use `width='stretch'`. For `use_container_width=False`, use `width='content'`.
2026-05-21 14:48:06.588 Please replace `use_container_width` with `width`.

`use_container_width` will be removed after 2025-12-31.

For `use_container_width=True`, use `width='stretch'`. For `use_container_width=False`, use `width='content'`.
2026-05-21 14:48:06.667 Please replace `st.components.v1.html` with `st.iframe`.

`st.components.v1.html` will be removed after 2026-06-01.
2026-05-21 14:48:06.775 Please replace `use_container_width` with `width`.

`use_container_width` will be removed after 2025-12-31.

For `use_container_width=True`, use `width='stretch'`. For `use_container_width=False`, use `width='content'`.
2026-05-21 14:48:08.389 Please replace `use_container_width` with `width`.

`use_container_width` will be removed after 2025-12-31.

For `use_container_width=True`, use `width='stretch'`. For `use_container_width=False`, use `width='content'`.
2026-05-21 14:48:08.486 Please replace `use_container_width` with `width`.

`use_container_width` will be removed after 2025-12-31.

For `use_container_width=True`, use `width='stretch'`. For `use_container_width=False`, use `width='content'`.
2026-05-21 14:48:08.585 Please replace `use_container_width` with `width`.

`use_container_width` will be removed after 2025-12-31.

For `use_container_width=True`, use `width='stretch'`. For `use_container_width=False`, use `width='content'`.
2026-05-21 14:48:08.642 Please replace `st.components.v1.html` with `st.iframe`.

`st.components.v1.html` will be removed after 2026-06-01.
2026-05-21 14:48:08.753 Please replace `use_container_width` with `width`.

`use_container_width` will be removed after 2025-12-31.

For `use_container_width=True`, use `width='stretch'`. For `use_container_width=False`, use `width='content'`.
2026-05-21 14:48:10.401 Please replace `use_container_width` with `width`.

`use_container_width` will be removed after 2025-12-31.

For `use_container_width=True`, use `width='stretch'`. For `use_container_width=False`, use `width='content'`.
2026-05-21 14:48:10.510 Please replace `use_container_width` with `width`.

`use_container_width` will be removed after 2025-12-31.

For `use_container_width=True`, use `width='stretch'`. For `use_container_width=False`, use `width='content'`.
2026-05-21 14:48:10.623 Please replace `use_container_width` with `width`.

`use_container_width` will be removed after 2025-12-31.

For `use_container_width=True`, use `width='stretch'`. For `use_container_width=False`, use `width='content'`.
2026-05-21 14:48:10.683 Please replace `st.components.v1.html` with `st.iframe`.

`st.components.v1.html` will be removed after 2026-06-01.
2026-05-21 14:48:10.784 Please replace `use_container_width` with `width`.

`use_container_width` will be removed after 2025-12-31.

For `use_container_width=True`, use `width='stretch'`. For `use_container_width=False`, use `width='content'`.
2026-05-21 14:48:12.381 Please replace `use_container_width` with `width`.

`use_container_width` will be removed after 2025-12-31.

For `use_container_width=True`, use `width='stretch'`. For `use_container_width=False`, use `width='content'`.
2026-05-21 14:48:12.475 Please replace `use_container_width` with `width`.

`use_container_width` will be removed after 2025-12-31.

For `use_container_width=True`, use `width='stretch'`. For `use_container_width=False`, use `width='content'`.
2026-05-21 14:48:12.604 Please replace `use_container_width` with `width`.

`use_container_width` will be removed after 2025-12-31.

For `use_container_width=True`, use `width='stretch'`. For `use_container_width=False`, use `width='content'`.
2026-05-21 14:48:12.715 Please replace `st.components.v1.html` with `st.iframe`.

`st.components.v1.html` will be removed after 2026-06-01.
2026-05-21 14:48:12.804 Please replace `use_container_width` with `width`.

`use_container_width` will be removed after 2025-12-31.

For `use_container_width=True`, use `width='stretch'`. For `use_container_width=False`, use `width='content'`.
2026-05-21 14:48:14.403 Please replace `use_container_width` with `width`.

`use_container_width` will be removed after 2025-12-31.

For `use_container_width=True`, use `width='stretch'`. For `use_container_width=False`, use `width='content'`.
2026-05-21 14:48:14.495 Please replace `use_container_width` with `width`.

`use_container_width` will be removed after 2025-12-31.

For `use_container_width=True`, use `width='stretch'`. For `use_container_width=False`, use `width='content'`.
2026-05-21 14:48:14.619 Please replace `use_container_width` with `width`.

`use_container_width` will be removed after 2025-12-31.

For `use_container_width=True`, use `width='stretch'`. For `use_container_width=False`, use `width='content'`.
2026-05-21 14:48:14.717 Please replace `st.components.v1.html` with `st.iframe`.

`st.components.v1.html` will be removed after 2026-06-01.
2026-05-21 14:48:14.824 Please replace `use_container_width` with `width`.

`use_container_width` will be removed after 2025-12-31.

For `use_container_width=True`, use `width='stretch'`. For `use_container_width=False`, use `width='content'`.
2026-05-21 14:48:16.378 Please replace `use_container_width` with `width`.

`use_container_width` will be removed after 2025-12-31.

For `use_container_width=True`, use `width='stretch'`. For `use_container_width=False`, use `width='content'`.
2026-05-21 14:48:16.472 Please replace `use_container_width` with `width`.

`use_container_width` will be removed after 2025-12-31.

For `use_container_width=True`, use `width='stretch'`. For `use_container_width=False`, use `width='content'`.
2026-05-21 14:48:16.578 Please replace `use_container_width` with `width`.

`use_container_width` will be removed after 2025-12-31.

For `use_container_width=True`, use `width='stretch'`. For `use_container_width=False`, use `width='content'`.
2026-05-21 14:48:16.642 Please replace `st.components.v1.html` with `st.iframe`.

`st.components.v1.html` will be removed after 2026-06-01.
2026-05-21 14:48:16.732 Please replace `use_container_width` with `width`.

`use_container_width` will be removed after 2025-12-31.

For `use_container_width=True`, use `width='stretch'`. For `use_container_width=False`, use `width='content'`.
2026-05-21 14:48:18.401 Please replace `use_container_width` with `width`.

`use_container_width` will be removed after 2025-12-31.

For `use_container_width=True`, use `width='stretch'`. For `use_container_width=False`, use `width='content'`.
2026-05-21 14:48:18.501 Please replace `use_container_width` with `width`.

`use_container_width` will be removed after 2025-12-31.

For `use_container_width=True`, use `width='stretch'`. For `use_container_width=False`, use `width='content'`.
2026-05-21 14:48:18.614 Please replace `use_container_width` with `width`.

`use_container_width` will be removed after 2025-12-31.

For `use_container_width=True`, use `width='stretch'`. For `use_container_width=False`, use `width='content'`.
2026-05-21 14:48:18.687 Please replace `st.components.v1.html` with `st.iframe`.

`st.components.v1.html` will be removed after 2026-06-01.
2026-05-21 14:48:18.769 Please replace `use_container_width` with `width`.

`use_container_width` will be removed after 2025-12-31.

For `use_container_width=True`, use `width='stretch'`. For `use_container_width=False`, use `width='content'`.
2026-05-21 14:48:20.383 Please replace `use_container_width` with `width`.

`use_container_width` will be removed after 2025-12-31.

For `use_container_width=True`, use `width='stretch'`. For `use_container_width=False`, use `width='content'`.
2026-05-21 14:48:20.484 Please replace `use_container_width` with `width`.

`use_container_width` will be removed after 2025-12-31.

For `use_container_width=True`, use `width='stretch'`. For `use_container_width=False`, use `width='content'`.
2026-05-21 14:48:20.580 Please replace `use_container_width` with `width`.

`use_container_width` will be removed after 2025-12-31.

For `use_container_width=True`, use `width='stretch'`. For `use_container_width=False`, use `width='content'`.
2026-05-21 14:48:20.669 Please replace `st.components.v1.html` with `st.iframe`.

`st.components.v1.html` will be removed after 2026-06-01.
2026-05-21 14:48:20.775 Please replace `use_container_width` with `width`.

`use_container_width` will be removed after 2025-12-31.

For `use_container_width=True`, use `width='stretch'`. For `use_container_width=False`, use `width='content'`.
2026-05-21 14:48:22.398 Please replace `use_container_width` with `width`.

`use_container_width` will be removed after 2025-12-31.

For `use_container_width=True`, use `width='stretch'`. For `use_container_width=False`, use `width='content'`.
2026-05-21 14:48:22.513 Please replace `use_container_width` with `width`.

`use_container_width` will be removed after 2025-12-31.

For `use_container_width=True`, use `width='stretch'`. For `use_container_width=False`, use `width='content'`.
2026-05-21 14:48:22.623 Please replace `use_container_width` with `width`.

`use_container_width` will be removed after 2025-12-31.

For `use_container_width=True`, use `width='stretch'`. For `use_container_width=False`, use `width='content'`.
2026-05-21 14:48:22.690 Please replace `st.components.v1.html` with `st.iframe`.

`st.components.v1.html` will be removed after 2026-06-01.
2026-05-21 14:48:22.785 Please replace `use_container_width` with `width`.

`use_container_width` will be removed after 2025-12-31.

For `use_container_width=True`, use `width='stretch'`. For `use_container_width=False`, use `width='content'`.
2026-05-21 14:48:24.382 Please replace `use_container_width` with `width`.

`use_container_width` will be removed after 2025-12-31.

For `use_container_width=True`, use `width='stretch'`. For `use_container_width=False`, use `width='content'`.
2026-05-21 14:48:24.483 Please replace `use_container_width` with `width`.

`use_container_width` will be removed after 2025-12-31.

For `use_container_width=True`, use `width='stretch'`. For `use_container_width=False`, use `width='content'`.
2026-05-21 14:48:24.586 Please replace `use_container_width` with `width`.

`use_container_width` will be removed after 2025-12-31.

For `use_container_width=True`, use `width='stretch'`. For `use_container_width=False`, use `width='content'`.
2026-05-21 14:48:24.661 Please replace `st.components.v1.html` with `st.iframe`.

`st.components.v1.html` will be removed after 2026-06-01.
2026-05-21 14:48:24.751 Please replace `use_container_width` with `width`.

`use_container_width` will be removed after 2025-12-31.

For `use_container_width=True`, use `width='stretch'`. For `use_container_width=False`, use `width='content'`.
2026-05-21 14:48:26.400 Please replace `use_container_width` with `width`.

`use_container_width` will be removed after 2025-12-31.

For `use_container_width=True`, use `width='stretch'`. For `use_container_width=False`, use `width='content'`.
2026-05-21 14:48:26.493 Please replace `use_container_width` with `width`.

`use_container_width` will be removed after 2025-12-31.

For `use_container_width=True`, use `width='stretch'`. For `use_container_width=False`, use `width='content'`.
2026-05-21 14:48:26.596 Please replace `use_container_width` with `width`.

`use_container_width` will be removed after 2025-12-31.

For `use_container_width=True`, use `width='stretch'`. For `use_container_width=False`, use `width='content'`.
2026-05-21 14:48:26.671 Please replace `st.components.v1.html` with `st.iframe`.

`st.components.v1.html` will be removed after 2026-06-01.
2026-05-21 14:48:26.779 Please replace `use_container_width` with `width`.

`use_container_width` will be removed after 2025-12-31.

For `use_container_width=True`, use `width='stretch'`. For `use_container_width=False`, use `width='content'`.
2026-05-21 14:48:28.377 Please replace `use_container_width` with `width`.

`use_container_width` will be removed after 2025-12-31.

For `use_container_width=True`, use `width='stretch'`. For `use_container_width=False`, use `width='content'`.
2026-05-21 14:48:28.480 Please replace `use_container_width` with `width`.

`use_container_width` will be removed after 2025-12-31.

For `use_container_width=True`, use `width='stretch'`. For `use_container_width=False`, use `width='content'`.
2026-05-21 14:48:28.580 Please replace `use_container_width` with `width`.

`use_container_width` will be removed after 2025-12-31.

For `use_container_width=True`, use `width='stretch'`. For `use_container_width=False`, use `width='content'`.
2026-05-21 14:48:28.656 Please replace `st.components.v1.html` with `st.iframe`.

`st.components.v1.html` will be removed after 2026-06-01.
2026-05-21 14:48:28.764 Please replace `use_container_width` with `width`.

`use_container_width` will be removed after 2025-12-31.

For `use_container_width=True`, use `width='stretch'`. For `use_container_width=False`, use `width='content'`.
2026-05-21 14:48:30.454 Please replace `use_container_width` with `width`.

`use_container_width` will be removed after 2025-12-31.

For `use_container_width=True`, use `width='stretch'`. For `use_container_width=False`, use `width='content'`.
2026-05-21 14:48:30.582 Please replace `use_container_width` with `width`.

`use_container_width` will be removed after 2025-12-31.

For `use_container_width=True`, use `width='stretch'`. For `use_container_width=False`, use `width='content'`.
2026-05-21 14:48:30.703 Please replace `use_container_width` with `width`.

`use_container_width` will be removed after 2025-12-31.

For `use_container_width=True`, use `width='stretch'`. For `use_container_width=False`, use `width='content'`.
2026-05-21 14:48:30.800 Please replace `st.components.v1.html` with `st.iframe`.

`st.components.v1.html` will be removed after 2026-06-01.
2026-05-21 14:48:30.886 Please replace `use_container_width` with `width`.

`use_container_width` will be removed after 2025-12-31.

For `use_container_width=True`, use `width='stretch'`. For `use_container_width=False`, use `width='content'`.
2026-05-21 14:48:32.383 Please replace `use_container_width` with `width`.

`use_container_width` will be removed after 2025-12-31.

For `use_container_width=True`, use `width='stretch'`. For `use_container_width=False`, use `width='content'`.
2026-05-21 14:48:32.473 Please replace `use_container_width` with `width`.

`use_container_width` will be removed after 2025-12-31.

For `use_container_width=True`, use `width='stretch'`. For `use_container_width=False`, use `width='content'`.
2026-05-21 14:48:32.596 Please replace `use_container_width` with `width`.

`use_container_width` will be removed after 2025-12-31.

For `use_container_width=True`, use `width='stretch'`. For `use_container_width=False`, use `width='content'`.
2026-05-21 14:48:32.675 Please replace `st.components.v1.html` with `st.iframe`.

`st.components.v1.html` will be removed after 2026-06-01.
2026-05-21 14:48:32.792 Please replace `use_container_width` with `width`.

`use_container_width` will be removed after 2025-12-31.

For `use_container_width=True`, use `width='stretch'`. For `use_container_width=False`, use `width='content'`.
2026-05-21 14:48:34.403 Please replace `use_container_width` with `width`.

`use_container_width` will be removed after 2025-12-31.

For `use_container_width=True`, use `width='stretch'`. For `use_container_width=False`, use `width='content'`.
2026-05-21 14:48:34.505 Please replace `use_container_width` with `width`.

`use_container_width` will be removed after 2025-12-31.

For `use_container_width=True`, use `width='stretch'`. For `use_container_width=False`, use `width='content'`.
2026-05-21 14:48:34.629 Please replace `use_container_width` with `width`.

`use_container_width` will be removed after 2025-12-31.

For `use_container_width=True`, use `width='stretch'`. For `use_container_width=False`, use `width='content'`.
2026-05-21 14:48:34.701 Please replace `st.components.v1.html` with `st.iframe`.

`st.components.v1.html` will be removed after 2026-06-01.
2026-05-21 14:48:34.795 Please replace `use_container_width` with `width`.

`use_container_width` will be removed after 2025-12-31.

For `use_container_width=True`, use `width='stretch'`. For `use_container_width=False`, use `width='content'`.
2026-05-21 14:48:36.379 Please replace `use_container_width` with `width`.

`use_container_width` will be removed after 2025-12-31.

For `use_container_width=True`, use `width='stretch'`. For `use_container_width=False`, use `width='content'`.
2026-05-21 14:48:36.478 Please replace `use_container_width` with `width`.

`use_container_width` will be removed after 2025-12-31.

For `use_container_width=True`, use `width='stretch'`. For `use_container_width=False`, use `width='content'`.
2026-05-21 14:48:36.571 Please replace `use_container_width` with `width`.

`use_container_width` will be removed after 2025-12-31.

For `use_container_width=True`, use `width='stretch'`. For `use_container_width=False`, use `width='content'`.
2026-05-21 14:48:36.641 Please replace `st.components.v1.html` with `st.iframe`.

`st.components.v1.html` will be removed after 2026-06-01.
2026-05-21 14:48:36.749 Please replace `use_container_width` with `width`.

`use_container_width` will be removed after 2025-12-31.

For `use_container_width=True`, use `width='stretch'`. For `use_container_width=False`, use `width='content'`.
2026-05-21 14:48:38.412 Please replace `use_container_width` with `width`.

`use_container_width` will be removed after 2025-12-31.

For `use_container_width=True`, use `width='stretch'`. For `use_container_width=False`, use `width='content'`.
2026-05-21 14:48:38.515 Please replace `use_container_width` with `width`.

`use_container_width` will be removed after 2025-12-31.

For `use_container_width=True`, use `width='stretch'`. For `use_container_width=False`, use `width='content'`.
2026-05-21 14:48:38.642 Please replace `use_container_width` with `width`.

`use_container_width` will be removed after 2025-12-31.

For `use_container_width=True`, use `width='stretch'`. For `use_container_width=False`, use `width='content'`.
2026-05-21 14:48:38.736 Please replace `st.components.v1.html` with `st.iframe`.

`st.components.v1.html` will be removed after 2026-06-01.
2026-05-21 14:48:38.836 Please replace `use_container_width` with `width`.

`use_container_width` will be removed after 2025-12-31.

For `use_container_width=True`, use `width='stretch'`. For `use_container_width=False`, use `width='content'`.
2026-05-21 14:48:40.378 Please replace `use_container_width` with `width`.

`use_container_width` will be removed after 2025-12-31.

For `use_container_width=True`, use `width='stretch'`. For `use_container_width=False`, use `width='content'`.
2026-05-21 14:48:40.476 Please replace `use_container_width` with `width`.

`use_container_width` will be removed after 2025-12-31.

For `use_container_width=True`, use `width='stretch'`. For `use_container_width=False`, use `width='content'`.
2026-05-21 14:48:40.569 Please replace `use_container_width` with `width`.

`use_container_width` will be removed after 2025-12-31.

For `use_container_width=True`, use `width='stretch'`. For `use_container_width=False`, use `width='content'`.
2026-05-21 14:48:40.667 Please replace `st.components.v1.html` with `st.iframe`.

`st.components.v1.html` will be removed after 2026-06-01.
2026-05-21 14:48:40.799 Please replace `use_container_width` with `width`.

`use_container_width` will be removed after 2025-12-31.

For `use_container_width=True`, use `width='stretch'`. For `use_container_width=False`, use `width='content'`.
2026-05-21 14:48:42.398 Please replace `use_container_width` with `width`.

`use_container_width` will be removed after 2025-12-31.

For `use_container_width=True`, use `width='stretch'`. For `use_container_width=False`, use `width='content'`.
2026-05-21 14:48:42.512 Please replace `use_container_width` with `width`.

`use_container_width` will be removed after 2025-12-31.

For `use_container_width=True`, use `width='stretch'`. For `use_container_width=False`, use `width='content'`.
2026-05-21 14:48:42.631 Please replace `use_container_width` with `width`.

`use_container_width` will be removed after 2025-12-31.

For `use_container_width=True`, use `width='stretch'`. For `use_container_width=False`, use `width='content'`.
2026-05-21 14:48:42.720 Please replace `st.components.v1.html` with `st.iframe`.

`st.components.v1.html` will be removed after 2026-06-01.
2026-05-21 14:48:42.815 Please replace `use_container_width` with `width`.

`use_container_width` will be removed after 2025-12-31.

For `use_container_width=True`, use `width='stretch'`. For `use_container_width=False`, use `width='content'`.
2026-05-21 14:48:44.386 Please replace `use_container_width` with `width`.

`use_container_width` will be removed after 2025-12-31.

For `use_container_width=True`, use `width='stretch'`. For `use_container_width=False`, use `width='content'`.
2026-05-21 14:48:44.500 Please replace `use_container_width` with `width`.

`use_container_width` will be removed after 2025-12-31.

For `use_container_width=True`, use `width='stretch'`. For `use_container_width=False`, use `width='content'`.
2026-05-21 14:48:44.601 Please replace `use_container_width` with `width`.

`use_container_width` will be removed after 2025-12-31.

For `use_container_width=True`, use `width='stretch'`. For `use_container_width=False`, use `width='content'`.
2026-05-21 14:48:44.663 Please replace `st.components.v1.html` with `st.iframe`.

`st.components.v1.html` will be removed after 2026-06-01.
2026-05-21 14:48:44.760 Please replace `use_container_width` with `width`.

`use_container_width` will be removed after 2025-12-31.

For `use_container_width=True`, use `width='stretch'`. For `use_container_width=False`, use `width='content'`.
2026-05-21 14:48:46.399 Please replace `use_container_width` with `width`.

`use_container_width` will be removed after 2025-12-31.

For `use_container_width=True`, use `width='stretch'`. For `use_container_width=False`, use `width='content'`.
2026-05-21 14:48:46.502 Please replace `use_container_width` with `width`.

`use_container_width` will be removed after 2025-12-31.

For `use_container_width=True`, use `width='stretch'`. For `use_container_width=False`, use `width='content'`.
2026-05-21 14:48:46.612 Please replace `use_container_width` with `width`.

`use_container_width` will be removed after 2025-12-31.

For `use_container_width=True`, use `width='stretch'`. For `use_container_width=False`, use `width='content'`.
2026-05-21 14:48:46.685 Please replace `st.components.v1.html` with `st.iframe`.

`st.components.v1.html` will be removed after 2026-06-01.
2026-05-21 14:48:46.790 Please replace `use_container_width` with `width`.

`use_container_width` will be removed after 2025-12-31.

For `use_container_width=True`, use `width='stretch'`. For `use_container_width=False`, use `width='content'`.
2026-05-21 14:48:48.379 Please replace `use_container_width` with `width`.

`use_container_width` will be removed after 2025-12-31.

For `use_container_width=True`, use `width='stretch'`. For `use_container_width=False`, use `width='content'`.
2026-05-21 14:48:48.474 Please replace `use_container_width` with `width`.

`use_container_width` will be removed after 2025-12-31.

For `use_container_width=True`, use `width='stretch'`. For `use_container_width=False`, use `width='content'`.
2026-05-21 14:48:48.568 Please replace `use_container_width` with `width`.

`use_container_width` will be removed after 2025-12-31.

For `use_container_width=True`, use `width='stretch'`. For `use_container_width=False`, use `width='content'`.
2026-05-21 14:48:48.660 Please replace `st.components.v1.html` with `st.iframe`.

`st.components.v1.html` will be removed after 2026-06-01.
2026-05-21 14:48:48.748 Please replace `use_container_width` with `width`.

`use_container_width` will be removed after 2025-12-31.

For `use_container_width=True`, use `width='stretch'`. For `use_container_width=False`, use `width='content'`.
2026-05-21 14:48:50.434 Please replace `use_container_width` with `width`.

`use_container_width` will be removed after 2025-12-31.

For `use_container_width=True`, use `width='stretch'`. For `use_container_width=False`, use `width='content'`.
2026-05-21 14:48:50.551 Please replace `use_container_width` with `width`.

`use_container_width` will be removed after 2025-12-31.

For `use_container_width=True`, use `width='stretch'`. For `use_container_width=False`, use `width='content'`.
2026-05-21 14:48:50.644 Please replace `use_container_width` with `width`.

`use_container_width` will be removed after 2025-12-31.

For `use_container_width=True`, use `width='stretch'`. For `use_container_width=False`, use `width='content'`.
2026-05-21 14:48:50.716 Please replace `st.components.v1.html` with `st.iframe`.

`st.components.v1.html` will be removed after 2026-06-01.
2026-05-21 14:48:50.813 Please replace `use_container_width` with `width`.

`use_container_width` will be removed after 2025-12-31.

For `use_container_width=True`, use `width='stretch'`. For `use_container_width=False`, use `width='content'`.
2026-05-21 14:48:52.383 Please replace `use_container_width` with `width`.

`use_container_width` will be removed after 2025-12-31.

For `use_container_width=True`, use `width='stretch'`. For `use_container_width=False`, use `width='content'`.
2026-05-21 14:48:52.485 Please replace `use_container_width` with `width`.

`use_container_width` will be removed after 2025-12-31.

For `use_container_width=True`, use `width='stretch'`. For `use_container_width=False`, use `width='content'`.
2026-05-21 14:48:52.590 Please replace `use_container_width` with `width`.

`use_container_width` will be removed after 2025-12-31.

For `use_container_width=True`, use `width='stretch'`. For `use_container_width=False`, use `width='content'`.
2026-05-21 14:48:52.694 Please replace `st.components.v1.html` with `st.iframe`.

`st.components.v1.html` will be removed after 2026-06-01.
2026-05-21 14:48:52.791 Please replace `use_container_width` with `width`.

`use_container_width` will be removed after 2025-12-31.

For `use_container_width=True`, use `width='stretch'`. For `use_container_width=False`, use `width='content'`.
2026-05-21 14:48:54.401 Please replace `use_container_width` with `width`.

`use_container_width` will be removed after 2025-12-31.

For `use_container_width=True`, use `width='stretch'`. For `use_container_width=False`, use `width='content'`.
2026-05-21 14:48:54.491 Please replace `use_container_width` with `width`.

`use_container_width` will be removed after 2025-12-31.

For `use_container_width=True`, use `width='stretch'`. For `use_container_width=False`, use `width='content'`.
2026-05-21 14:48:54.613 Please replace `use_container_width` with `width`.

`use_container_width` will be removed after 2025-12-31.

For `use_container_width=True`, use `width='stretch'`. For `use_container_width=False`, use `width='content'`.
2026-05-21 14:48:54.692 Please replace `st.components.v1.html` with `st.iframe`.

`st.components.v1.html` will be removed after 2026-06-01.
2026-05-21 14:48:54.783 Please replace `use_container_width` with `width`.

`use_container_width` will be removed after 2025-12-31.

For `use_container_width=True`, use `width='stretch'`. For `use_container_width=False`, use `width='content'`.
2026-05-21 14:48:56.384 Please replace `use_container_width` with `width`.

`use_container_width` will be removed after 2025-12-31.

For `use_container_width=True`, use `width='stretch'`. For `use_container_width=False`, use `width='content'`.
2026-05-21 14:48:56.482 Please replace `use_container_width` with `width`.

`use_container_width` will be removed after 2025-12-31.

For `use_container_width=True`, use `width='stretch'`. For `use_container_width=False`, use `width='content'`.
2026-05-21 14:48:56.580 Please replace `use_container_width` with `width`.

`use_container_width` will be removed after 2025-12-31.

For `use_container_width=True`, use `width='stretch'`. For `use_container_width=False`, use `width='content'`.
2026-05-21 14:48:56.670 Please replace `st.components.v1.html` with `st.iframe`.

`st.components.v1.html` will be removed after 2026-06-01.
2026-05-21 14:48:56.765 Please replace `use_container_width` with `width`.

`use_container_width` will be removed after 2025-12-31.

For `use_container_width=True`, use `width='stretch'`. For `use_container_width=False`, use `width='content'`.
2026-05-21 14:48:58.400 Please replace `use_container_width` with `width`.

`use_container_width` will be removed after 2025-12-31.

For `use_container_width=True`, use `width='stretch'`. For `use_container_width=False`, use `width='content'`.
2026-05-21 14:48:58.503 Please replace `use_container_width` with `width`.

`use_container_width` will be removed after 2025-12-31.

For `use_container_width=True`, use `width='stretch'`. For `use_container_width=False`, use `width='content'`.
2026-05-21 14:48:58.595 Please replace `use_container_width` with `width`.

`use_container_width` will be removed after 2025-12-31.

For `use_container_width=True`, use `width='stretch'`. For `use_container_width=False`, use `width='content'`.
2026-05-21 14:48:58.679 Please replace `st.components.v1.html` with `st.iframe`.

`st.components.v1.html` will be removed after 2026-06-01.
2026-05-21 14:48:58.761 Please replace `use_container_width` with `width`.

`use_container_width` will be removed after 2025-12-31.

For `use_container_width=True`, use `width='stretch'`. For `use_container_width=False`, use `width='content'`.
2026-05-21 14:49:00.385 Please replace `use_container_width` with `width`.

`use_container_width` will be removed after 2025-12-31.

For `use_container_width=True`, use `width='stretch'`. For `use_container_width=False`, use `width='content'`.
2026-05-21 14:49:00.492 Please replace `use_container_width` with `width`.

`use_container_width` will be removed after 2025-12-31.

For `use_container_width=True`, use `width='stretch'`. For `use_container_width=False`, use `width='content'`.
2026-05-21 14:49:00.584 Please replace `use_container_width` with `width`.

`use_container_width` will be removed after 2025-12-31.

For `use_container_width=True`, use `width='stretch'`. For `use_container_width=False`, use `width='content'`.
2026-05-21 14:49:00.672 Please replace `st.components.v1.html` with `st.iframe`.

`st.components.v1.html` will be removed after 2026-06-01.
2026-05-21 14:49:00.824 Please replace `use_container_width` with `width`.

`use_container_width` will be removed after 2025-12-31.

For `use_container_width=True`, use `width='stretch'`. For `use_container_width=False`, use `width='content'`.
2026-05-21 14:49:02.398 Please replace `use_container_width` with `width`.

`use_container_width` will be removed after 2025-12-31.

For `use_container_width=True`, use `width='stretch'`. For `use_container_width=False`, use `width='content'`.
2026-05-21 14:49:02.503 Please replace `use_container_width` with `width`.

`use_container_width` will be removed after 2025-12-31.

For `use_container_width=True`, use `width='stretch'`. For `use_container_width=False`, use `width='content'`.
2026-05-21 14:49:02.626 Please replace `use_container_width` with `width`.

`use_container_width` will be removed after 2025-12-31.

For `use_container_width=True`, use `width='stretch'`. For `use_container_width=False`, use `width='content'`.
2026-05-21 14:49:02.698 Please replace `st.components.v1.html` with `st.iframe`.

`st.components.v1.html` will be removed after 2026-06-01.
2026-05-21 14:49:02.804 Please replace `use_container_width` with `width`.

`use_container_width` will be removed after 2025-12-31.

For `use_container_width=True`, use `width='stretch'`. For `use_container_width=False`, use `width='content'`.
2026-05-21 14:49:04.384 Please replace `use_container_width` with `width`.

`use_container_width` will be removed after 2025-12-31.

For `use_container_width=True`, use `width='stretch'`. For `use_container_width=False`, use `width='content'`.
2026-05-21 14:49:04.479 Please replace `use_container_width` with `width`.

`use_container_width` will be removed after 2025-12-31.

For `use_container_width=True`, use `width='stretch'`. For `use_container_width=False`, use `width='content'`.
2026-05-21 14:49:04.600 Please replace `use_container_width` with `width`.

`use_container_width` will be removed after 2025-12-31.

For `use_container_width=True`, use `width='stretch'`. For `use_container_width=False`, use `width='content'`.
2026-05-21 14:49:04.670 Please replace `st.components.v1.html` with `st.iframe`.

`st.components.v1.html` will be removed after 2026-06-01.
2026-05-21 14:49:04.775 Please replace `use_container_width` with `width`.

`use_container_width` will be removed after 2025-12-31.

For `use_container_width=True`, use `width='stretch'`. For `use_container_width=False`, use `width='content'`.
2026-05-21 14:49:06.408 Please replace `use_container_width` with `width`.

`use_container_width` will be removed after 2025-12-31.

For `use_container_width=True`, use `width='stretch'`. For `use_container_width=False`, use `width='content'`.
2026-05-21 14:49:06.521 Please replace `use_container_width` with `width`.

`use_container_width` will be removed after 2025-12-31.

For `use_container_width=True`, use `width='stretch'`. For `use_container_width=False`, use `width='content'`.
2026-05-21 14:49:06.637 Please replace `use_container_width` with `width`.

`use_container_width` will be removed after 2025-12-31.

For `use_container_width=True`, use `width='stretch'`. For `use_container_width=False`, use `width='content'`.
2026-05-21 14:49:06.709 Please replace `st.components.v1.html` with `st.iframe`.

`st.components.v1.html` will be removed after 2026-06-01.
2026-05-21 14:49:06.813 Please replace `use_container_width` with `width`.

`use_container_width` will be removed after 2025-12-31.

For `use_container_width=True`, use `width='stretch'`. For `use_container_width=False`, use `width='content'`.
2026-05-21 14:49:08.382 Please replace `use_container_width` with `width`.

`use_container_width` will be removed after 2025-12-31.

For `use_container_width=True`, use `width='stretch'`. For `use_container_width=False`, use `width='content'`.
2026-05-21 14:49:08.471 Please replace `use_container_width` with `width`.

`use_container_width` will be removed after 2025-12-31.

For `use_container_width=True`, use `width='stretch'`. For `use_container_width=False`, use `width='content'`.
2026-05-21 14:49:08.567 Please replace `use_container_width` with `width`.

`use_container_width` will be removed after 2025-12-31.

For `use_container_width=True`, use `width='stretch'`. For `use_container_width=False`, use `width='content'`.
2026-05-21 14:49:08.651 Please replace `st.components.v1.html` with `st.iframe`.

`st.components.v1.html` will be removed after 2026-06-01.
2026-05-21 14:49:08.744 Please replace `use_container_width` with `width`.

`use_container_width` will be removed after 2025-12-31.

For `use_container_width=True`, use `width='stretch'`. For `use_container_width=False`, use `width='content'`.
2026-05-21 14:49:10.405 Please replace `use_container_width` with `width`.

`use_container_width` will be removed after 2025-12-31.

For `use_container_width=True`, use `width='stretch'`. For `use_container_width=False`, use `width='content'`.
2026-05-21 14:49:10.502 Please replace `use_container_width` with `width`.

`use_container_width` will be removed after 2025-12-31.

For `use_container_width=True`, use `width='stretch'`. For `use_container_width=False`, use `width='content'`.
2026-05-21 14:49:10.612 Please replace `use_container_width` with `width`.

`use_container_width` will be removed after 2025-12-31.

For `use_container_width=True`, use `width='stretch'`. For `use_container_width=False`, use `width='content'`.
2026-05-21 14:49:10.685 Please replace `st.components.v1.html` with `st.iframe`.

`st.components.v1.html` will be removed after 2026-06-01.
2026-05-21 14:49:10.810 Please replace `use_container_width` with `width`.

`use_container_width` will be removed after 2025-12-31.

For `use_container_width=True`, use `width='stretch'`. For `use_container_width=False`, use `width='content'`.
2026-05-21 14:49:12.477 Please replace `use_container_width` with `width`.

`use_container_width` will be removed after 2025-12-31.

For `use_container_width=True`, use `width='stretch'`. For `use_container_width=False`, use `width='content'`.
2026-05-21 14:49:12.570 Please replace `use_container_width` with `width`.

`use_container_width` will be removed after 2025-12-31.

For `use_container_width=True`, use `width='stretch'`. For `use_container_width=False`, use `width='content'`.
2026-05-21 14:49:12.700 Please replace `use_container_width` with `width`.

`use_container_width` will be removed after 2025-12-31.

For `use_container_width=True`, use `width='stretch'`. For `use_container_width=False`, use `width='content'`.
2026-05-21 14:49:12.802 Please replace `st.components.v1.html` with `st.iframe`.

`st.components.v1.html` will be removed after 2026-06-01.
2026-05-21 14:49:12.904 Please replace `use_container_width` with `width`.

`use_container_width` will be removed after 2025-12-31.

For `use_container_width=True`, use `width='stretch'`. For `use_container_width=False`, use `width='content'`.
2026-05-21 14:49:14.393 Please replace `use_container_width` with `width`.

`use_container_width` will be removed after 2025-12-31.

For `use_container_width=True`, use `width='stretch'`. For `use_container_width=False`, use `width='content'`.
2026-05-21 14:49:14.485 Please replace `use_container_width` with `width`.

`use_container_width` will be removed after 2025-12-31.

For `use_container_width=True`, use `width='stretch'`. For `use_container_width=False`, use `width='content'`.
2026-05-21 14:49:14.590 Please replace `use_container_width` with `width`.

`use_container_width` will be removed after 2025-12-31.

For `use_container_width=True`, use `width='stretch'`. For `use_container_width=False`, use `width='content'`.
2026-05-21 14:49:14.683 Please replace `st.components.v1.html` with `st.iframe`.

`st.components.v1.html` will be removed after 2026-06-01.
2026-05-21 14:49:14.763 Please replace `use_container_width` with `width`.

`use_container_width` will be removed after 2025-12-31.

For `use_container_width=True`, use `width='stretch'`. For `use_container_width=False`, use `width='content'`.
2026-05-21 14:49:16.404 Please replace `use_container_width` with `width`.

`use_container_width` will be removed after 2025-12-31.

For `use_container_width=True`, use `width='stretch'`. For `use_container_width=False`, use `width='content'`.
2026-05-21 14:49:16.508 Please replace `use_container_width` with `width`.

`use_container_width` will be removed after 2025-12-31.

For `use_container_width=True`, use `width='stretch'`. For `use_container_width=False`, use `width='content'`.
2026-05-21 14:49:16.620 Please replace `use_container_width` with `width`.

`use_container_width` will be removed after 2025-12-31.

For `use_container_width=True`, use `width='stretch'`. For `use_container_width=False`, use `width='content'`.
2026-05-21 14:49:16.717 Please replace `st.components.v1.html` with `st.iframe`.

`st.components.v1.html` will be removed after 2026-06-01.
2026-05-21 14:49:16.810 Please replace `use_container_width` with `width`.

`use_container_width` will be removed after 2025-12-31.

For `use_container_width=True`, use `width='stretch'`. For `use_container_width=False`, use `width='content'`.
2026-05-21 14:49:18.397 Please replace `use_container_width` with `width`.

`use_container_width` will be removed after 2025-12-31.

For `use_container_width=True`, use `width='stretch'`. For `use_container_width=False`, use `width='content'`.
2026-05-21 14:49:18.488 Please replace `use_container_width` with `width`.

`use_container_width` will be removed after 2025-12-31.

For `use_container_width=True`, use `width='stretch'`. For `use_container_width=False`, use `width='content'`.
2026-05-21 14:49:18.586 Please replace `use_container_width` with `width`.

`use_container_width` will be removed after 2025-12-31.

For `use_container_width=True`, use `width='stretch'`. For `use_container_width=False`, use `width='content'`.
2026-05-21 14:49:18.673 Please replace `st.components.v1.html` with `st.iframe`.

`st.components.v1.html` will be removed after 2026-06-01.
2026-05-21 14:49:18.782 Please replace `use_container_width` with `width`.

`use_container_width` will be removed after 2025-12-31.

For `use_container_width=True`, use `width='stretch'`. For `use_container_width=False`, use `width='content'`.
2026-05-21 14:49:20.397 Please replace `use_container_width` with `width`.

`use_container_width` will be removed after 2025-12-31.

For `use_container_width=True`, use `width='stretch'`. For `use_container_width=False`, use `width='content'`.
2026-05-21 14:49:20.507 Please replace `use_container_width` with `width`.

`use_container_width` will be removed after 2025-12-31.

For `use_container_width=True`, use `width='stretch'`. For `use_container_width=False`, use `width='content'`.
2026-05-21 14:49:20.605 Please replace `use_container_width` with `width`.

`use_container_width` will be removed after 2025-12-31.

For `use_container_width=True`, use `width='stretch'`. For `use_container_width=False`, use `width='content'`.
2026-05-21 14:49:20.673 Please replace `st.components.v1.html` with `st.iframe`.

`st.components.v1.html` will be removed after 2026-06-01.
2026-05-21 14:49:20.768 Please replace `use_container_width` with `width`.

`use_container_width` will be removed after 2025-12-31.

For `use_container_width=True`, use `width='stretch'`. For `use_container_width=False`, use `width='content'`.
2026-05-21 14:49:22.386 Please replace `use_container_width` with `width`.

`use_container_width` will be removed after 2025-12-31.

For `use_container_width=True`, use `width='stretch'`. For `use_container_width=False`, use `width='content'`.
2026-05-21 14:49:22.485 Please replace `use_container_width` with `width`.

`use_container_width` will be removed after 2025-12-31.

For `use_container_width=True`, use `width='stretch'`. For `use_container_width=False`, use `width='content'`.
2026-05-21 14:49:22.585 Please replace `use_container_width` with `width`.

`use_container_width` will be removed after 2025-12-31.

For `use_container_width=True`, use `width='stretch'`. For `use_container_width=False`, use `width='content'`.
2026-05-21 14:49:22.682 Please replace `st.components.v1.html` with `st.iframe`.

`st.components.v1.html` will be removed after 2026-06-01.
2026-05-21 14:49:22.788 Please replace `use_container_width` with `width`.

`use_container_width` will be removed after 2025-12-31.

For `use_container_width=True`, use `width='stretch'`. For `use_container_width=False`, use `width='content'`.
2026-05-21 14:49:24.418 Please replace `use_container_width` with `width`.

`use_container_width` will be removed after 2025-12-31.

For `use_container_width=True`, use `width='stretch'`. For `use_container_width=False`, use `width='content'`.
2026-05-21 14:49:24.497 Please replace `use_container_width` with `width`.

`use_container_width` will be removed after 2025-12-31.

For `use_container_width=True`, use `width='stretch'`. For `use_container_width=False`, use `width='content'`.
2026-05-21 14:49:24.609 Please replace `use_container_width` with `width`.

`use_container_width` will be removed after 2025-12-31.

For `use_container_width=True`, use `width='stretch'`. For `use_container_width=False`, use `width='content'`.
2026-05-21 14:49:24.694 Please replace `st.components.v1.html` with `st.iframe`.

`st.components.v1.html` will be removed after 2026-06-01.
2026-05-21 14:49:24.794 Please replace `use_container_width` with `width`.

`use_container_width` will be removed after 2025-12-31.

For `use_container_width=True`, use `width='stretch'`. For `use_container_width=False`, use `width='content'`.
2026-05-21 14:49:26.378 Please replace `use_container_width` with `width`.

`use_container_width` will be removed after 2025-12-31.

For `use_container_width=True`, use `width='stretch'`. For `use_container_width=False`, use `width='content'`.
2026-05-21 14:49:26.470 Please replace `use_container_width` with `width`.

`use_container_width` will be removed after 2025-12-31.

For `use_container_width=True`, use `width='stretch'`. For `use_container_width=False`, use `width='content'`.
2026-05-21 14:49:26.574 Please replace `use_container_width` with `width`.

`use_container_width` will be removed after 2025-12-31.

For `use_container_width=True`, use `width='stretch'`. For `use_container_width=False`, use `width='content'`.
2026-05-21 14:49:26.647 Please replace `st.components.v1.html` with `st.iframe`.

`st.components.v1.html` will be removed after 2026-06-01.
2026-05-21 14:49:26.749 Please replace `use_container_width` with `width`.

`use_container_width` will be removed after 2025-12-31.

For `use_container_width=True`, use `width='stretch'`. For `use_container_width=False`, use `width='content'`.
2026-05-21 14:49:28.393 Please replace `use_container_width` with `width`.

`use_container_width` will be removed after 2025-12-31.

For `use_container_width=True`, use `width='stretch'`. For `use_container_width=False`, use `width='content'`.
2026-05-21 14:49:28.481 Please replace `use_container_width` with `width`.

`use_container_width` will be removed after 2025-12-31.

For `use_container_width=True`, use `width='stretch'`. For `use_container_width=False`, use `width='content'`.
2026-05-21 14:49:28.605 Please replace `use_container_width` with `width`.

`use_container_width` will be removed after 2025-12-31.

For `use_container_width=True`, use `width='stretch'`. For `use_container_width=False`, use `width='content'`.
2026-05-21 14:49:28.704 Please replace `st.components.v1.html` with `st.iframe`.

`st.components.v1.html` will be removed after 2026-06-01.
2026-05-21 14:49:28.788 Please replace `use_container_width` with `width`.

`use_container_width` will be removed after 2025-12-31.

For `use_container_width=True`, use `width='stretch'`. For `use_container_width=False`, use `width='content'`.
2026-05-21 14:49:30.378 Please replace `use_container_width` with `width`.

`use_container_width` will be removed after 2025-12-31.

For `use_container_width=True`, use `width='stretch'`. For `use_container_width=False`, use `width='content'`.
2026-05-21 14:49:30.470 Please replace `use_container_width` with `width`.

`use_container_width` will be removed after 2025-12-31.

For `use_container_width=True`, use `width='stretch'`. For `use_container_width=False`, use `width='content'`.
2026-05-21 14:49:30.567 Please replace `use_container_width` with `width`.

`use_container_width` will be removed after 2025-12-31.

For `use_container_width=True`, use `width='stretch'`. For `use_container_width=False`, use `width='content'`.
2026-05-21 14:49:30.646 Please replace `st.components.v1.html` with `st.iframe`.

`st.components.v1.html` will be removed after 2026-06-01.
2026-05-21 14:49:30.758 Please replace `use_container_width` with `width`.

`use_container_width` will be removed after 2025-12-31.

For `use_container_width=True`, use `width='stretch'`. For `use_container_width=False`, use `width='content'`.
2026-05-21 14:49:32.406 Please replace `use_container_width` with `width`.

`use_container_width` will be removed after 2025-12-31.

For `use_container_width=True`, use `width='stretch'`. For `use_container_width=False`, use `width='content'`.
2026-05-21 14:49:32.513 Please replace `use_container_width` with `width`.

`use_container_width` will be removed after 2025-12-31.

For `use_container_width=True`, use `width='stretch'`. For `use_container_width=False`, use `width='content'`.
2026-05-21 14:49:32.629 Please replace `use_container_width` with `width`.

`use_container_width` will be removed after 2025-12-31.

For `use_container_width=True`, use `width='stretch'`. For `use_container_width=False`, use `width='content'`.
2026-05-21 14:49:32.701 Please replace `st.components.v1.html` with `st.iframe`.

`st.components.v1.html` will be removed after 2026-06-01.
2026-05-21 14:49:32.812 Please replace `use_container_width` with `width`.

`use_container_width` will be removed after 2025-12-31.

For `use_container_width=True`, use `width='stretch'`. For `use_container_width=False`, use `width='content'`.
2026-05-21 14:49:34.384 Please replace `use_container_width` with `width`.

`use_container_width` will be removed after 2025-12-31.

For `use_container_width=True`, use `width='stretch'`. For `use_container_width=False`, use `width='content'`.
2026-05-21 14:49:34.474 Please replace `use_container_width` with `width`.

`use_container_width` will be removed after 2025-12-31.

For `use_container_width=True`, use `width='stretch'`. For `use_container_width=False`, use `width='content'`.
2026-05-21 14:49:34.583 Please replace `use_container_width` with `width`.

`use_container_width` will be removed after 2025-12-31.

For `use_container_width=True`, use `width='stretch'`. For `use_container_width=False`, use `width='content'`.
2026-05-21 14:49:34.664 Please replace `st.components.v1.html` with `st.iframe`.

`st.components.v1.html` will be removed after 2026-06-01.
2026-05-21 14:49:34.784 Please replace `use_container_width` with `width`.

`use_container_width` will be removed after 2025-12-31.

For `use_container_width=True`, use `width='stretch'`. For `use_container_width=False`, use `width='content'`.
2026-05-21 14:49:36.396 Please replace `use_container_width` with `width`.

`use_container_width` will be removed after 2025-12-31.

For `use_container_width=True`, use `width='stretch'`. For `use_container_width=False`, use `width='content'`.
2026-05-21 14:49:36.487 Please replace `use_container_width` with `width`.

`use_container_width` will be removed after 2025-12-31.

For `use_container_width=True`, use `width='stretch'`. For `use_container_width=False`, use `width='content'`.
2026-05-21 14:49:36.600 Please replace `use_container_width` with `width`.

`use_container_width` will be removed after 2025-12-31.

For `use_container_width=True`, use `width='stretch'`. For `use_container_width=False`, use `width='content'`.
2026-05-21 14:49:36.682 Please replace `st.components.v1.html` with `st.iframe`.

`st.components.v1.html` will be removed after 2026-06-01.
2026-05-21 14:49:36.803 Please replace `use_container_width` with `width`.

`use_container_width` will be removed after 2025-12-31.

For `use_container_width=True`, use `width='stretch'`. For `use_container_width=False`, use `width='content'`.
2026-05-21 14:49:38.381 Please replace `use_container_width` with `width`.

`use_container_width` will be removed after 2025-12-31.

For `use_container_width=True`, use `width='stretch'`. For `use_container_width=False`, use `width='content'`.
2026-05-21 14:49:38.481 Please replace `use_container_width` with `width`.

`use_container_width` will be removed after 2025-12-31.

For `use_container_width=True`, use `width='stretch'`. For `use_container_width=False`, use `width='content'`.
2026-05-21 14:49:38.596 Please replace `use_container_width` with `width`.

`use_container_width` will be removed after 2025-12-31.

For `use_container_width=True`, use `width='stretch'`. For `use_container_width=False`, use `width='content'`.
2026-05-21 14:49:38.691 Please replace `st.components.v1.html` with `st.iframe`.

`st.components.v1.html` will be removed after 2026-06-01.
2026-05-21 14:49:38.791 Please replace `use_container_width` with `width`.

`use_container_width` will be removed after 2025-12-31.

For `use_container_width=True`, use `width='stretch'`. For `use_container_width=False`, use `width='content'`.
2026-05-21 14:49:40.399 Please replace `use_container_width` with `width`.

`use_container_width` will be removed after 2025-12-31.

For `use_container_width=True`, use `width='stretch'`. For `use_container_width=False`, use `width='content'`.
2026-05-21 14:49:40.501 Please replace `use_container_width` with `width`.

`use_container_width` will be removed after 2025-12-31.

For `use_container_width=True`, use `width='stretch'`. For `use_container_width=False`, use `width='content'`.
2026-05-21 14:49:40.620 Please replace `use_container_width` with `width`.

`use_container_width` will be removed after 2025-12-31.

For `use_container_width=True`, use `width='stretch'`. For `use_container_width=False`, use `width='content'`.
2026-05-21 14:49:40.702 Please replace `st.components.v1.html` with `st.iframe`.

`st.components.v1.html` will be removed after 2026-06-01.
2026-05-21 14:49:40.800 Please replace `use_container_width` with `width`.

`use_container_width` will be removed after 2025-12-31.

For `use_container_width=True`, use `width='stretch'`. For `use_container_width=False`, use `width='content'`.
2026-05-21 14:49:42.384 Please replace `use_container_width` with `width`.

`use_container_width` will be removed after 2025-12-31.

For `use_container_width=True`, use `width='stretch'`. For `use_container_width=False`, use `width='content'`.
2026-05-21 14:49:42.482 Please replace `use_container_width` with `width`.

`use_container_width` will be removed after 2025-12-31.

For `use_container_width=True`, use `width='stretch'`. For `use_container_width=False`, use `width='content'`.
2026-05-21 14:49:42.595 Please replace `use_container_width` with `width`.

`use_container_width` will be removed after 2025-12-31.

For `use_container_width=True`, use `width='stretch'`. For `use_container_width=False`, use `width='content'`.
2026-05-21 14:49:42.676 Please replace `st.components.v1.html` with `st.iframe`.

`st.components.v1.html` will be removed after 2026-06-01.
2026-05-21 14:49:42.781 Please replace `use_container_width` with `width`.

`use_container_width` will be removed after 2025-12-31.

For `use_container_width=True`, use `width='stretch'`. For `use_container_width=False`, use `width='content'`.
2026-05-21 14:49:44.404 Please replace `use_container_width` with `width`.

`use_container_width` will be removed after 2025-12-31.

For `use_container_width=True`, use `width='stretch'`. For `use_container_width=False`, use `width='content'`.
2026-05-21 14:49:44.509 Please replace `use_container_width` with `width`.

`use_container_width` will be removed after 2025-12-31.

For `use_container_width=True`, use `width='stretch'`. For `use_container_width=False`, use `width='content'`.
2026-05-21 14:49:44.616 Please replace `use_container_width` with `width`.

`use_container_width` will be removed after 2025-12-31.

For `use_container_width=True`, use `width='stretch'`. For `use_container_width=False`, use `width='content'`.
2026-05-21 14:49:44.695 Please replace `st.components.v1.html` with `st.iframe`.

`st.components.v1.html` will be removed after 2026-06-01.
2026-05-21 14:49:44.805 Please replace `use_container_width` with `width`.

`use_container_width` will be removed after 2025-12-31.

For `use_container_width=True`, use `width='stretch'`. For `use_container_width=False`, use `width='content'`.
2026-05-21 14:49:46.383 Please replace `use_container_width` with `width`.

`use_container_width` will be removed after 2025-12-31.

For `use_container_width=True`, use `width='stretch'`. For `use_container_width=False`, use `width='content'`.
2026-05-21 14:49:46.478 Please replace `use_container_width` with `width`.

`use_container_width` will be removed after 2025-12-31.

For `use_container_width=True`, use `width='stretch'`. For `use_container_width=False`, use `width='content'`.
2026-05-21 14:49:46.590 Please replace `use_container_width` with `width`.

`use_container_width` will be removed after 2025-12-31.

For `use_container_width=True`, use `width='stretch'`. For `use_container_width=False`, use `width='content'`.
2026-05-21 14:49:46.680 Please replace `st.components.v1.html` with `st.iframe`.

`st.components.v1.html` will be removed after 2026-06-01.
2026-05-21 14:49:46.767 Please replace `use_container_width` with `width`.

`use_container_width` will be removed after 2025-12-31.

For `use_container_width=True`, use `width='stretch'`. For `use_container_width=False`, use `width='content'`.
2026-05-21 14:49:48.407 Please replace `use_container_width` with `width`.

`use_container_width` will be removed after 2025-12-31.

For `use_container_width=True`, use `width='stretch'`. For `use_container_width=False`, use `width='content'`.
2026-05-21 14:49:48.519 Please replace `use_container_width` with `width`.

`use_container_width` will be removed after 2025-12-31.

For `use_container_width=True`, use `width='stretch'`. For `use_container_width=False`, use `width='content'`.
2026-05-21 14:49:48.633 Please replace `use_container_width` with `width`.

`use_container_width` will be removed after 2025-12-31.

For `use_container_width=True`, use `width='stretch'`. For `use_container_width=False`, use `width='content'`.
2026-05-21 14:49:48.711 Please replace `st.components.v1.html` with `st.iframe`.

`st.components.v1.html` will be removed after 2026-06-01.
2026-05-21 14:49:48.810 Please replace `use_container_width` with `width`.

`use_container_width` will be removed after 2025-12-31.

For `use_container_width=True`, use `width='stretch'`. For `use_container_width=False`, use `width='content'`.
2026-05-21 14:49:50.385 Please replace `use_container_width` with `width`.

`use_container_width` will be removed after 2025-12-31.

For `use_container_width=True`, use `width='stretch'`. For `use_container_width=False`, use `width='content'`.
2026-05-21 14:49:50.480 Please replace `use_container_width` with `width`.

`use_container_width` will be removed after 2025-12-31.

For `use_container_width=True`, use `width='stretch'`. For `use_container_width=False`, use `width='content'`.
2026-05-21 14:49:50.588 Please replace `use_container_width` with `width`.

`use_container_width` will be removed after 2025-12-31.

For `use_container_width=True`, use `width='stretch'`. For `use_container_width=False`, use `width='content'`.
2026-05-21 14:49:50.657 Please replace `st.components.v1.html` with `st.iframe`.

`st.components.v1.html` will be removed after 2026-06-01.
2026-05-21 14:49:50.778 Please replace `use_container_width` with `width`.

`use_container_width` will be removed after 2025-12-31.

For `use_container_width=True`, use `width='stretch'`. For `use_container_width=False`, use `width='content'`.
2026-05-21 14:49:52.412 Please replace `use_container_width` with `width`.

`use_container_width` will be removed after 2025-12-31.

For `use_container_width=True`, use `width='stretch'`. For `use_container_width=False`, use `width='content'`.
2026-05-21 14:49:52.512 Please replace `use_container_width` with `width`.

`use_container_width` will be removed after 2025-12-31.

For `use_container_width=True`, use `width='stretch'`. For `use_container_width=False`, use `width='content'`.
2026-05-21 14:49:52.600 Please replace `use_container_width` with `width`.

`use_container_width` will be removed after 2025-12-31.

For `use_container_width=True`, use `width='stretch'`. For `use_container_width=False`, use `width='content'`.
2026-05-21 14:49:52.681 Please replace `st.components.v1.html` with `st.iframe`.

`st.components.v1.html` will be removed after 2026-06-01.
2026-05-21 14:49:52.785 Please replace `use_container_width` with `width`.

`use_container_width` will be removed after 2025-12-31.

For `use_container_width=True`, use `width='stretch'`. For `use_container_width=False`, use `width='content'`.
2026-05-21 14:49:54.450 Please replace `use_container_width` with `width`.

`use_container_width` will be removed after 2025-12-31.

For `use_container_width=True`, use `width='stretch'`. For `use_container_width=False`, use `width='content'`.
2026-05-21 14:49:54.536 Please replace `use_container_width` with `width`.

`use_container_width` will be removed after 2025-12-31.

For `use_container_width=True`, use `width='stretch'`. For `use_container_width=False`, use `width='content'`.
2026-05-21 14:49:54.631 Please replace `use_container_width` with `width`.

`use_container_width` will be removed after 2025-12-31.

For `use_container_width=True`, use `width='stretch'`. For `use_container_width=False`, use `width='content'`.
2026-05-21 14:49:54.703 Please replace `st.components.v1.html` with `st.iframe`.

`st.components.v1.html` will be removed after 2026-06-01.
2026-05-21 14:49:54.789 Please replace `use_container_width` with `width`.

`use_container_width` will be removed after 2025-12-31.

For `use_container_width=True`, use `width='stretch'`. For `use_container_width=False`, use `width='content'`.
2026-05-21 14:49:56.399 Please replace `use_container_width` with `width`.

`use_container_width` will be removed after 2025-12-31.

For `use_container_width=True`, use `width='stretch'`. For `use_container_width=False`, use `width='content'`.
2026-05-21 14:49:56.499 Please replace `use_container_width` with `width`.

`use_container_width` will be removed after 2025-12-31.

For `use_container_width=True`, use `width='stretch'`. For `use_container_width=False`, use `width='content'`.
2026-05-21 14:49:56.618 Please replace `use_container_width` with `width`.

`use_container_width` will be removed after 2025-12-31.

For `use_container_width=True`, use `width='stretch'`. For `use_container_width=False`, use `width='content'`.
2026-05-21 14:49:56.690 Please replace `st.components.v1.html` with `st.iframe`.

`st.components.v1.html` will be removed after 2026-06-01.
2026-05-21 14:49:56.778 Please replace `use_container_width` with `width`.

`use_container_width` will be removed after 2025-12-31.

For `use_container_width=True`, use `width='stretch'`. For `use_container_width=False`, use `width='content'`.
2026-05-21 14:49:58.390 Please replace `use_container_width` with `width`.

`use_container_width` will be removed after 2025-12-31.

For `use_container_width=True`, use `width='stretch'`. For `use_container_width=False`, use `width='content'`.
2026-05-21 14:49:58.474 Please replace `use_container_width` with `width`.

`use_container_width` will be removed after 2025-12-31.

For `use_container_width=True`, use `width='stretch'`. For `use_container_width=False`, use `width='content'`.
2026-05-21 14:49:58.589 Please replace `use_container_width` with `width`.

`use_container_width` will be removed after 2025-12-31.

For `use_container_width=True`, use `width='stretch'`. For `use_container_width=False`, use `width='content'`.
2026-05-21 14:49:58.683 Please replace `st.components.v1.html` with `st.iframe`.

`st.components.v1.html` will be removed after 2026-06-01.
2026-05-21 14:49:58.765 Please replace `use_container_width` with `width`.

`use_container_width` will be removed after 2025-12-31.

For `use_container_width=True`, use `width='stretch'`. For `use_container_width=False`, use `width='content'`.
2026-05-21 14:50:00.411 Please replace `use_container_width` with `width`.

`use_container_width` will be removed after 2025-12-31.

For `use_container_width=True`, use `width='stretch'`. For `use_container_width=False`, use `width='content'`.
2026-05-21 14:50:00.512 Please replace `use_container_width` with `width`.

`use_container_width` will be removed after 2025-12-31.

For `use_container_width=True`, use `width='stretch'`. For `use_container_width=False`, use `width='content'`.
2026-05-21 14:50:00.620 Please replace `use_container_width` with `width`.

`use_container_width` will be removed after 2025-12-31.

For `use_container_width=True`, use `width='stretch'`. For `use_container_width=False`, use `width='content'`.
2026-05-21 14:50:00.686 Please replace `st.components.v1.html` with `st.iframe`.

`st.components.v1.html` will be removed after 2026-06-01.
2026-05-21 14:50:00.790 Please replace `use_container_width` with `width`.

`use_container_width` will be removed after 2025-12-31.

For `use_container_width=True`, use `width='stretch'`. For `use_container_width=False`, use `width='content'`.
2026-05-21 14:50:02.379 Please replace `use_container_width` with `width`.

`use_container_width` will be removed after 2025-12-31.

For `use_container_width=True`, use `width='stretch'`. For `use_container_width=False`, use `width='content'`.
2026-05-21 14:50:02.479 Please replace `use_container_width` with `width`.

`use_container_width` will be removed after 2025-12-31.

For `use_container_width=True`, use `width='stretch'`. For `use_container_width=False`, use `width='content'`.
2026-05-21 14:50:02.574 Please replace `use_container_width` with `width`.

`use_container_width` will be removed after 2025-12-31.

For `use_container_width=True`, use `width='stretch'`. For `use_container_width=False`, use `width='content'`.
2026-05-21 14:50:02.670 Please replace `st.components.v1.html` with `st.iframe`.

`st.components.v1.html` will be removed after 2026-06-01.
2026-05-21 14:50:02.749 Please replace `use_container_width` with `width`.

`use_container_width` will be removed after 2025-12-31.

For `use_container_width=True`, use `width='stretch'`. For `use_container_width=False`, use `width='content'`.
2026-05-21 14:50:04.404 Please replace `use_container_width` with `width`.

`use_container_width` will be removed after 2025-12-31.

For `use_container_width=True`, use `width='stretch'`. For `use_container_width=False`, use `width='content'`.
2026-05-21 14:50:04.512 Please replace `use_container_width` with `width`.

`use_container_width` will be removed after 2025-12-31.

For `use_container_width=True`, use `width='stretch'`. For `use_container_width=False`, use `width='content'`.
2026-05-21 14:50:04.625 Please replace `use_container_width` with `width`.

`use_container_width` will be removed after 2025-12-31.

For `use_container_width=True`, use `width='stretch'`. For `use_container_width=False`, use `width='content'`.
2026-05-21 14:50:04.713 Please replace `st.components.v1.html` with `st.iframe`.

`st.components.v1.html` will be removed after 2026-06-01.
2026-05-21 14:50:04.830 Please replace `use_container_width` with `width`.

`use_container_width` will be removed after 2025-12-31.

For `use_container_width=True`, use `width='stretch'`. For `use_container_width=False`, use `width='content'`.
2026-05-21 14:50:06.389 Please replace `use_container_width` with `width`.

`use_container_width` will be removed after 2025-12-31.

For `use_container_width=True`, use `width='stretch'`. For `use_container_width=False`, use `width='content'`.
2026-05-21 14:50:06.474 Please replace `use_container_width` with `width`.

`use_container_width` will be removed after 2025-12-31.

For `use_container_width=True`, use `width='stretch'`. For `use_container_width=False`, use `width='content'`.
2026-05-21 14:50:06.595 Please replace `use_container_width` with `width`.

`use_container_width` will be removed after 2025-12-31.

For `use_container_width=True`, use `width='stretch'`. For `use_container_width=False`, use `width='content'`.
2026-05-21 14:50:06.690 Please replace `st.components.v1.html` with `st.iframe`.

`st.components.v1.html` will be removed after 2026-06-01.
2026-05-21 14:50:06.784 Please replace `use_container_width` with `width`.

`use_container_width` will be removed after 2025-12-31.

For `use_container_width=True`, use `width='stretch'`. For `use_container_width=False`, use `width='content'`.
2026-05-21 14:50:08.401 Please replace `use_container_width` with `width`.

`use_container_width` will be removed after 2025-12-31.

For `use_container_width=True`, use `width='stretch'`. For `use_container_width=False`, use `width='content'`.
2026-05-21 14:50:08.500 Please replace `use_container_width` with `width`.

`use_container_width` will be removed after 2025-12-31.

For `use_container_width=True`, use `width='stretch'`. For `use_container_width=False`, use `width='content'`.
2026-05-21 14:50:08.606 Please replace `use_container_width` with `width`.

`use_container_width` will be removed after 2025-12-31.

For `use_container_width=True`, use `width='stretch'`. For `use_container_width=False`, use `width='content'`.
2026-05-21 14:50:08.674 Please replace `st.components.v1.html` with `st.iframe`.

`st.components.v1.html` will be removed after 2026-06-01.
2026-05-21 14:50:08.770 Please replace `use_container_width` with `width`.

`use_container_width` will be removed after 2025-12-31.

For `use_container_width=True`, use `width='stretch'`. For `use_container_width=False`, use `width='content'`.
2026-05-21 14:50:10.383 Please replace `use_container_width` with `width`.

`use_container_width` will be removed after 2025-12-31.

For `use_container_width=True`, use `width='stretch'`. For `use_container_width=False`, use `width='content'`.
2026-05-21 14:50:10.467 Please replace `use_container_width` with `width`.

`use_container_width` will be removed after 2025-12-31.

For `use_container_width=True`, use `width='stretch'`. For `use_container_width=False`, use `width='content'`.
2026-05-21 14:50:10.547 Please replace `use_container_width` with `width`.

`use_container_width` will be removed after 2025-12-31.

For `use_container_width=True`, use `width='stretch'`. For `use_container_width=False`, use `width='content'`.
2026-05-21 14:50:10.630 Please replace `st.components.v1.html` with `st.iframe`.

`st.components.v1.html` will be removed after 2026-06-01.
2026-05-21 14:50:10.741 Please replace `use_container_width` with `width`.

`use_container_width` will be removed after 2025-12-31.

For `use_container_width=True`, use `width='stretch'`. For `use_container_width=False`, use `width='content'`.
2026-05-21 14:50:12.416 Please replace `use_container_width` with `width`.

`use_container_width` will be removed after 2025-12-31.

For `use_container_width=True`, use `width='stretch'`. For `use_container_width=False`, use `width='content'`.
2026-05-21 14:50:12.514 Please replace `use_container_width` with `width`.

`use_container_width` will be removed after 2025-12-31.

For `use_container_width=True`, use `width='stretch'`. For `use_container_width=False`, use `width='content'`.
2026-05-21 14:50:12.613 Please replace `use_container_width` with `width`.

`use_container_width` will be removed after 2025-12-31.

For `use_container_width=True`, use `width='stretch'`. For `use_container_width=False`, use `width='content'`.
2026-05-21 14:50:12.692 Please replace `st.components.v1.html` with `st.iframe`.

`st.components.v1.html` will be removed after 2026-06-01.
2026-05-21 14:50:12.781 Please replace `use_container_width` with `width`.

`use_container_width` will be removed after 2025-12-31.

For `use_container_width=True`, use `width='stretch'`. For `use_container_width=False`, use `width='content'`.
2026-05-21 14:50:14.388 Please replace `use_container_width` with `width`.

`use_container_width` will be removed after 2025-12-31.

For `use_container_width=True`, use `width='stretch'`. For `use_container_width=False`, use `width='content'`.
2026-05-21 14:50:14.487 Please replace `use_container_width` with `width`.

`use_container_width` will be removed after 2025-12-31.

For `use_container_width=True`, use `width='stretch'`. For `use_container_width=False`, use `width='content'`.
2026-05-21 14:50:14.587 Please replace `use_container_width` with `width`.

`use_container_width` will be removed after 2025-12-31.

For `use_container_width=True`, use `width='stretch'`. For `use_container_width=False`, use `width='content'`.
2026-05-21 14:50:14.656 Please replace `st.components.v1.html` with `st.iframe`.

`st.components.v1.html` will be removed after 2026-06-01.
2026-05-21 14:50:14.770 Please replace `use_container_width` with `width`.

`use_container_width` will be removed after 2025-12-31.

For `use_container_width=True`, use `width='stretch'`. For `use_container_width=False`, use `width='content'`.
2026-05-21 14:50:16.396 Please replace `use_container_width` with `width`.

`use_container_width` will be removed after 2025-12-31.

For `use_container_width=True`, use `width='stretch'`. For `use_container_width=False`, use `width='content'`.
2026-05-21 14:50:16.506 Please replace `use_container_width` with `width`.

`use_container_width` will be removed after 2025-12-31.

For `use_container_width=True`, use `width='stretch'`. For `use_container_width=False`, use `width='content'`.
2026-05-21 14:50:16.603 Please replace `use_container_width` with `width`.

`use_container_width` will be removed after 2025-12-31.

For `use_container_width=True`, use `width='stretch'`. For `use_container_width=False`, use `width='content'`.
2026-05-21 14:50:16.689 Please replace `st.components.v1.html` with `st.iframe`.

`st.components.v1.html` will be removed after 2026-06-01.
2026-05-21 14:50:16.777 Please replace `use_container_width` with `width`.

`use_container_width` will be removed after 2025-12-31.

For `use_container_width=True`, use `width='stretch'`. For `use_container_width=False`, use `width='content'`.
2026-05-21 14:50:18.383 Please replace `use_container_width` with `width`.

`use_container_width` will be removed after 2025-12-31.

For `use_container_width=True`, use `width='stretch'`. For `use_container_width=False`, use `width='content'`.
2026-05-21 14:50:18.491 Please replace `use_container_width` with `width`.

`use_container_width` will be removed after 2025-12-31.

For `use_container_width=True`, use `width='stretch'`. For `use_container_width=False`, use `width='content'`.
2026-05-21 14:50:18.600 Please replace `use_container_width` with `width`.

`use_container_width` will be removed after 2025-12-31.

For `use_container_width=True`, use `width='stretch'`. For `use_container_width=False`, use `width='content'`.
2026-05-21 14:50:18.678 Please replace `st.components.v1.html` with `st.iframe`.

`st.components.v1.html` will be removed after 2026-06-01.
2026-05-21 14:50:18.774 Please replace `use_container_width` with `width`.

`use_container_width` will be removed after 2025-12-31.

For `use_container_width=True`, use `width='stretch'`. For `use_container_width=False`, use `width='content'`.
2026-05-21 14:50:20.396 Please replace `use_container_width` with `width`.

`use_container_width` will be removed after 2025-12-31.

For `use_container_width=True`, use `width='stretch'`. For `use_container_width=False`, use `width='content'`.
2026-05-21 14:50:20.498 Please replace `use_container_width` with `width`.

`use_container_width` will be removed after 2025-12-31.

For `use_container_width=True`, use `width='stretch'`. For `use_container_width=False`, use `width='content'`.
2026-05-21 14:50:20.609 Please replace `use_container_width` with `width`.

`use_container_width` will be removed after 2025-12-31.

For `use_container_width=True`, use `width='stretch'`. For `use_container_width=False`, use `width='content'`.
2026-05-21 14:50:20.699 Please replace `st.components.v1.html` with `st.iframe`.

`st.components.v1.html` will be removed after 2026-06-01.
2026-05-21 14:50:20.811 Please replace `use_container_width` with `width`.

`use_container_width` will be removed after 2025-12-31.

For `use_container_width=True`, use `width='stretch'`. For `use_container_width=False`, use `width='content'`.
2026-05-21 14:50:22.408 Please replace `use_container_width` with `width`.

`use_container_width` will be removed after 2025-12-31.

For `use_container_width=True`, use `width='stretch'`. For `use_container_width=False`, use `width='content'`.
2026-05-21 14:50:22.475 Please replace `use_container_width` with `width`.

`use_container_width` will be removed after 2025-12-31.

For `use_container_width=True`, use `width='stretch'`. For `use_container_width=False`, use `width='content'`.
2026-05-21 14:50:22.580 Please replace `use_container_width` with `width`.

`use_container_width` will be removed after 2025-12-31.

For `use_container_width=True`, use `width='stretch'`. For `use_container_width=False`, use `width='content'`.
2026-05-21 14:50:22.667 Please replace `st.components.v1.html` with `st.iframe`.

`st.components.v1.html` will be removed after 2026-06-01.
2026-05-21 14:50:22.770 Please replace `use_container_width` with `width`.

`use_container_width` will be removed after 2025-12-31.

For `use_container_width=True`, use `width='stretch'`. For `use_container_width=False`, use `width='content'`.
2026-05-21 14:50:24.404 Please replace `use_container_width` with `width`.

`use_container_width` will be removed after 2025-12-31.

For `use_container_width=True`, use `width='stretch'`. For `use_container_width=False`, use `width='content'`.
2026-05-21 14:50:24.500 Please replace `use_container_width` with `width`.

`use_container_width` will be removed after 2025-12-31.

For `use_container_width=True`, use `width='stretch'`. For `use_container_width=False`, use `width='content'`.
2026-05-21 14:50:24.609 Please replace `use_container_width` with `width`.

`use_container_width` will be removed after 2025-12-31.

For `use_container_width=True`, use `width='stretch'`. For `use_container_width=False`, use `width='content'`.
2026-05-21 14:50:24.671 Please replace `st.components.v1.html` with `st.iframe`.

`st.components.v1.html` will be removed after 2026-06-01.
2026-05-21 14:50:24.784 Please replace `use_container_width` with `width`.

`use_container_width` will be removed after 2025-12-31.

For `use_container_width=True`, use `width='stretch'`. For `use_container_width=False`, use `width='content'`.
2026-05-21 14:50:26.383 Please replace `use_container_width` with `width`.

`use_container_width` will be removed after 2025-12-31.

For `use_container_width=True`, use `width='stretch'`. For `use_container_width=False`, use `width='content'`.
2026-05-21 14:50:26.493 Please replace `use_container_width` with `width`.

`use_container_width` will be removed after 2025-12-31.

For `use_container_width=True`, use `width='stretch'`. For `use_container_width=False`, use `width='content'`.
2026-05-21 14:50:26.612 Please replace `use_container_width` with `width`.

`use_container_width` will be removed after 2025-12-31.

For `use_container_width=True`, use `width='stretch'`. For `use_container_width=False`, use `width='content'`.
2026-05-21 14:50:26.685 Please replace `st.components.v1.html` with `st.iframe`.

`st.components.v1.html` will be removed after 2026-06-01.
2026-05-21 14:50:26.768 Please replace `use_container_width` with `width`.

`use_container_width` will be removed after 2025-12-31.

For `use_container_width=True`, use `width='stretch'`. For `use_container_width=False`, use `width='content'`.
2026-05-21 14:50:28.399 Please replace `use_container_width` with `width`.

`use_container_width` will be removed after 2025-12-31.

For `use_container_width=True`, use `width='stretch'`. For `use_container_width=False`, use `width='content'`.
2026-05-21 14:50:28.512 Please replace `use_container_width` with `width`.

`use_container_width` will be removed after 2025-12-31.

For `use_container_width=True`, use `width='stretch'`. For `use_container_width=False`, use `width='content'`.
2026-05-21 14:50:28.620 Please replace `use_container_width` with `width`.

`use_container_width` will be removed after 2025-12-31.

For `use_container_width=True`, use `width='stretch'`. For `use_container_width=False`, use `width='content'`.
2026-05-21 14:50:28.688 Please replace `st.components.v1.html` with `st.iframe`.

`st.components.v1.html` will be removed after 2026-06-01.
2026-05-21 14:50:28.776 Please replace `use_container_width` with `width`.

`use_container_width` will be removed after 2025-12-31.

For `use_container_width=True`, use `width='stretch'`. For `use_container_width=False`, use `width='content'`.
2026-05-21 14:50:30.376 Please replace `use_container_width` with `width`.

`use_container_width` will be removed after 2025-12-31.

For `use_container_width=True`, use `width='stretch'`. For `use_container_width=False`, use `width='content'`.
2026-05-21 14:50:30.482 Please replace `use_container_width` with `width`.

`use_container_width` will be removed after 2025-12-31.

For `use_container_width=True`, use `width='stretch'`. For `use_container_width=False`, use `width='content'`.
2026-05-21 14:50:30.609 Please replace `use_container_width` with `width`.

`use_container_width` will be removed after 2025-12-31.

For `use_container_width=True`, use `width='stretch'`. For `use_container_width=False`, use `width='content'`.
2026-05-21 14:50:30.675 Please replace `st.components.v1.html` with `st.iframe`.

`st.components.v1.html` will be removed after 2026-06-01.
2026-05-21 14:50:30.762 Please replace `use_container_width` with `width`.

`use_container_width` will be removed after 2025-12-31.

For `use_container_width=True`, use `width='stretch'`. For `use_container_width=False`, use `width='content'`.
2026-05-21 14:50:32.401 Please replace `use_container_width` with `width`.

`use_container_width` will be removed after 2025-12-31.

For `use_container_width=True`, use `width='stretch'`. For `use_container_width=False`, use `width='content'`.
2026-05-21 14:50:32.502 Please replace `use_container_width` with `width`.

`use_container_width` will be removed after 2025-12-31.

For `use_container_width=True`, use `width='stretch'`. For `use_container_width=False`, use `width='content'`.
2026-05-21 14:50:32.606 Please replace `use_container_width` with `width`.

`use_container_width` will be removed after 2025-12-31.

For `use_container_width=True`, use `width='stretch'`. For `use_container_width=False`, use `width='content'`.
2026-05-21 14:50:32.686 Please replace `st.components.v1.html` with `st.iframe`.

`st.components.v1.html` will be removed after 2026-06-01.
2026-05-21 14:50:32.776 Please replace `use_container_width` with `width`.

`use_container_width` will be removed after 2025-12-31.

For `use_container_width=True`, use `width='stretch'`. For `use_container_width=False`, use `width='content'`.
2026-05-21 14:50:34.387 Please replace `use_container_width` with `width`.

`use_container_width` will be removed after 2025-12-31.

For `use_container_width=True`, use `width='stretch'`. For `use_container_width=False`, use `width='content'`.
2026-05-21 14:50:34.486 Please replace `use_container_width` with `width`.

`use_container_width` will be removed after 2025-12-31.

For `use_container_width=True`, use `width='stretch'`. For `use_container_width=False`, use `width='content'`.
2026-05-21 14:50:34.592 Please replace `use_container_width` with `width`.

`use_container_width` will be removed after 2025-12-31.

For `use_container_width=True`, use `width='stretch'`. For `use_container_width=False`, use `width='content'`.
2026-05-21 14:50:34.661 Please replace `st.components.v1.html` with `st.iframe`.

`st.components.v1.html` will be removed after 2026-06-01.
2026-05-21 14:50:34.748 Please replace `use_container_width` with `width`.

`use_container_width` will be removed after 2025-12-31.

For `use_container_width=True`, use `width='stretch'`. For `use_container_width=False`, use `width='content'`.
2026-05-21 14:50:36.464 Please replace `use_container_width` with `width`.

`use_container_width` will be removed after 2025-12-31.

For `use_container_width=True`, use `width='stretch'`. For `use_container_width=False`, use `width='content'`.
2026-05-21 14:50:36.565 Please replace `use_container_width` with `width`.

`use_container_width` will be removed after 2025-12-31.

For `use_container_width=True`, use `width='stretch'`. For `use_container_width=False`, use `width='content'`.
2026-05-21 14:50:36.667 Please replace `use_container_width` with `width`.

`use_container_width` will be removed after 2025-12-31.

For `use_container_width=True`, use `width='stretch'`. For `use_container_width=False`, use `width='content'`.
2026-05-21 14:50:36.756 Please replace `st.components.v1.html` with `st.iframe`.

`st.components.v1.html` will be removed after 2026-06-01.
2026-05-21 14:50:36.858 Please replace `use_container_width` with `width`.

`use_container_width` will be removed after 2025-12-31.

For `use_container_width=True`, use `width='stretch'`. For `use_container_width=False`, use `width='content'`.
2026-05-21 14:50:38.385 Please replace `use_container_width` with `width`.

`use_container_width` will be removed after 2025-12-31.

For `use_container_width=True`, use `width='stretch'`. For `use_container_width=False`, use `width='content'`.
2026-05-21 14:50:38.486 Please replace `use_container_width` with `width`.

`use_container_width` will be removed after 2025-12-31.

For `use_container_width=True`, use `width='stretch'`. For `use_container_width=False`, use `width='content'`.
2026-05-21 14:50:38.594 Please replace `use_container_width` with `width`.

`use_container_width` will be removed after 2025-12-31.

For `use_container_width=True`, use `width='stretch'`. For `use_container_width=False`, use `width='content'`.
2026-05-21 14:50:38.679 Please replace `st.components.v1.html` with `st.iframe`.

`st.components.v1.html` will be removed after 2026-06-01.
2026-05-21 14:50:38.768 Please replace `use_container_width` with `width`.

`use_container_width` will be removed after 2025-12-31.

For `use_container_width=True`, use `width='stretch'`. For `use_container_width=False`, use `width='content'`.
2026-05-21 14:50:40.402 Please replace `use_container_width` with `width`.

`use_container_width` will be removed after 2025-12-31.

For `use_container_width=True`, use `width='stretch'`. For `use_container_width=False`, use `width='content'`.
2026-05-21 14:50:40.504 Please replace `use_container_width` with `width`.

`use_container_width` will be removed after 2025-12-31.

For `use_container_width=True`, use `width='stretch'`. For `use_container_width=False`, use `width='content'`.
2026-05-21 14:50:40.605 Please replace `use_container_width` with `width`.

`use_container_width` will be removed after 2025-12-31.

For `use_container_width=True`, use `width='stretch'`. For `use_container_width=False`, use `width='content'`.
2026-05-21 14:50:40.665 Please replace `st.components.v1.html` with `st.iframe`.

`st.components.v1.html` will be removed after 2026-06-01.
2026-05-21 14:50:40.779 Please replace `use_container_width` with `width`.

`use_container_width` will be removed after 2025-12-31.

For `use_container_width=True`, use `width='stretch'`. For `use_container_width=False`, use `width='content'`.
2026-05-21 14:50:42.378 Please replace `use_container_width` with `width`.

`use_container_width` will be removed after 2025-12-31.

For `use_container_width=True`, use `width='stretch'`. For `use_container_width=False`, use `width='content'`.
2026-05-21 14:50:42.470 Please replace `use_container_width` with `width`.

`use_container_width` will be removed after 2025-12-31.

For `use_container_width=True`, use `width='stretch'`. For `use_container_width=False`, use `width='content'`.
2026-05-21 14:50:42.584 Please replace `use_container_width` with `width`.

`use_container_width` will be removed after 2025-12-31.

For `use_container_width=True`, use `width='stretch'`. For `use_container_width=False`, use `width='content'`.
2026-05-21 14:50:42.676 Please replace `st.components.v1.html` with `st.iframe`.

`st.components.v1.html` will be removed after 2026-06-01.
2026-05-21 14:50:42.762 Please replace `use_container_width` with `width`.

`use_container_width` will be removed after 2025-12-31.

For `use_container_width=True`, use `width='stretch'`. For `use_container_width=False`, use `width='content'`.
2026-05-21 14:50:44.401 Please replace `use_container_width` with `width`.

`use_container_width` will be removed after 2025-12-31.

For `use_container_width=True`, use `width='stretch'`. For `use_container_width=False`, use `width='content'`.
2026-05-21 14:50:44.485 Please replace `use_container_width` with `width`.

`use_container_width` will be removed after 2025-12-31.

For `use_container_width=True`, use `width='stretch'`. For `use_container_width=False`, use `width='content'`.
2026-05-21 14:50:44.598 Please replace `use_container_width` with `width`.

`use_container_width` will be removed after 2025-12-31.

For `use_container_width=True`, use `width='stretch'`. For `use_container_width=False`, use `width='content'`.
2026-05-21 14:50:44.672 Please replace `st.components.v1.html` with `st.iframe`.

`st.components.v1.html` will be removed after 2026-06-01.
2026-05-21 14:50:44.769 Please replace `use_container_width` with `width`.

`use_container_width` will be removed after 2025-12-31.

For `use_container_width=True`, use `width='stretch'`. For `use_container_width=False`, use `width='content'`.
2026-05-21 14:50:46.383 Please replace `use_container_width` with `width`.

`use_container_width` will be removed after 2025-12-31.

For `use_container_width=True`, use `width='stretch'`. For `use_container_width=False`, use `width='content'`.
2026-05-21 14:50:46.479 Please replace `use_container_width` with `width`.

`use_container_width` will be removed after 2025-12-31.

For `use_container_width=True`, use `width='stretch'`. For `use_container_width=False`, use `width='content'`.
2026-05-21 14:50:46.581 Please replace `use_container_width` with `width`.

`use_container_width` will be removed after 2025-12-31.

For `use_container_width=True`, use `width='stretch'`. For `use_container_width=False`, use `width='content'`.
2026-05-21 14:50:46.650 Please replace `st.components.v1.html` with `st.iframe`.

`st.components.v1.html` will be removed after 2026-06-01.
2026-05-21 14:50:46.777 Please replace `use_container_width` with `width`.

`use_container_width` will be removed after 2025-12-31.

For `use_container_width=True`, use `width='stretch'`. For `use_container_width=False`, use `width='content'`.
2026-05-21 14:50:48.397 Please replace `use_container_width` with `width`.

`use_container_width` will be removed after 2025-12-31.

For `use_container_width=True`, use `width='stretch'`. For `use_container_width=False`, use `width='content'`.
2026-05-21 14:50:48.509 Please replace `use_container_width` with `width`.

`use_container_width` will be removed after 2025-12-31.

For `use_container_width=True`, use `width='stretch'`. For `use_container_width=False`, use `width='content'`.
2026-05-21 14:50:48.624 Please replace `use_container_width` with `width`.

`use_container_width` will be removed after 2025-12-31.

For `use_container_width=True`, use `width='stretch'`. For `use_container_width=False`, use `width='content'`.
2026-05-21 14:50:48.711 Please replace `st.components.v1.html` with `st.iframe`.

`st.components.v1.html` will be removed after 2026-06-01.
2026-05-21 14:50:48.806 Please replace `use_container_width` with `width`.

`use_container_width` will be removed after 2025-12-31.

For `use_container_width=True`, use `width='stretch'`. For `use_container_width=False`, use `width='content'`.
2026-05-21 14:50:50.380 Please replace `use_container_width` with `width`.

`use_container_width` will be removed after 2025-12-31.

For `use_container_width=True`, use `width='stretch'`. For `use_container_width=False`, use `width='content'`.
2026-05-21 14:50:50.482 Please replace `use_container_width` with `width`.

`use_container_width` will be removed after 2025-12-31.

For `use_container_width=True`, use `width='stretch'`. For `use_container_width=False`, use `width='content'`.
2026-05-21 14:50:50.595 Please replace `use_container_width` with `width`.

`use_container_width` will be removed after 2025-12-31.

For `use_container_width=True`, use `width='stretch'`. For `use_container_width=False`, use `width='content'`.
2026-05-21 14:50:50.666 Please replace `st.components.v1.html` with `st.iframe`.

`st.components.v1.html` will be removed after 2026-06-01.
2026-05-21 14:50:50.779 Please replace `use_container_width` with `width`.

`use_container_width` will be removed after 2025-12-31.

For `use_container_width=True`, use `width='stretch'`. For `use_container_width=False`, use `width='content'`.
2026-05-21 14:50:52.409 Please replace `use_container_width` with `width`.

`use_container_width` will be removed after 2025-12-31.

For `use_container_width=True`, use `width='stretch'`. For `use_container_width=False`, use `width='content'`.
2026-05-21 14:50:52.516 Please replace `use_container_width` with `width`.

`use_container_width` will be removed after 2025-12-31.

For `use_container_width=True`, use `width='stretch'`. For `use_container_width=False`, use `width='content'`.
2026-05-21 14:50:52.617 Please replace `use_container_width` with `width`.

`use_container_width` will be removed after 2025-12-31.

For `use_container_width=True`, use `width='stretch'`. For `use_container_width=False`, use `width='content'`.
2026-05-21 14:50:52.704 Please replace `st.components.v1.html` with `st.iframe`.

`st.components.v1.html` will be removed after 2026-06-01.
2026-05-21 14:50:52.814 Please replace `use_container_width` with `width`.

`use_container_width` will be removed after 2025-12-31.

For `use_container_width=True`, use `width='stretch'`. For `use_container_width=False`, use `width='content'`.
2026-05-21 14:50:54.379 Please replace `use_container_width` with `width`.

`use_container_width` will be removed after 2025-12-31.

For `use_container_width=True`, use `width='stretch'`. For `use_container_width=False`, use `width='content'`.
2026-05-21 14:50:54.484 Please replace `use_container_width` with `width`.

`use_container_width` will be removed after 2025-12-31.

For `use_container_width=True`, use `width='stretch'`. For `use_container_width=False`, use `width='content'`.
2026-05-21 14:50:54.594 Please replace `use_container_width` with `width`.

`use_container_width` will be removed after 2025-12-31.

For `use_container_width=True`, use `width='stretch'`. For `use_container_width=False`, use `width='content'`.
2026-05-21 14:50:54.688 Please replace `st.components.v1.html` with `st.iframe`.

`st.components.v1.html` will be removed after 2026-06-01.
2026-05-21 14:50:54.788 Please replace `use_container_width` with `width`.

`use_container_width` will be removed after 2025-12-31.

For `use_container_width=True`, use `width='stretch'`. For `use_container_width=False`, use `width='content'`.
2026-05-21 14:50:56.415 Please replace `use_container_width` with `width`.

`use_container_width` will be removed after 2025-12-31.

For `use_container_width=True`, use `width='stretch'`. For `use_container_width=False`, use `width='content'`.
2026-05-21 14:50:56.515 Please replace `use_container_width` with `width`.

`use_container_width` will be removed after 2025-12-31.

For `use_container_width=True`, use `width='stretch'`. For `use_container_width=False`, use `width='content'`.
2026-05-21 14:50:56.629 Please replace `use_container_width` with `width`.

`use_container_width` will be removed after 2025-12-31.

For `use_container_width=True`, use `width='stretch'`. For `use_container_width=False`, use `width='content'`.
2026-05-21 14:50:56.713 Please replace `st.components.v1.html` with `st.iframe`.

`st.components.v1.html` will be removed after 2026-06-01.
2026-05-21 14:50:56.791 Please replace `use_container_width` with `width`.

`use_container_width` will be removed after 2025-12-31.

For `use_container_width=True`, use `width='stretch'`. For `use_container_width=False`, use `width='content'`.
2026-05-21 14:50:58.390 Please replace `use_container_width` with `width`.

`use_container_width` will be removed after 2025-12-31.

For `use_container_width=True`, use `width='stretch'`. For `use_container_width=False`, use `width='content'`.
2026-05-21 14:50:58.489 Please replace `use_container_width` with `width`.

`use_container_width` will be removed after 2025-12-31.

For `use_container_width=True`, use `width='stretch'`. For `use_container_width=False`, use `width='content'`.
2026-05-21 14:50:58.607 Please replace `use_container_width` with `width`.

`use_container_width` will be removed after 2025-12-31.

For `use_container_width=True`, use `width='stretch'`. For `use_container_width=False`, use `width='content'`.
2026-05-21 14:50:58.682 Please replace `st.components.v1.html` with `st.iframe`.

`st.components.v1.html` will be removed after 2026-06-01.
2026-05-21 14:50:58.783 Please replace `use_container_width` with `width`.

`use_container_width` will be removed after 2025-12-31.

For `use_container_width=True`, use `width='stretch'`. For `use_container_width=False`, use `width='content'`.
2026-05-21 14:51:00.408 Please replace `use_container_width` with `width`.

`use_container_width` will be removed after 2025-12-31.

For `use_container_width=True`, use `width='stretch'`. For `use_container_width=False`, use `width='content'`.
2026-05-21 14:51:00.506 Please replace `use_container_width` with `width`.

`use_container_width` will be removed after 2025-12-31.

For `use_container_width=True`, use `width='stretch'`. For `use_container_width=False`, use `width='content'`.
2026-05-21 14:51:00.604 Please replace `use_container_width` with `width`.

`use_container_width` will be removed after 2025-12-31.

For `use_container_width=True`, use `width='stretch'`. For `use_container_width=False`, use `width='content'`.
2026-05-21 14:51:00.675 Please replace `st.components.v1.html` with `st.iframe`.

`st.components.v1.html` will be removed after 2026-06-01.
2026-05-21 14:51:00.779 Please replace `use_container_width` with `width`.

`use_container_width` will be removed after 2025-12-31.

For `use_container_width=True`, use `width='stretch'`. For `use_container_width=False`, use `width='content'`.
2026-05-21 14:51:02.387 Please replace `use_container_width` with `width`.

`use_container_width` will be removed after 2025-12-31.

For `use_container_width=True`, use `width='stretch'`. For `use_container_width=False`, use `width='content'`.
2026-05-21 14:51:02.478 Please replace `use_container_width` with `width`.

`use_container_width` will be removed after 2025-12-31.

For `use_container_width=True`, use `width='stretch'`. For `use_container_width=False`, use `width='content'`.
2026-05-21 14:51:02.604 Please replace `use_container_width` with `width`.

`use_container_width` will be removed after 2025-12-31.

For `use_container_width=True`, use `width='stretch'`. For `use_container_width=False`, use `width='content'`.
2026-05-21 14:51:02.700 Please replace `st.components.v1.html` with `st.iframe`.

`st.components.v1.html` will be removed after 2026-06-01.
2026-05-21 14:51:02.792 Please replace `use_container_width` with `width`.

`use_container_width` will be removed after 2025-12-31.

For `use_container_width=True`, use `width='stretch'`. For `use_container_width=False`, use `width='content'`.
2026-05-21 14:51:04.401 Please replace `use_container_width` with `width`.

`use_container_width` will be removed after 2025-12-31.

For `use_container_width=True`, use `width='stretch'`. For `use_container_width=False`, use `width='content'`.
2026-05-21 14:51:04.505 Please replace `use_container_width` with `width`.

`use_container_width` will be removed after 2025-12-31.

For `use_container_width=True`, use `width='stretch'`. For `use_container_width=False`, use `width='content'`.
2026-05-21 14:51:04.621 Please replace `use_container_width` with `width`.

`use_container_width` will be removed after 2025-12-31.

For `use_container_width=True`, use `width='stretch'`. For `use_container_width=False`, use `width='content'`.
2026-05-21 14:51:04.687 Please replace `st.components.v1.html` with `st.iframe`.

`st.components.v1.html` will be removed after 2026-06-01.
2026-05-21 14:51:04.778 Please replace `use_container_width` with `width`.

`use_container_width` will be removed after 2025-12-31.

For `use_container_width=True`, use `width='stretch'`. For `use_container_width=False`, use `width='content'`.
2026-05-21 14:51:06.382 Please replace `use_container_width` with `width`.

`use_container_width` will be removed after 2025-12-31.

For `use_container_width=True`, use `width='stretch'`. For `use_container_width=False`, use `width='content'`.
2026-05-21 14:51:06.486 Please replace `use_container_width` with `width`.

`use_container_width` will be removed after 2025-12-31.

For `use_container_width=True`, use `width='stretch'`. For `use_container_width=False`, use `width='content'`.
2026-05-21 14:51:06.590 Please replace `use_container_width` with `width`.

`use_container_width` will be removed after 2025-12-31.

For `use_container_width=True`, use `width='stretch'`. For `use_container_width=False`, use `width='content'`.
2026-05-21 14:51:06.660 Please replace `st.components.v1.html` with `st.iframe`.

`st.components.v1.html` will be removed after 2026-06-01.
2026-05-21 14:51:06.758 Please replace `use_container_width` with `width`.

`use_container_width` will be removed after 2025-12-31.

For `use_container_width=True`, use `width='stretch'`. For `use_container_width=False`, use `width='content'`.
2026-05-21 14:51:08.407 Please replace `use_container_width` with `width`.

`use_container_width` will be removed after 2025-12-31.

For `use_container_width=True`, use `width='stretch'`. For `use_container_width=False`, use `width='content'`.
2026-05-21 14:51:08.493 Please replace `use_container_width` with `width`.

`use_container_width` will be removed after 2025-12-31.

For `use_container_width=True`, use `width='stretch'`. For `use_container_width=False`, use `width='content'`.
2026-05-21 14:51:08.587 Please replace `use_container_width` with `width`.

`use_container_width` will be removed after 2025-12-31.

For `use_container_width=True`, use `width='stretch'`. For `use_container_width=False`, use `width='content'`.
2026-05-21 14:51:08.678 Please replace `st.components.v1.html` with `st.iframe`.

`st.components.v1.html` will be removed after 2026-06-01.
2026-05-21 14:51:08.770 Please replace `use_container_width` with `width`.

`use_container_width` will be removed after 2025-12-31.

For `use_container_width=True`, use `width='stretch'`. For `use_container_width=False`, use `width='content'`.
2026-05-21 14:51:10.380 Please replace `use_container_width` with `width`.

`use_container_width` will be removed after 2025-12-31.

For `use_container_width=True`, use `width='stretch'`. For `use_container_width=False`, use `width='content'`.
2026-05-21 14:51:10.477 Please replace `use_container_width` with `width`.

`use_container_width` will be removed after 2025-12-31.

For `use_container_width=True`, use `width='stretch'`. For `use_container_width=False`, use `width='content'`.
2026-05-21 14:51:10.595 Please replace `use_container_width` with `width`.

`use_container_width` will be removed after 2025-12-31.

For `use_container_width=True`, use `width='stretch'`. For `use_container_width=False`, use `width='content'`.
2026-05-21 14:51:10.662 Please replace `st.components.v1.html` with `st.iframe`.

`st.components.v1.html` will be removed after 2026-06-01.
2026-05-21 14:51:10.764 Please replace `use_container_width` with `width`.

`use_container_width` will be removed after 2025-12-31.

For `use_container_width=True`, use `width='stretch'`. For `use_container_width=False`, use `width='content'`.
2026-05-21 14:51:12.401 Please replace `use_container_width` with `width`.

`use_container_width` will be removed after 2025-12-31.

For `use_container_width=True`, use `width='stretch'`. For `use_container_width=False`, use `width='content'`.
2026-05-21 14:51:12.517 Please replace `use_container_width` with `width`.

`use_container_width` will be removed after 2025-12-31.

For `use_container_width=True`, use `width='stretch'`. For `use_container_width=False`, use `width='content'`.
2026-05-21 14:51:12.630 Please replace `use_container_width` with `width`.

`use_container_width` will be removed after 2025-12-31.

For `use_container_width=True`, use `width='stretch'`. For `use_container_width=False`, use `width='content'`.
2026-05-21 14:51:12.707 Please replace `st.components.v1.html` with `st.iframe`.

`st.components.v1.html` will be removed after 2026-06-01.
2026-05-21 14:51:12.790 Please replace `use_container_width` with `width`.

`use_container_width` will be removed after 2025-12-31.

For `use_container_width=True`, use `width='stretch'`. For `use_container_width=False`, use `width='content'`.
2026-05-21 14:51:14.390 Please replace `use_container_width` with `width`.

`use_container_width` will be removed after 2025-12-31.

For `use_container_width=True`, use `width='stretch'`. For `use_container_width=False`, use `width='content'`.
2026-05-21 14:51:14.490 Please replace `use_container_width` with `width`.

`use_container_width` will be removed after 2025-12-31.

For `use_container_width=True`, use `width='stretch'`. For `use_container_width=False`, use `width='content'`.
2026-05-21 14:51:14.595 Please replace `use_container_width` with `width`.

`use_container_width` will be removed after 2025-12-31.

For `use_container_width=True`, use `width='stretch'`. For `use_container_width=False`, use `width='content'`.
2026-05-21 14:51:14.660 Please replace `st.components.v1.html` with `st.iframe`.

`st.components.v1.html` will be removed after 2026-06-01.
2026-05-21 14:51:14.769 Please replace `use_container_width` with `width`.

`use_container_width` will be removed after 2025-12-31.

For `use_container_width=True`, use `width='stretch'`. For `use_container_width=False`, use `width='content'`.
2026-05-21 14:51:16.408 Please replace `use_container_width` with `width`.

`use_container_width` will be removed after 2025-12-31.

For `use_container_width=True`, use `width='stretch'`. For `use_container_width=False`, use `width='content'`.
2026-05-21 14:51:16.505 Please replace `use_container_width` with `width`.

`use_container_width` will be removed after 2025-12-31.

For `use_container_width=True`, use `width='stretch'`. For `use_container_width=False`, use `width='content'`.
2026-05-21 14:51:16.608 Please replace `use_container_width` with `width`.

`use_container_width` will be removed after 2025-12-31.

For `use_container_width=True`, use `width='stretch'`. For `use_container_width=False`, use `width='content'`.
2026-05-21 14:51:16.690 Please replace `st.components.v1.html` with `st.iframe`.

`st.components.v1.html` will be removed after 2026-06-01.
2026-05-21 14:51:16.785 Please replace `use_container_width` with `width`.

`use_container_width` will be removed after 2025-12-31.

For `use_container_width=True`, use `width='stretch'`. For `use_container_width=False`, use `width='content'`.
2026-05-21 14:51:18.431 Please replace `use_container_width` with `width`.

`use_container_width` will be removed after 2025-12-31.

For `use_container_width=True`, use `width='stretch'`. For `use_container_width=False`, use `width='content'`.
2026-05-21 14:51:18.525 Please replace `use_container_width` with `width`.

`use_container_width` will be removed after 2025-12-31.

For `use_container_width=True`, use `width='stretch'`. For `use_container_width=False`, use `width='content'`.
2026-05-21 14:51:18.654 Please replace `use_container_width` with `width`.

`use_container_width` will be removed after 2025-12-31.

For `use_container_width=True`, use `width='stretch'`. For `use_container_width=False`, use `width='content'`.
2026-05-21 14:51:18.752 Please replace `st.components.v1.html` with `st.iframe`.

`st.components.v1.html` will be removed after 2026-06-01.
2026-05-21 14:51:18.857 Please replace `use_container_width` with `width`.

`use_container_width` will be removed after 2025-12-31.

For `use_container_width=True`, use `width='stretch'`. For `use_container_width=False`, use `width='content'`.
2026-05-21 14:51:20.400 Please replace `use_container_width` with `width`.

`use_container_width` will be removed after 2025-12-31.

For `use_container_width=True`, use `width='stretch'`. For `use_container_width=False`, use `width='content'`.
2026-05-21 14:51:20.508 Please replace `use_container_width` with `width`.

`use_container_width` will be removed after 2025-12-31.

For `use_container_width=True`, use `width='stretch'`. For `use_container_width=False`, use `width='content'`.
2026-05-21 14:51:20.624 Please replace `use_container_width` with `width`.

`use_container_width` will be removed after 2025-12-31.

For `use_container_width=True`, use `width='stretch'`. For `use_container_width=False`, use `width='content'`.
2026-05-21 14:51:20.685 Please replace `st.components.v1.html` with `st.iframe`.

`st.components.v1.html` will be removed after 2026-06-01.
2026-05-21 14:51:20.783 Please replace `use_container_width` with `width`.

`use_container_width` will be removed after 2025-12-31.

For `use_container_width=True`, use `width='stretch'`. For `use_container_width=False`, use `width='content'`.
2026-05-21 14:51:22.390 Please replace `use_container_width` with `width`.

`use_container_width` will be removed after 2025-12-31.

For `use_container_width=True`, use `width='stretch'`. For `use_container_width=False`, use `width='content'`.
2026-05-21 14:51:22.495 Please replace `use_container_width` with `width`.

`use_container_width` will be removed after 2025-12-31.

For `use_container_width=True`, use `width='stretch'`. For `use_container_width=False`, use `width='content'`.
2026-05-21 14:51:22.616 Please replace `use_container_width` with `width`.

`use_container_width` will be removed after 2025-12-31.

For `use_container_width=True`, use `width='stretch'`. For `use_container_width=False`, use `width='content'`.
2026-05-21 14:51:22.683 Please replace `st.components.v1.html` with `st.iframe`.

`st.components.v1.html` will be removed after 2026-06-01.
2026-05-21 14:51:22.789 Please replace `use_container_width` with `width`.

`use_container_width` will be removed after 2025-12-31.

For `use_container_width=True`, use `width='stretch'`. For `use_container_width=False`, use `width='content'`.
2026-05-21 14:51:24.408 Please replace `use_container_width` with `width`.

`use_container_width` will be removed after 2025-12-31.

For `use_container_width=True`, use `width='stretch'`. For `use_container_width=False`, use `width='content'`.
2026-05-21 14:51:24.511 Please replace `use_container_width` with `width`.

`use_container_width` will be removed after 2025-12-31.

For `use_container_width=True`, use `width='stretch'`. For `use_container_width=False`, use `width='content'`.
2026-05-21 14:51:24.619 Please replace `use_container_width` with `width`.

`use_container_width` will be removed after 2025-12-31.

For `use_container_width=True`, use `width='stretch'`. For `use_container_width=False`, use `width='content'`.
2026-05-21 14:51:24.707 Please replace `st.components.v1.html` with `st.iframe`.

`st.components.v1.html` will be removed after 2026-06-01.
2026-05-21 14:51:24.795 Please replace `use_container_width` with `width`.

`use_container_width` will be removed after 2025-12-31.

For `use_container_width=True`, use `width='stretch'`. For `use_container_width=False`, use `width='content'`.
2026-05-21 14:51:26.391 Please replace `use_container_width` with `width`.

`use_container_width` will be removed after 2025-12-31.

For `use_container_width=True`, use `width='stretch'`. For `use_container_width=False`, use `width='content'`.
2026-05-21 14:51:26.484 Please replace `use_container_width` with `width`.

`use_container_width` will be removed after 2025-12-31.

For `use_container_width=True`, use `width='stretch'`. For `use_container_width=False`, use `width='content'`.
2026-05-21 14:51:26.584 Please replace `use_container_width` with `width`.

`use_container_width` will be removed after 2025-12-31.

For `use_container_width=True`, use `width='stretch'`. For `use_container_width=False`, use `width='content'`.
2026-05-21 14:51:26.645 Please replace `st.components.v1.html` with `st.iframe`.

`st.components.v1.html` will be removed after 2026-06-01.
2026-05-21 14:51:26.751 Please replace `use_container_width` with `width`.

`use_container_width` will be removed after 2025-12-31.

For `use_container_width=True`, use `width='stretch'`. For `use_container_width=False`, use `width='content'`.
2026-05-21 14:51:28.414 Please replace `use_container_width` with `width`.

`use_container_width` will be removed after 2025-12-31.

For `use_container_width=True`, use `width='stretch'`. For `use_container_width=False`, use `width='content'`.
2026-05-21 14:51:28.515 Please replace `use_container_width` with `width`.

`use_container_width` will be removed after 2025-12-31.

For `use_container_width=True`, use `width='stretch'`. For `use_container_width=False`, use `width='content'`.
2026-05-21 14:51:28.630 Please replace `use_container_width` with `width`.

`use_container_width` will be removed after 2025-12-31.

For `use_container_width=True`, use `width='stretch'`. For `use_container_width=False`, use `width='content'`.
2026-05-21 14:51:28.727 Please replace `st.components.v1.html` with `st.iframe`.

`st.components.v1.html` will be removed after 2026-06-01.
2026-05-21 14:51:28.838 Please replace `use_container_width` with `width`.

`use_container_width` will be removed after 2025-12-31.

For `use_container_width=True`, use `width='stretch'`. For `use_container_width=False`, use `width='content'`.
2026-05-21 14:51:30.384 Please replace `use_container_width` with `width`.

`use_container_width` will be removed after 2025-12-31.

For `use_container_width=True`, use `width='stretch'`. For `use_container_width=False`, use `width='content'`.
2026-05-21 14:51:30.470 Please replace `use_container_width` with `width`.

`use_container_width` will be removed after 2025-12-31.

For `use_container_width=True`, use `width='stretch'`. For `use_container_width=False`, use `width='content'`.
2026-05-21 14:51:30.573 Please replace `use_container_width` with `width`.

`use_container_width` will be removed after 2025-12-31.

For `use_container_width=True`, use `width='stretch'`. For `use_container_width=False`, use `width='content'`.
2026-05-21 14:51:30.678 Please replace `st.components.v1.html` with `st.iframe`.

`st.components.v1.html` will be removed after 2026-06-01.
2026-05-21 14:51:30.761 Please replace `use_container_width` with `width`.

`use_container_width` will be removed after 2025-12-31.

For `use_container_width=True`, use `width='stretch'`. For `use_container_width=False`, use `width='content'`.
2026-05-21 14:51:32.405 Please replace `use_container_width` with `width`.

`use_container_width` will be removed after 2025-12-31.

For `use_container_width=True`, use `width='stretch'`. For `use_container_width=False`, use `width='content'`.
2026-05-21 14:51:32.507 Please replace `use_container_width` with `width`.

`use_container_width` will be removed after 2025-12-31.

For `use_container_width=True`, use `width='stretch'`. For `use_container_width=False`, use `width='content'`.
2026-05-21 14:51:32.635 Please replace `use_container_width` with `width`.

`use_container_width` will be removed after 2025-12-31.

For `use_container_width=True`, use `width='stretch'`. For `use_container_width=False`, use `width='content'`.
2026-05-21 14:51:32.722 Please replace `st.components.v1.html` with `st.iframe`.

`st.components.v1.html` will be removed after 2026-06-01.
2026-05-21 14:51:32.792 Please replace `use_container_width` with `width`.

`use_container_width` will be removed after 2025-12-31.

For `use_container_width=True`, use `width='stretch'`. For `use_container_width=False`, use `width='content'`.
2026-05-21 14:51:34.380 Please replace `use_container_width` with `width`.

`use_container_width` will be removed after 2025-12-31.

For `use_container_width=True`, use `width='stretch'`. For `use_container_width=False`, use `width='content'`.
2026-05-21 14:51:34.482 Please replace `use_container_width` with `width`.

`use_container_width` will be removed after 2025-12-31.

For `use_container_width=True`, use `width='stretch'`. For `use_container_width=False`, use `width='content'`.
2026-05-21 14:51:34.591 Please replace `use_container_width` with `width`.

`use_container_width` will be removed after 2025-12-31.

For `use_container_width=True`, use `width='stretch'`. For `use_container_width=False`, use `width='content'`.
2026-05-21 14:51:34.689 Please replace `st.components.v1.html` with `st.iframe`.

`st.components.v1.html` will be removed after 2026-06-01.
2026-05-21 14:51:34.768 Please replace `use_container_width` with `width`.

`use_container_width` will be removed after 2025-12-31.

For `use_container_width=True`, use `width='stretch'`. For `use_container_width=False`, use `width='content'`.
2026-05-21 14:51:36.408 Please replace `use_container_width` with `width`.

`use_container_width` will be removed after 2025-12-31.

For `use_container_width=True`, use `width='stretch'`. For `use_container_width=False`, use `width='content'`.
2026-05-21 14:51:36.498 Please replace `use_container_width` with `width`.

`use_container_width` will be removed after 2025-12-31.

For `use_container_width=True`, use `width='stretch'`. For `use_container_width=False`, use `width='content'`.
2026-05-21 14:51:36.605 Please replace `use_container_width` with `width`.

`use_container_width` will be removed after 2025-12-31.

For `use_container_width=True`, use `width='stretch'`. For `use_container_width=False`, use `width='content'`.
2026-05-21 14:51:36.690 Please replace `st.components.v1.html` with `st.iframe`.

`st.components.v1.html` will be removed after 2026-06-01.
2026-05-21 14:51:36.796 Please replace `use_container_width` with `width`.

`use_container_width` will be removed after 2025-12-31.

For `use_container_width=True`, use `width='stretch'`. For `use_container_width=False`, use `width='content'`.
2026-05-21 14:51:38.382 Please replace `use_container_width` with `width`.

`use_container_width` will be removed after 2025-12-31.

For `use_container_width=True`, use `width='stretch'`. For `use_container_width=False`, use `width='content'`.
2026-05-21 14:51:38.482 Please replace `use_container_width` with `width`.

`use_container_width` will be removed after 2025-12-31.

For `use_container_width=True`, use `width='stretch'`. For `use_container_width=False`, use `width='content'`.
2026-05-21 14:51:38.576 Please replace `use_container_width` with `width`.

`use_container_width` will be removed after 2025-12-31.

For `use_container_width=True`, use `width='stretch'`. For `use_container_width=False`, use `width='content'`.
2026-05-21 14:51:38.660 Please replace `st.components.v1.html` with `st.iframe`.

`st.components.v1.html` will be removed after 2026-06-01.
2026-05-21 14:51:38.756 Please replace `use_container_width` with `width`.

`use_container_width` will be removed after 2025-12-31.

For `use_container_width=True`, use `width='stretch'`. For `use_container_width=False`, use `width='content'`.
2026-05-21 14:51:40.394 Please replace `use_container_width` with `width`.

`use_container_width` will be removed after 2025-12-31.

For `use_container_width=True`, use `width='stretch'`. For `use_container_width=False`, use `width='content'`.
2026-05-21 14:51:40.497 Please replace `use_container_width` with `width`.

`use_container_width` will be removed after 2025-12-31.

For `use_container_width=True`, use `width='stretch'`. For `use_container_width=False`, use `width='content'`.
2026-05-21 14:51:40.620 Please replace `use_container_width` with `width`.

`use_container_width` will be removed after 2025-12-31.

For `use_container_width=True`, use `width='stretch'`. For `use_container_width=False`, use `width='content'`.
2026-05-21 14:51:40.699 Please replace `st.components.v1.html` with `st.iframe`.

`st.components.v1.html` will be removed after 2026-06-01.
2026-05-21 14:51:40.792 Please replace `use_container_width` with `width`.

`use_container_width` will be removed after 2025-12-31.

For `use_container_width=True`, use `width='stretch'`. For `use_container_width=False`, use `width='content'`.
2026-05-21 14:51:42.397 Please replace `use_container_width` with `width`.

`use_container_width` will be removed after 2025-12-31.

For `use_container_width=True`, use `width='stretch'`. For `use_container_width=False`, use `width='content'`.
2026-05-21 14:51:42.469 Please replace `use_container_width` with `width`.

`use_container_width` will be removed after 2025-12-31.

For `use_container_width=True`, use `width='stretch'`. For `use_container_width=False`, use `width='content'`.
2026-05-21 14:51:42.560 Please replace `use_container_width` with `width`.

`use_container_width` will be removed after 2025-12-31.

For `use_container_width=True`, use `width='stretch'`. For `use_container_width=False`, use `width='content'`.
2026-05-21 14:51:42.669 Please replace `st.components.v1.html` with `st.iframe`.

`st.components.v1.html` will be removed after 2026-06-01.
2026-05-21 14:51:42.761 Please replace `use_container_width` with `width`.

`use_container_width` will be removed after 2025-12-31.

For `use_container_width=True`, use `width='stretch'`. For `use_container_width=False`, use `width='content'`.
2026-05-21 14:51:44.405 Please replace `use_container_width` with `width`.

`use_container_width` will be removed after 2025-12-31.

For `use_container_width=True`, use `width='stretch'`. For `use_container_width=False`, use `width='content'`.
2026-05-21 14:51:44.510 Please replace `use_container_width` with `width`.

`use_container_width` will be removed after 2025-12-31.

For `use_container_width=True`, use `width='stretch'`. For `use_container_width=False`, use `width='content'`.
2026-05-21 14:51:44.614 Please replace `use_container_width` with `width`.

`use_container_width` will be removed after 2025-12-31.

For `use_container_width=True`, use `width='stretch'`. For `use_container_width=False`, use `width='content'`.
2026-05-21 14:51:44.708 Please replace `st.components.v1.html` with `st.iframe`.

`st.components.v1.html` will be removed after 2026-06-01.
2026-05-21 14:51:44.801 Please replace `use_container_width` with `width`.

`use_container_width` will be removed after 2025-12-31.

For `use_container_width=True`, use `width='stretch'`. For `use_container_width=False`, use `width='content'`.
2026-05-21 14:51:46.386 Please replace `use_container_width` with `width`.

`use_container_width` will be removed after 2025-12-31.

For `use_container_width=True`, use `width='stretch'`. For `use_container_width=False`, use `width='content'`.
2026-05-21 14:51:46.488 Please replace `use_container_width` with `width`.

`use_container_width` will be removed after 2025-12-31.

For `use_container_width=True`, use `width='stretch'`. For `use_container_width=False`, use `width='content'`.
2026-05-21 14:51:46.592 Please replace `use_container_width` with `width`.

`use_container_width` will be removed after 2025-12-31.

For `use_container_width=True`, use `width='stretch'`. For `use_container_width=False`, use `width='content'`.
2026-05-21 14:51:46.653 Please replace `st.components.v1.html` with `st.iframe`.

`st.components.v1.html` will be removed after 2026-06-01.
2026-05-21 14:51:46.755 Please replace `use_container_width` with `width`.

`use_container_width` will be removed after 2025-12-31.

For `use_container_width=True`, use `width='stretch'`. For `use_container_width=False`, use `width='content'`.
2026-05-21 14:51:48.402 Please replace `use_container_width` with `width`.

`use_container_width` will be removed after 2025-12-31.

For `use_container_width=True`, use `width='stretch'`. For `use_container_width=False`, use `width='content'`.
2026-05-21 14:51:48.505 Please replace `use_container_width` with `width`.

`use_container_width` will be removed after 2025-12-31.

For `use_container_width=True`, use `width='stretch'`. For `use_container_width=False`, use `width='content'`.
2026-05-21 14:51:48.609 Please replace `use_container_width` with `width`.

`use_container_width` will be removed after 2025-12-31.

For `use_container_width=True`, use `width='stretch'`. For `use_container_width=False`, use `width='content'`.
2026-05-21 14:51:48.675 Please replace `st.components.v1.html` with `st.iframe`.

`st.components.v1.html` will be removed after 2026-06-01.
2026-05-21 14:51:48.762 Please replace `use_container_width` with `width`.

`use_container_width` will be removed after 2025-12-31.

For `use_container_width=True`, use `width='stretch'`. For `use_container_width=False`, use `width='content'`.
2026-05-21 14:51:50.377 Please replace `use_container_width` with `width`.

`use_container_width` will be removed after 2025-12-31.

For `use_container_width=True`, use `width='stretch'`. For `use_container_width=False`, use `width='content'`.
2026-05-21 14:51:50.475 Please replace `use_container_width` with `width`.

`use_container_width` will be removed after 2025-12-31.

For `use_container_width=True`, use `width='stretch'`. For `use_container_width=False`, use `width='content'`.
2026-05-21 14:51:50.582 Please replace `use_container_width` with `width`.

`use_container_width` will be removed after 2025-12-31.

For `use_container_width=True`, use `width='stretch'`. For `use_container_width=False`, use `width='content'`.
2026-05-21 14:51:50.670 Please replace `st.components.v1.html` with `st.iframe`.

`st.components.v1.html` will be removed after 2026-06-01.
2026-05-21 14:51:50.768 Please replace `use_container_width` with `width`.

`use_container_width` will be removed after 2025-12-31.

For `use_container_width=True`, use `width='stretch'`. For `use_container_width=False`, use `width='content'`.
2026-05-21 14:51:52.395 Please replace `use_container_width` with `width`.

`use_container_width` will be removed after 2025-12-31.

For `use_container_width=True`, use `width='stretch'`. For `use_container_width=False`, use `width='content'`.
2026-05-21 14:51:52.499 Please replace `use_container_width` with `width`.

`use_container_width` will be removed after 2025-12-31.

For `use_container_width=True`, use `width='stretch'`. For `use_container_width=False`, use `width='content'`.
2026-05-21 14:51:52.608 Please replace `use_container_width` with `width`.

`use_container_width` will be removed after 2025-12-31.

For `use_container_width=True`, use `width='stretch'`. For `use_container_width=False`, use `width='content'`.
2026-05-21 14:51:52.683 Please replace `st.components.v1.html` with `st.iframe`.

`st.components.v1.html` will be removed after 2026-06-01.
2026-05-21 14:51:52.780 Please replace `use_container_width` with `width`.

`use_container_width` will be removed after 2025-12-31.

For `use_container_width=True`, use `width='stretch'`. For `use_container_width=False`, use `width='content'`.
2026-05-21 14:51:54.394 Please replace `use_container_width` with `width`.

`use_container_width` will be removed after 2025-12-31.

For `use_container_width=True`, use `width='stretch'`. For `use_container_width=False`, use `width='content'`.
2026-05-21 14:51:54.472 Please replace `use_container_width` with `width`.

`use_container_width` will be removed after 2025-12-31.

For `use_container_width=True`, use `width='stretch'`. For `use_container_width=False`, use `width='content'`.
2026-05-21 14:51:54.554 Please replace `use_container_width` with `width`.

`use_container_width` will be removed after 2025-12-31.

For `use_container_width=True`, use `width='stretch'`. For `use_container_width=False`, use `width='content'`.
2026-05-21 14:51:54.629 Please replace `st.components.v1.html` with `st.iframe`.

`st.components.v1.html` will be removed after 2026-06-01.
2026-05-21 14:51:54.740 Please replace `use_container_width` with `width`.

`use_container_width` will be removed after 2025-12-31.

For `use_container_width=True`, use `width='stretch'`. For `use_container_width=False`, use `width='content'`.
2026-05-21 14:51:56.405 Please replace `use_container_width` with `width`.

`use_container_width` will be removed after 2025-12-31.

For `use_container_width=True`, use `width='stretch'`. For `use_container_width=False`, use `width='content'`.
2026-05-21 14:51:56.514 Please replace `use_container_width` with `width`.

`use_container_width` will be removed after 2025-12-31.

For `use_container_width=True`, use `width='stretch'`. For `use_container_width=False`, use `width='content'`.
2026-05-21 14:51:56.628 Please replace `use_container_width` with `width`.

`use_container_width` will be removed after 2025-12-31.

For `use_container_width=True`, use `width='stretch'`. For `use_container_width=False`, use `width='content'`.
2026-05-21 14:51:56.701 Please replace `st.components.v1.html` with `st.iframe`.

`st.components.v1.html` will be removed after 2026-06-01.
2026-05-21 14:51:56.787 Please replace `use_container_width` with `width`.

`use_container_width` will be removed after 2025-12-31.

For `use_container_width=True`, use `width='stretch'`. For `use_container_width=False`, use `width='content'`.
2026-05-21 14:51:58.379 Please replace `use_container_width` with `width`.

`use_container_width` will be removed after 2025-12-31.

For `use_container_width=True`, use `width='stretch'`. For `use_container_width=False`, use `width='content'`.
2026-05-21 14:51:58.479 Please replace `use_container_width` with `width`.

`use_container_width` will be removed after 2025-12-31.

For `use_container_width=True`, use `width='stretch'`. For `use_container_width=False`, use `width='content'`.
2026-05-21 14:51:58.606 Please replace `use_container_width` with `width`.

`use_container_width` will be removed after 2025-12-31.

For `use_container_width=True`, use `width='stretch'`. For `use_container_width=False`, use `width='content'`.
2026-05-21 14:51:58.680 Please replace `st.components.v1.html` with `st.iframe`.

`st.components.v1.html` will be removed after 2026-06-01.
2026-05-21 14:51:58.784 Please replace `use_container_width` with `width`.

`use_container_width` will be removed after 2025-12-31.

For `use_container_width=True`, use `width='stretch'`. For `use_container_width=False`, use `width='content'`.
2026-05-21 14:52:00.480 Please replace `use_container_width` with `width`.

`use_container_width` will be removed after 2025-12-31.

For `use_container_width=True`, use `width='stretch'`. For `use_container_width=False`, use `width='content'`.
2026-05-21 14:52:00.566 Please replace `use_container_width` with `width`.

`use_container_width` will be removed after 2025-12-31.

For `use_container_width=True`, use `width='stretch'`. For `use_container_width=False`, use `width='content'`.
2026-05-21 14:52:00.671 Please replace `use_container_width` with `width`.

`use_container_width` will be removed after 2025-12-31.

For `use_container_width=True`, use `width='stretch'`. For `use_container_width=False`, use `width='content'`.
2026-05-21 14:52:00.758 Please replace `st.components.v1.html` with `st.iframe`.

`st.components.v1.html` will be removed after 2026-06-01.
2026-05-21 14:52:00.859 Please replace `use_container_width` with `width`.

`use_container_width` will be removed after 2025-12-31.

For `use_container_width=True`, use `width='stretch'`. For `use_container_width=False`, use `width='content'`.
2026-05-21 14:52:02.383 Please replace `use_container_width` with `width`.

`use_container_width` will be removed after 2025-12-31.

For `use_container_width=True`, use `width='stretch'`. For `use_container_width=False`, use `width='content'`.
2026-05-21 14:52:02.476 Please replace `use_container_width` with `width`.

`use_container_width` will be removed after 2025-12-31.

For `use_container_width=True`, use `width='stretch'`. For `use_container_width=False`, use `width='content'`.
2026-05-21 14:52:02.578 Please replace `use_container_width` with `width`.

`use_container_width` will be removed after 2025-12-31.

For `use_container_width=True`, use `width='stretch'`. For `use_container_width=False`, use `width='content'`.
2026-05-21 14:52:02.654 Please replace `st.components.v1.html` with `st.iframe`.

`st.components.v1.html` will be removed after 2026-06-01.
2026-05-21 14:52:02.775 Please replace `use_container_width` with `width`.

`use_container_width` will be removed after 2025-12-31.

For `use_container_width=True`, use `width='stretch'`. For `use_container_width=False`, use `width='content'`.
2026-05-21 14:52:04.400 Please replace `use_container_width` with `width`.

`use_container_width` will be removed after 2025-12-31.

For `use_container_width=True`, use `width='stretch'`. For `use_container_width=False`, use `width='content'`.
2026-05-21 14:52:04.514 Please replace `use_container_width` with `width`.

`use_container_width` will be removed after 2025-12-31.

For `use_container_width=True`, use `width='stretch'`. For `use_container_width=False`, use `width='content'`.
2026-05-21 14:52:04.620 Please replace `use_container_width` with `width`.

`use_container_width` will be removed after 2025-12-31.

For `use_container_width=True`, use `width='stretch'`. For `use_container_width=False`, use `width='content'`.
2026-05-21 14:52:04.701 Please replace `st.components.v1.html` with `st.iframe`.

`st.components.v1.html` will be removed after 2026-06-01.
2026-05-21 14:52:04.801 Please replace `use_container_width` with `width`.

`use_container_width` will be removed after 2025-12-31.

For `use_container_width=True`, use `width='stretch'`. For `use_container_width=False`, use `width='content'`.
2026-05-21 14:52:06.383 Please replace `use_container_width` with `width`.

`use_container_width` will be removed after 2025-12-31.

For `use_container_width=True`, use `width='stretch'`. For `use_container_width=False`, use `width='content'`.
2026-05-21 14:52:06.480 Please replace `use_container_width` with `width`.

`use_container_width` will be removed after 2025-12-31.

For `use_container_width=True`, use `width='stretch'`. For `use_container_width=False`, use `width='content'`.
2026-05-21 14:52:06.602 Please replace `use_container_width` with `width`.

`use_container_width` will be removed after 2025-12-31.

For `use_container_width=True`, use `width='stretch'`. For `use_container_width=False`, use `width='content'`.
2026-05-21 14:52:06.685 Please replace `st.components.v1.html` with `st.iframe`.

`st.components.v1.html` will be removed after 2026-06-01.
2026-05-21 14:52:06.792 Please replace `use_container_width` with `width`.

`use_container_width` will be removed after 2025-12-31.

For `use_container_width=True`, use `width='stretch'`. For `use_container_width=False`, use `width='content'`.
2026-05-21 14:52:08.412 Please replace `use_container_width` with `width`.

`use_container_width` will be removed after 2025-12-31.

For `use_container_width=True`, use `width='stretch'`. For `use_container_width=False`, use `width='content'`.
2026-05-21 14:52:08.525 Please replace `use_container_width` with `width`.

`use_container_width` will be removed after 2025-12-31.

For `use_container_width=True`, use `width='stretch'`. For `use_container_width=False`, use `width='content'`.
2026-05-21 14:52:08.655 Please replace `use_container_width` with `width`.

`use_container_width` will be removed after 2025-12-31.

For `use_container_width=True`, use `width='stretch'`. For `use_container_width=False`, use `width='content'`.
2026-05-21 14:52:08.718 Please replace `st.components.v1.html` with `st.iframe`.

`st.components.v1.html` will be removed after 2026-06-01.
2026-05-21 14:52:08.806 Please replace `use_container_width` with `width`.

`use_container_width` will be removed after 2025-12-31.

For `use_container_width=True`, use `width='stretch'`. For `use_container_width=False`, use `width='content'`.
2026-05-21 14:52:10.381 Please replace `use_container_width` with `width`.

`use_container_width` will be removed after 2025-12-31.

For `use_container_width=True`, use `width='stretch'`. For `use_container_width=False`, use `width='content'`.
2026-05-21 14:52:10.480 Please replace `use_container_width` with `width`.

`use_container_width` will be removed after 2025-12-31.

For `use_container_width=True`, use `width='stretch'`. For `use_container_width=False`, use `width='content'`.
2026-05-21 14:52:10.597 Please replace `use_container_width` with `width`.

`use_container_width` will be removed after 2025-12-31.

For `use_container_width=True`, use `width='stretch'`. For `use_container_width=False`, use `width='content'`.
2026-05-21 14:52:10.688 Please replace `st.components.v1.html` with `st.iframe`.

`st.components.v1.html` will be removed after 2026-06-01.
2026-05-21 14:52:10.798 Please replace `use_container_width` with `width`.

`use_container_width` will be removed after 2025-12-31.

For `use_container_width=True`, use `width='stretch'`. For `use_container_width=False`, use `width='content'`.
2026-05-21 14:52:12.398 Please replace `use_container_width` with `width`.

`use_container_width` will be removed after 2025-12-31.

For `use_container_width=True`, use `width='stretch'`. For `use_container_width=False`, use `width='content'`.
2026-05-21 14:52:12.495 Please replace `use_container_width` with `width`.

`use_container_width` will be removed after 2025-12-31.

For `use_container_width=True`, use `width='stretch'`. For `use_container_width=False`, use `width='content'`.
2026-05-21 14:52:12.600 Please replace `use_container_width` with `width`.

`use_container_width` will be removed after 2025-12-31.

For `use_container_width=True`, use `width='stretch'`. For `use_container_width=False`, use `width='content'`.
2026-05-21 14:52:12.682 Please replace `st.components.v1.html` with `st.iframe`.

`st.components.v1.html` will be removed after 2026-06-01.
2026-05-21 14:52:12.777 Please replace `use_container_width` with `width`.

`use_container_width` will be removed after 2025-12-31.

For `use_container_width=True`, use `width='stretch'`. For `use_container_width=False`, use `width='content'`.
2026-05-21 14:52:14.388 Please replace `use_container_width` with `width`.

`use_container_width` will be removed after 2025-12-31.

For `use_container_width=True`, use `width='stretch'`. For `use_container_width=False`, use `width='content'`.
2026-05-21 14:52:14.487 Please replace `use_container_width` with `width`.

`use_container_width` will be removed after 2025-12-31.

For `use_container_width=True`, use `width='stretch'`. For `use_container_width=False`, use `width='content'`.
2026-05-21 14:52:14.587 Please replace `use_container_width` with `width`.

`use_container_width` will be removed after 2025-12-31.

For `use_container_width=True`, use `width='stretch'`. For `use_container_width=False`, use `width='content'`.
2026-05-21 14:52:14.653 Please replace `st.components.v1.html` with `st.iframe`.

`st.components.v1.html` will be removed after 2026-06-01.
2026-05-21 14:52:14.759 Please replace `use_container_width` with `width`.

`use_container_width` will be removed after 2025-12-31.

For `use_container_width=True`, use `width='stretch'`. For `use_container_width=False`, use `width='content'`.
2026-05-21 14:52:16.408 Please replace `use_container_width` with `width`.

`use_container_width` will be removed after 2025-12-31.

For `use_container_width=True`, use `width='stretch'`. For `use_container_width=False`, use `width='content'`.
2026-05-21 14:52:16.505 Please replace `use_container_width` with `width`.

`use_container_width` will be removed after 2025-12-31.

For `use_container_width=True`, use `width='stretch'`. For `use_container_width=False`, use `width='content'`.
2026-05-21 14:52:16.616 Please replace `use_container_width` with `width`.

`use_container_width` will be removed after 2025-12-31.

For `use_container_width=True`, use `width='stretch'`. For `use_container_width=False`, use `width='content'`.
2026-05-21 14:52:16.679 Please replace `st.components.v1.html` with `st.iframe`.

`st.components.v1.html` will be removed after 2026-06-01.
2026-05-21 14:52:16.779 Please replace `use_container_width` with `width`.

`use_container_width` will be removed after 2025-12-31.

For `use_container_width=True`, use `width='stretch'`. For `use_container_width=False`, use `width='content'`.
2026-05-21 14:52:18.379 Please replace `use_container_width` with `width`.

`use_container_width` will be removed after 2025-12-31.

For `use_container_width=True`, use `width='stretch'`. For `use_container_width=False`, use `width='content'`.
2026-05-21 14:52:18.487 Please replace `use_container_width` with `width`.

`use_container_width` will be removed after 2025-12-31.

For `use_container_width=True`, use `width='stretch'`. For `use_container_width=False`, use `width='content'`.
2026-05-21 14:52:18.598 Please replace `use_container_width` with `width`.

`use_container_width` will be removed after 2025-12-31.

For `use_container_width=True`, use `width='stretch'`. For `use_container_width=False`, use `width='content'`.
2026-05-21 14:52:18.686 Please replace `st.components.v1.html` with `st.iframe`.

`st.components.v1.html` will be removed after 2026-06-01.
2026-05-21 14:52:18.770 Please replace `use_container_width` with `width`.

`use_container_width` will be removed after 2025-12-31.

For `use_container_width=True`, use `width='stretch'`. For `use_container_width=False`, use `width='content'`.
2026-05-21 14:52:20.385 Please replace `use_container_width` with `width`.

`use_container_width` will be removed after 2025-12-31.

For `use_container_width=True`, use `width='stretch'`. For `use_container_width=False`, use `width='content'`.
2026-05-21 14:52:20.484 Please replace `use_container_width` with `width`.

`use_container_width` will be removed after 2025-12-31.

For `use_container_width=True`, use `width='stretch'`. For `use_container_width=False`, use `width='content'`.
2026-05-21 14:52:20.595 Please replace `use_container_width` with `width`.

`use_container_width` will be removed after 2025-12-31.

For `use_container_width=True`, use `width='stretch'`. For `use_container_width=False`, use `width='content'`.
2026-05-21 14:52:20.664 Please replace `st.components.v1.html` with `st.iframe`.

`st.components.v1.html` will be removed after 2026-06-01.
2026-05-21 14:52:20.769 Please replace `use_container_width` with `width`.

`use_container_width` will be removed after 2025-12-31.

For `use_container_width=True`, use `width='stretch'`. For `use_container_width=False`, use `width='content'`.
2026-05-21 14:52:22.380 Please replace `use_container_width` with `width`.

`use_container_width` will be removed after 2025-12-31.

For `use_container_width=True`, use `width='stretch'`. For `use_container_width=False`, use `width='content'`.
2026-05-21 14:52:22.476 Please replace `use_container_width` with `width`.

`use_container_width` will be removed after 2025-12-31.

For `use_container_width=True`, use `width='stretch'`. For `use_container_width=False`, use `width='content'`.
2026-05-21 14:52:22.584 Please replace `use_container_width` with `width`.

`use_container_width` will be removed after 2025-12-31.

For `use_container_width=True`, use `width='stretch'`. For `use_container_width=False`, use `width='content'`.
2026-05-21 14:52:22.667 Please replace `st.components.v1.html` with `st.iframe`.

`st.components.v1.html` will be removed after 2026-06-01.
2026-05-21 14:52:22.749 Please replace `use_container_width` with `width`.

`use_container_width` will be removed after 2025-12-31.

For `use_container_width=True`, use `width='stretch'`. For `use_container_width=False`, use `width='content'`.
2026-05-21 14:52:24.399 Please replace `use_container_width` with `width`.

`use_container_width` will be removed after 2025-12-31.

For `use_container_width=True`, use `width='stretch'`. For `use_container_width=False`, use `width='content'`.
2026-05-21 14:52:24.499 Please replace `use_container_width` with `width`.

`use_container_width` will be removed after 2025-12-31.

For `use_container_width=True`, use `width='stretch'`. For `use_container_width=False`, use `width='content'`.
2026-05-21 14:52:24.611 Please replace `use_container_width` with `width`.

`use_container_width` will be removed after 2025-12-31.

For `use_container_width=True`, use `width='stretch'`. For `use_container_width=False`, use `width='content'`.
2026-05-21 14:52:24.675 Please replace `st.components.v1.html` with `st.iframe`.

`st.components.v1.html` will be removed after 2026-06-01.
2026-05-21 14:52:24.781 Please replace `use_container_width` with `width`.

`use_container_width` will be removed after 2025-12-31.

For `use_container_width=True`, use `width='stretch'`. For `use_container_width=False`, use `width='content'`.
2026-05-21 14:52:26.381 Please replace `use_container_width` with `width`.

`use_container_width` will be removed after 2025-12-31.

For `use_container_width=True`, use `width='stretch'`. For `use_container_width=False`, use `width='content'`.
2026-05-21 14:52:26.486 Please replace `use_container_width` with `width`.

`use_container_width` will be removed after 2025-12-31.

For `use_container_width=True`, use `width='stretch'`. For `use_container_width=False`, use `width='content'`.
2026-05-21 14:52:26.591 Please replace `use_container_width` with `width`.

`use_container_width` will be removed after 2025-12-31.

For `use_container_width=True`, use `width='stretch'`. For `use_container_width=False`, use `width='content'`.
2026-05-21 14:52:26.704 Please replace `st.components.v1.html` with `st.iframe`.

`st.components.v1.html` will be removed after 2026-06-01.
2026-05-21 14:52:26.794 Please replace `use_container_width` with `width`.

`use_container_width` will be removed after 2025-12-31.

For `use_container_width=True`, use `width='stretch'`. For `use_container_width=False`, use `width='content'`.
2026-05-21 14:52:28.410 Please replace `use_container_width` with `width`.

`use_container_width` will be removed after 2025-12-31.

For `use_container_width=True`, use `width='stretch'`. For `use_container_width=False`, use `width='content'`.
2026-05-21 14:52:28.496 Please replace `use_container_width` with `width`.

`use_container_width` will be removed after 2025-12-31.

For `use_container_width=True`, use `width='stretch'`. For `use_container_width=False`, use `width='content'`.
2026-05-21 14:52:28.583 Please replace `use_container_width` with `width`.

`use_container_width` will be removed after 2025-12-31.

For `use_container_width=True`, use `width='stretch'`. For `use_container_width=False`, use `width='content'`.
2026-05-21 14:52:28.681 Please replace `st.components.v1.html` with `st.iframe`.

`st.components.v1.html` will be removed after 2026-06-01.
2026-05-21 14:52:28.780 Please replace `use_container_width` with `width`.

`use_container_width` will be removed after 2025-12-31.

For `use_container_width=True`, use `width='stretch'`. For `use_container_width=False`, use `width='content'`.
2026-05-21 14:52:30.384 Please replace `use_container_width` with `width`.

`use_container_width` will be removed after 2025-12-31.

For `use_container_width=True`, use `width='stretch'`. For `use_container_width=False`, use `width='content'`.
2026-05-21 14:52:30.481 Please replace `use_container_width` with `width`.

`use_container_width` will be removed after 2025-12-31.

For `use_container_width=True`, use `width='stretch'`. For `use_container_width=False`, use `width='content'`.
2026-05-21 14:52:30.589 Please replace `use_container_width` with `width`.

`use_container_width` will be removed after 2025-12-31.

For `use_container_width=True`, use `width='stretch'`. For `use_container_width=False`, use `width='content'`.
2026-05-21 14:52:30.693 Please replace `st.components.v1.html` with `st.iframe`.

`st.components.v1.html` will be removed after 2026-06-01.
2026-05-21 14:52:30.796 Please replace `use_container_width` with `width`.

`use_container_width` will be removed after 2025-12-31.

For `use_container_width=True`, use `width='stretch'`. For `use_container_width=False`, use `width='content'`.
2026-05-21 14:52:32.399 Please replace `use_container_width` with `width`.

`use_container_width` will be removed after 2025-12-31.

For `use_container_width=True`, use `width='stretch'`. For `use_container_width=False`, use `width='content'`.
2026-05-21 14:52:32.504 Please replace `use_container_width` with `width`.

`use_container_width` will be removed after 2025-12-31.

For `use_container_width=True`, use `width='stretch'`. For `use_container_width=False`, use `width='content'`.
2026-05-21 14:52:32.617 Please replace `use_container_width` with `width`.

`use_container_width` will be removed after 2025-12-31.

For `use_container_width=True`, use `width='stretch'`. For `use_container_width=False`, use `width='content'`.
2026-05-21 14:52:32.684 Please replace `st.components.v1.html` with `st.iframe`.

`st.components.v1.html` will be removed after 2026-06-01.
2026-05-21 14:52:32.779 Please replace `use_container_width` with `width`.

`use_container_width` will be removed after 2025-12-31.

For `use_container_width=True`, use `width='stretch'`. For `use_container_width=False`, use `width='content'`.
2026-05-21 14:52:34.377 Please replace `use_container_width` with `width`.

`use_container_width` will be removed after 2025-12-31.

For `use_container_width=True`, use `width='stretch'`. For `use_container_width=False`, use `width='content'`.
2026-05-21 14:52:34.479 Please replace `use_container_width` with `width`.

`use_container_width` will be removed after 2025-12-31.

For `use_container_width=True`, use `width='stretch'`. For `use_container_width=False`, use `width='content'`.
2026-05-21 14:52:34.579 Please replace `use_container_width` with `width`.

`use_container_width` will be removed after 2025-12-31.

For `use_container_width=True`, use `width='stretch'`. For `use_container_width=False`, use `width='content'`.
2026-05-21 14:52:34.664 Please replace `st.components.v1.html` with `st.iframe`.

`st.components.v1.html` will be removed after 2026-06-01.
2026-05-21 14:52:34.763 Please replace `use_container_width` with `width`.

`use_container_width` will be removed after 2025-12-31.

For `use_container_width=True`, use `width='stretch'`. For `use_container_width=False`, use `width='content'`.
2026-05-21 14:52:36.408 Please replace `use_container_width` with `width`.

`use_container_width` will be removed after 2025-12-31.

For `use_container_width=True`, use `width='stretch'`. For `use_container_width=False`, use `width='content'`.
2026-05-21 14:52:36.514 Please replace `use_container_width` with `width`.

`use_container_width` will be removed after 2025-12-31.

For `use_container_width=True`, use `width='stretch'`. For `use_container_width=False`, use `width='content'`.
2026-05-21 14:52:36.623 Please replace `use_container_width` with `width`.

`use_container_width` will be removed after 2025-12-31.

For `use_container_width=True`, use `width='stretch'`. For `use_container_width=False`, use `width='content'`.
2026-05-21 14:52:36.716 Please replace `st.components.v1.html` with `st.iframe`.

`st.components.v1.html` will be removed after 2026-06-01.
2026-05-21 14:52:36.824 Please replace `use_container_width` with `width`.

`use_container_width` will be removed after 2025-12-31.

For `use_container_width=True`, use `width='stretch'`. For `use_container_width=False`, use `width='content'`.
2026-05-21 14:52:38.380 Please replace `use_container_width` with `width`.

`use_container_width` will be removed after 2025-12-31.

For `use_container_width=True`, use `width='stretch'`. For `use_container_width=False`, use `width='content'`.
2026-05-21 14:52:38.476 Please replace `use_container_width` with `width`.

`use_container_width` will be removed after 2025-12-31.

For `use_container_width=True`, use `width='stretch'`. For `use_container_width=False`, use `width='content'`.
2026-05-21 14:52:38.579 Please replace `use_container_width` with `width`.

`use_container_width` will be removed after 2025-12-31.

For `use_container_width=True`, use `width='stretch'`. For `use_container_width=False`, use `width='content'`.
2026-05-21 14:52:38.655 Please replace `st.components.v1.html` with `st.iframe`.

`st.components.v1.html` will be removed after 2026-06-01.
2026-05-21 14:52:38.780 Please replace `use_container_width` with `width`.

`use_container_width` will be removed after 2025-12-31.

For `use_container_width=True`, use `width='stretch'`. For `use_container_width=False`, use `width='content'`.
2026-05-21 14:52:40.405 Please replace `use_container_width` with `width`.

`use_container_width` will be removed after 2025-12-31.

For `use_container_width=True`, use `width='stretch'`. For `use_container_width=False`, use `width='content'`.
2026-05-21 14:52:40.502 Please replace `use_container_width` with `width`.

`use_container_width` will be removed after 2025-12-31.

For `use_container_width=True`, use `width='stretch'`. For `use_container_width=False`, use `width='content'`.
2026-05-21 14:52:40.594 Please replace `use_container_width` with `width`.

`use_container_width` will be removed after 2025-12-31.

For `use_container_width=True`, use `width='stretch'`. For `use_container_width=False`, use `width='content'`.
2026-05-21 14:52:40.717 Please replace `st.components.v1.html` with `st.iframe`.

`st.components.v1.html` will be removed after 2026-06-01.
2026-05-21 14:52:40.815 Please replace `use_container_width` with `width`.

`use_container_width` will be removed after 2025-12-31.

For `use_container_width=True`, use `width='stretch'`. For `use_container_width=False`, use `width='content'`.
2026-05-21 14:52:42.468 Please replace `use_container_width` with `width`.

`use_container_width` will be removed after 2025-12-31.

For `use_container_width=True`, use `width='stretch'`. For `use_container_width=False`, use `width='content'`.
2026-05-21 14:52:42.550 Please replace `use_container_width` with `width`.

`use_container_width` will be removed after 2025-12-31.

For `use_container_width=True`, use `width='stretch'`. For `use_container_width=False`, use `width='content'`.
2026-05-21 14:52:42.670 Please replace `use_container_width` with `width`.

`use_container_width` will be removed after 2025-12-31.

For `use_container_width=True`, use `width='stretch'`. For `use_container_width=False`, use `width='content'`.
2026-05-21 14:52:42.755 Please replace `st.components.v1.html` with `st.iframe`.

`st.components.v1.html` will be removed after 2026-06-01.
2026-05-21 14:52:42.840 Please replace `use_container_width` with `width`.

`use_container_width` will be removed after 2025-12-31.

For `use_container_width=True`, use `width='stretch'`. For `use_container_width=False`, use `width='content'`.
2026-05-21 14:52:44.379 Please replace `use_container_width` with `width`.

`use_container_width` will be removed after 2025-12-31.

For `use_container_width=True`, use `width='stretch'`. For `use_container_width=False`, use `width='content'`.
2026-05-21 14:52:44.475 Please replace `use_container_width` with `width`.

`use_container_width` will be removed after 2025-12-31.

For `use_container_width=True`, use `width='stretch'`. For `use_container_width=False`, use `width='content'`.
2026-05-21 14:52:44.606 Please replace `use_container_width` with `width`.

`use_container_width` will be removed after 2025-12-31.

For `use_container_width=True`, use `width='stretch'`. For `use_container_width=False`, use `width='content'`.
2026-05-21 14:52:44.685 Please replace `st.components.v1.html` with `st.iframe`.

`st.components.v1.html` will be removed after 2026-06-01.
2026-05-21 14:52:44.792 Please replace `use_container_width` with `width`.

`use_container_width` will be removed after 2025-12-31.

For `use_container_width=True`, use `width='stretch'`. For `use_container_width=False`, use `width='content'`.
2026-05-21 14:52:46.395 Please replace `use_container_width` with `width`.

`use_container_width` will be removed after 2025-12-31.

For `use_container_width=True`, use `width='stretch'`. For `use_container_width=False`, use `width='content'`.
2026-05-21 14:52:46.492 Please replace `use_container_width` with `width`.

`use_container_width` will be removed after 2025-12-31.

For `use_container_width=True`, use `width='stretch'`. For `use_container_width=False`, use `width='content'`.
2026-05-21 14:52:46.596 Please replace `use_container_width` with `width`.

`use_container_width` will be removed after 2025-12-31.

For `use_container_width=True`, use `width='stretch'`. For `use_container_width=False`, use `width='content'`.
2026-05-21 14:52:46.665 Please replace `st.components.v1.html` with `st.iframe`.

`st.components.v1.html` will be removed after 2026-06-01.
2026-05-21 14:52:46.762 Please replace `use_container_width` with `width`.

`use_container_width` will be removed after 2025-12-31.

For `use_container_width=True`, use `width='stretch'`. For `use_container_width=False`, use `width='content'`.
2026-05-21 14:52:48.393 Please replace `use_container_width` with `width`.

`use_container_width` will be removed after 2025-12-31.

For `use_container_width=True`, use `width='stretch'`. For `use_container_width=False`, use `width='content'`.
2026-05-21 14:52:48.494 Please replace `use_container_width` with `width`.

`use_container_width` will be removed after 2025-12-31.

For `use_container_width=True`, use `width='stretch'`. For `use_container_width=False`, use `width='content'`.
2026-05-21 14:52:48.606 Please replace `use_container_width` with `width`.

`use_container_width` will be removed after 2025-12-31.

For `use_container_width=True`, use `width='stretch'`. For `use_container_width=False`, use `width='content'`.
2026-05-21 14:52:48.686 Please replace `st.components.v1.html` with `st.iframe`.

`st.components.v1.html` will be removed after 2026-06-01.
2026-05-21 14:52:48.775 Please replace `use_container_width` with `width`.

`use_container_width` will be removed after 2025-12-31.

For `use_container_width=True`, use `width='stretch'`. For `use_container_width=False`, use `width='content'`.
2026-05-21 14:52:50.402 Please replace `use_container_width` with `width`.

`use_container_width` will be removed after 2025-12-31.

For `use_container_width=True`, use `width='stretch'`. For `use_container_width=False`, use `width='content'`.
2026-05-21 14:52:50.519 Please replace `use_container_width` with `width`.

`use_container_width` will be removed after 2025-12-31.

For `use_container_width=True`, use `width='stretch'`. For `use_container_width=False`, use `width='content'`.
2026-05-21 14:52:50.630 Please replace `use_container_width` with `width`.

`use_container_width` will be removed after 2025-12-31.

For `use_container_width=True`, use `width='stretch'`. For `use_container_width=False`, use `width='content'`.
2026-05-21 14:52:50.700 Please replace `st.components.v1.html` with `st.iframe`.

`st.components.v1.html` will be removed after 2026-06-01.
2026-05-21 14:52:50.805 Please replace `use_container_width` with `width`.

`use_container_width` will be removed after 2025-12-31.

For `use_container_width=True`, use `width='stretch'`. For `use_container_width=False`, use `width='content'`.
2026-05-21 14:52:52.381 Please replace `use_container_width` with `width`.

`use_container_width` will be removed after 2025-12-31.

For `use_container_width=True`, use `width='stretch'`. For `use_container_width=False`, use `width='content'`.
2026-05-21 14:52:52.476 Please replace `use_container_width` with `width`.

`use_container_width` will be removed after 2025-12-31.

For `use_container_width=True`, use `width='stretch'`. For `use_container_width=False`, use `width='content'`.
2026-05-21 14:52:52.591 Please replace `use_container_width` with `width`.

`use_container_width` will be removed after 2025-12-31.

For `use_container_width=True`, use `width='stretch'`. For `use_container_width=False`, use `width='content'`.
2026-05-21 14:52:52.707 Please replace `st.components.v1.html` with `st.iframe`.

`st.components.v1.html` will be removed after 2026-06-01.
2026-05-21 14:52:52.813 Please replace `use_container_width` with `width`.

`use_container_width` will be removed after 2025-12-31.

For `use_container_width=True`, use `width='stretch'`. For `use_container_width=False`, use `width='content'`.
2026-05-21 14:52:54.394 Please replace `use_container_width` with `width`.

`use_container_width` will be removed after 2025-12-31.

For `use_container_width=True`, use `width='stretch'`. For `use_container_width=False`, use `width='content'`.
2026-05-21 14:52:54.510 Please replace `use_container_width` with `width`.

`use_container_width` will be removed after 2025-12-31.

For `use_container_width=True`, use `width='stretch'`. For `use_container_width=False`, use `width='content'`.
2026-05-21 14:52:54.619 Please replace `use_container_width` with `width`.

`use_container_width` will be removed after 2025-12-31.

For `use_container_width=True`, use `width='stretch'`. For `use_container_width=False`, use `width='content'`.
2026-05-21 14:52:54.691 Please replace `st.components.v1.html` with `st.iframe`.

`st.components.v1.html` will be removed after 2026-06-01.
2026-05-21 14:52:54.792 Please replace `use_container_width` with `width`.

`use_container_width` will be removed after 2025-12-31.

For `use_container_width=True`, use `width='stretch'`. For `use_container_width=False`, use `width='content'`.
2026-05-21 14:52:56.392 Please replace `use_container_width` with `width`.

`use_container_width` will be removed after 2025-12-31.

For `use_container_width=True`, use `width='stretch'`. For `use_container_width=False`, use `width='content'`.
2026-05-21 14:52:56.487 Please replace `use_container_width` with `width`.

`use_container_width` will be removed after 2025-12-31.

For `use_container_width=True`, use `width='stretch'`. For `use_container_width=False`, use `width='content'`.
2026-05-21 14:52:56.595 Please replace `use_container_width` with `width`.

`use_container_width` will be removed after 2025-12-31.

For `use_container_width=True`, use `width='stretch'`. For `use_container_width=False`, use `width='content'`.
2026-05-21 14:52:56.670 Please replace `st.components.v1.html` with `st.iframe`.

`st.components.v1.html` will be removed after 2026-06-01.
2026-05-21 14:52:56.765 Please replace `use_container_width` with `width`.

`use_container_width` will be removed after 2025-12-31.

For `use_container_width=True`, use `width='stretch'`. For `use_container_width=False`, use `width='content'`.
2026-05-21 14:52:58.417 Please replace `use_container_width` with `width`.

`use_container_width` will be removed after 2025-12-31.

For `use_container_width=True`, use `width='stretch'`. For `use_container_width=False`, use `width='content'`.
2026-05-21 14:52:58.522 Please replace `use_container_width` with `width`.

`use_container_width` will be removed after 2025-12-31.

For `use_container_width=True`, use `width='stretch'`. For `use_container_width=False`, use `width='content'`.
2026-05-21 14:52:58.642 Please replace `use_container_width` with `width`.

`use_container_width` will be removed after 2025-12-31.

For `use_container_width=True`, use `width='stretch'`. For `use_container_width=False`, use `width='content'`.
2026-05-21 14:52:58.722 Please replace `st.components.v1.html` with `st.iframe`.

`st.components.v1.html` will be removed after 2026-06-01.
2026-05-21 14:52:58.821 Please replace `use_container_width` with `width`.

`use_container_width` will be removed after 2025-12-31.

For `use_container_width=True`, use `width='stretch'`. For `use_container_width=False`, use `width='content'`.
2026-05-21 14:53:00.382 Please replace `use_container_width` with `width`.

`use_container_width` will be removed after 2025-12-31.

For `use_container_width=True`, use `width='stretch'`. For `use_container_width=False`, use `width='content'`.
2026-05-21 14:53:00.484 Please replace `use_container_width` with `width`.

`use_container_width` will be removed after 2025-12-31.

For `use_container_width=True`, use `width='stretch'`. For `use_container_width=False`, use `width='content'`.
2026-05-21 14:53:00.598 Please replace `use_container_width` with `width`.

`use_container_width` will be removed after 2025-12-31.

For `use_container_width=True`, use `width='stretch'`. For `use_container_width=False`, use `width='content'`.
2026-05-21 14:53:00.667 Please replace `st.components.v1.html` with `st.iframe`.

`st.components.v1.html` will be removed after 2026-06-01.
2026-05-21 14:53:00.770 Please replace `use_container_width` with `width`.

`use_container_width` will be removed after 2025-12-31.

For `use_container_width=True`, use `width='stretch'`. For `use_container_width=False`, use `width='content'`.
2026-05-21 14:53:02.403 Please replace `use_container_width` with `width`.

`use_container_width` will be removed after 2025-12-31.

For `use_container_width=True`, use `width='stretch'`. For `use_container_width=False`, use `width='content'`.
2026-05-21 14:53:02.526 Please replace `use_container_width` with `width`.

`use_container_width` will be removed after 2025-12-31.

For `use_container_width=True`, use `width='stretch'`. For `use_container_width=False`, use `width='content'`.
2026-05-21 14:53:02.658 Please replace `use_container_width` with `width`.

`use_container_width` will be removed after 2025-12-31.

For `use_container_width=True`, use `width='stretch'`. For `use_container_width=False`, use `width='content'`.
2026-05-21 14:53:02.751 Please replace `st.components.v1.html` with `st.iframe`.

`st.components.v1.html` will be removed after 2026-06-01.
2026-05-21 14:53:02.828 Please replace `use_container_width` with `width`.

`use_container_width` will be removed after 2025-12-31.

For `use_container_width=True`, use `width='stretch'`. For `use_container_width=False`, use `width='content'`.
2026-05-21 14:53:04.384 Please replace `use_container_width` with `width`.

`use_container_width` will be removed after 2025-12-31.

For `use_container_width=True`, use `width='stretch'`. For `use_container_width=False`, use `width='content'`.
2026-05-21 14:53:04.497 Please replace `use_container_width` with `width`.

`use_container_width` will be removed after 2025-12-31.

For `use_container_width=True`, use `width='stretch'`. For `use_container_width=False`, use `width='content'`.
2026-05-21 14:53:04.608 Please replace `use_container_width` with `width`.

`use_container_width` will be removed after 2025-12-31.

For `use_container_width=True`, use `width='stretch'`. For `use_container_width=False`, use `width='content'`.
2026-05-21 14:53:04.704 Please replace `st.components.v1.html` with `st.iframe`.

`st.components.v1.html` will be removed after 2026-06-01.
2026-05-21 14:53:04.792 Please replace `use_container_width` with `width`.

`use_container_width` will be removed after 2025-12-31.

For `use_container_width=True`, use `width='stretch'`. For `use_container_width=False`, use `width='content'`.
2026-05-21 14:53:06.403 Please replace `use_container_width` with `width`.

`use_container_width` will be removed after 2025-12-31.

For `use_container_width=True`, use `width='stretch'`. For `use_container_width=False`, use `width='content'`.
2026-05-21 14:53:06.510 Please replace `use_container_width` with `width`.

`use_container_width` will be removed after 2025-12-31.

For `use_container_width=True`, use `width='stretch'`. For `use_container_width=False`, use `width='content'`.
2026-05-21 14:53:06.622 Please replace `use_container_width` with `width`.

`use_container_width` will be removed after 2025-12-31.

For `use_container_width=True`, use `width='stretch'`. For `use_container_width=False`, use `width='content'`.
2026-05-21 14:53:06.684 Please replace `st.components.v1.html` with `st.iframe`.

`st.components.v1.html` will be removed after 2026-06-01.
2026-05-21 14:53:06.771 Please replace `use_container_width` with `width`.

`use_container_width` will be removed after 2025-12-31.

For `use_container_width=True`, use `width='stretch'`. For `use_container_width=False`, use `width='content'`.
2026-05-21 14:53:08.389 Please replace `use_container_width` with `width`.

`use_container_width` will be removed after 2025-12-31.

For `use_container_width=True`, use `width='stretch'`. For `use_container_width=False`, use `width='content'`.
2026-05-21 14:53:08.490 Please replace `use_container_width` with `width`.

`use_container_width` will be removed after 2025-12-31.

For `use_container_width=True`, use `width='stretch'`. For `use_container_width=False`, use `width='content'`.
2026-05-21 14:53:08.582 Please replace `use_container_width` with `width`.

`use_container_width` will be removed after 2025-12-31.

For `use_container_width=True`, use `width='stretch'`. For `use_container_width=False`, use `width='content'`.
2026-05-21 14:53:08.683 Please replace `st.components.v1.html` with `st.iframe`.

`st.components.v1.html` will be removed after 2026-06-01.
2026-05-21 14:53:08.770 Please replace `use_container_width` with `width`.

`use_container_width` will be removed after 2025-12-31.

For `use_container_width=True`, use `width='stretch'`. For `use_container_width=False`, use `width='content'`.
2026-05-21 14:53:10.411 Please replace `use_container_width` with `width`.

`use_container_width` will be removed after 2025-12-31.

For `use_container_width=True`, use `width='stretch'`. For `use_container_width=False`, use `width='content'`.
2026-05-21 14:53:10.508 Please replace `use_container_width` with `width`.

`use_container_width` will be removed after 2025-12-31.

For `use_container_width=True`, use `width='stretch'`. For `use_container_width=False`, use `width='content'`.
2026-05-21 14:53:10.604 Please replace `use_container_width` with `width`.

`use_container_width` will be removed after 2025-12-31.

For `use_container_width=True`, use `width='stretch'`. For `use_container_width=False`, use `width='content'`.
2026-05-21 14:53:10.676 Please replace `st.components.v1.html` with `st.iframe`.

`st.components.v1.html` will be removed after 2026-06-01.
2026-05-21 14:53:10.775 Please replace `use_container_width` with `width`.

`use_container_width` will be removed after 2025-12-31.

For `use_container_width=True`, use `width='stretch'`. For `use_container_width=False`, use `width='content'`.
2026-05-21 14:53:12.384 Please replace `use_container_width` with `width`.

`use_container_width` will be removed after 2025-12-31.

For `use_container_width=True`, use `width='stretch'`. For `use_container_width=False`, use `width='content'`.
2026-05-21 14:53:12.495 Please replace `use_container_width` with `width`.

`use_container_width` will be removed after 2025-12-31.

For `use_container_width=True`, use `width='stretch'`. For `use_container_width=False`, use `width='content'`.
2026-05-21 14:53:12.600 Please replace `use_container_width` with `width`.

`use_container_width` will be removed after 2025-12-31.

For `use_container_width=True`, use `width='stretch'`. For `use_container_width=False`, use `width='content'`.
2026-05-21 14:53:12.673 Please replace `st.components.v1.html` with `st.iframe`.

`st.components.v1.html` will be removed after 2026-06-01.
2026-05-21 14:53:12.768 Please replace `use_container_width` with `width`.

`use_container_width` will be removed after 2025-12-31.

For `use_container_width=True`, use `width='stretch'`. For `use_container_width=False`, use `width='content'`.
2026-05-21 14:53:14.400 Please replace `use_container_width` with `width`.

`use_container_width` will be removed after 2025-12-31.

For `use_container_width=True`, use `width='stretch'`. For `use_container_width=False`, use `width='content'`.
2026-05-21 14:53:14.495 Please replace `use_container_width` with `width`.

`use_container_width` will be removed after 2025-12-31.

For `use_container_width=True`, use `width='stretch'`. For `use_container_width=False`, use `width='content'`.
2026-05-21 14:53:14.610 Please replace `use_container_width` with `width`.

`use_container_width` will be removed after 2025-12-31.

For `use_container_width=True`, use `width='stretch'`. For `use_container_width=False`, use `width='content'`.
2026-05-21 14:53:14.698 Please replace `st.components.v1.html` with `st.iframe`.

`st.components.v1.html` will be removed after 2026-06-01.
2026-05-21 14:53:14.797 Please replace `use_container_width` with `width`.

`use_container_width` will be removed after 2025-12-31.

For `use_container_width=True`, use `width='stretch'`. For `use_container_width=False`, use `width='content'`.
2026-05-21 14:53:16.375 Please replace `use_container_width` with `width`.

`use_container_width` will be removed after 2025-12-31.

For `use_container_width=True`, use `width='stretch'`. For `use_container_width=False`, use `width='content'`.
2026-05-21 14:53:16.474 Please replace `use_container_width` with `width`.

`use_container_width` will be removed after 2025-12-31.

For `use_container_width=True`, use `width='stretch'`. For `use_container_width=False`, use `width='content'`.
2026-05-21 14:53:16.576 Please replace `use_container_width` with `width`.

`use_container_width` will be removed after 2025-12-31.

For `use_container_width=True`, use `width='stretch'`. For `use_container_width=False`, use `width='content'`.
2026-05-21 14:53:16.663 Please replace `st.components.v1.html` with `st.iframe`.

`st.components.v1.html` will be removed after 2026-06-01.
2026-05-21 14:53:16.760 Please replace `use_container_width` with `width`.

`use_container_width` will be removed after 2025-12-31.

For `use_container_width=True`, use `width='stretch'`. For `use_container_width=False`, use `width='content'`.
2026-05-21 14:53:18.401 Please replace `use_container_width` with `width`.

`use_container_width` will be removed after 2025-12-31.

For `use_container_width=True`, use `width='stretch'`. For `use_container_width=False`, use `width='content'`.
2026-05-21 14:53:18.507 Please replace `use_container_width` with `width`.

`use_container_width` will be removed after 2025-12-31.

For `use_container_width=True`, use `width='stretch'`. For `use_container_width=False`, use `width='content'`.
2026-05-21 14:53:18.604 Please replace `use_container_width` with `width`.

`use_container_width` will be removed after 2025-12-31.

For `use_container_width=True`, use `width='stretch'`. For `use_container_width=False`, use `width='content'`.
2026-05-21 14:53:18.675 Please replace `st.components.v1.html` with `st.iframe`.

`st.components.v1.html` will be removed after 2026-06-01.
2026-05-21 14:53:18.783 Please replace `use_container_width` with `width`.

`use_container_width` will be removed after 2025-12-31.

For `use_container_width=True`, use `width='stretch'`. For `use_container_width=False`, use `width='content'`.
2026-05-21 14:53:20.391 Please replace `use_container_width` with `width`.

`use_container_width` will be removed after 2025-12-31.

For `use_container_width=True`, use `width='stretch'`. For `use_container_width=False`, use `width='content'`.
2026-05-21 14:53:20.488 Please replace `use_container_width` with `width`.

`use_container_width` will be removed after 2025-12-31.

For `use_container_width=True`, use `width='stretch'`. For `use_container_width=False`, use `width='content'`.
2026-05-21 14:53:20.605 Please replace `use_container_width` with `width`.

`use_container_width` will be removed after 2025-12-31.

For `use_container_width=True`, use `width='stretch'`. For `use_container_width=False`, use `width='content'`.
2026-05-21 14:53:20.678 Please replace `st.components.v1.html` with `st.iframe`.

`st.components.v1.html` will be removed after 2026-06-01.
2026-05-21 14:53:20.770 Please replace `use_container_width` with `width`.

`use_container_width` will be removed after 2025-12-31.

For `use_container_width=True`, use `width='stretch'`. For `use_container_width=False`, use `width='content'`.
2026-05-21 14:53:22.408 Please replace `use_container_width` with `width`.

`use_container_width` will be removed after 2025-12-31.

For `use_container_width=True`, use `width='stretch'`. For `use_container_width=False`, use `width='content'`.
2026-05-21 14:53:22.512 Please replace `use_container_width` with `width`.

`use_container_width` will be removed after 2025-12-31.

For `use_container_width=True`, use `width='stretch'`. For `use_container_width=False`, use `width='content'`.
2026-05-21 14:53:22.630 Please replace `use_container_width` with `width`.

`use_container_width` will be removed after 2025-12-31.

For `use_container_width=True`, use `width='stretch'`. For `use_container_width=False`, use `width='content'`.
2026-05-21 14:53:22.705 Please replace `st.components.v1.html` with `st.iframe`.

`st.components.v1.html` will be removed after 2026-06-01.
2026-05-21 14:53:22.798 Please replace `use_container_width` with `width`.

`use_container_width` will be removed after 2025-12-31.

For `use_container_width=True`, use `width='stretch'`. For `use_container_width=False`, use `width='content'`.
2026-05-21 14:53:24.462 Please replace `use_container_width` with `width`.

`use_container_width` will be removed after 2025-12-31.

For `use_container_width=True`, use `width='stretch'`. For `use_container_width=False`, use `width='content'`.
2026-05-21 14:53:24.567 Please replace `use_container_width` with `width`.

`use_container_width` will be removed after 2025-12-31.

For `use_container_width=True`, use `width='stretch'`. For `use_container_width=False`, use `width='content'`.
2026-05-21 14:53:24.663 Please replace `use_container_width` with `width`.

`use_container_width` will be removed after 2025-12-31.

For `use_container_width=True`, use `width='stretch'`. For `use_container_width=False`, use `width='content'`.
2026-05-21 14:53:24.764 Please replace `st.components.v1.html` with `st.iframe`.

`st.components.v1.html` will be removed after 2026-06-01.
2026-05-21 14:53:24.855 Please replace `use_container_width` with `width`.

`use_container_width` will be removed after 2025-12-31.

For `use_container_width=True`, use `width='stretch'`. For `use_container_width=False`, use `width='content'`.
2026-05-21 14:53:26.403 Please replace `use_container_width` with `width`.

`use_container_width` will be removed after 2025-12-31.

For `use_container_width=True`, use `width='stretch'`. For `use_container_width=False`, use `width='content'`.
2026-05-21 14:53:26.495 Please replace `use_container_width` with `width`.

`use_container_width` will be removed after 2025-12-31.

For `use_container_width=True`, use `width='stretch'`. For `use_container_width=False`, use `width='content'`.
2026-05-21 14:53:26.621 Please replace `use_container_width` with `width`.

`use_container_width` will be removed after 2025-12-31.

For `use_container_width=True`, use `width='stretch'`. For `use_container_width=False`, use `width='content'`.
2026-05-21 14:53:26.699 Please replace `st.components.v1.html` with `st.iframe`.

`st.components.v1.html` will be removed after 2026-06-01.
2026-05-21 14:53:26.804 Please replace `use_container_width` with `width`.

`use_container_width` will be removed after 2025-12-31.

For `use_container_width=True`, use `width='stretch'`. For `use_container_width=False`, use `width='content'`.
2026-05-21 14:53:28.381 Please replace `use_container_width` with `width`.

`use_container_width` will be removed after 2025-12-31.

For `use_container_width=True`, use `width='stretch'`. For `use_container_width=False`, use `width='content'`.
2026-05-21 14:53:28.474 Please replace `use_container_width` with `width`.

`use_container_width` will be removed after 2025-12-31.

For `use_container_width=True`, use `width='stretch'`. For `use_container_width=False`, use `width='content'`.
2026-05-21 14:53:28.585 Please replace `use_container_width` with `width`.

`use_container_width` will be removed after 2025-12-31.

For `use_container_width=True`, use `width='stretch'`. For `use_container_width=False`, use `width='content'`.
2026-05-21 14:53:28.664 Please replace `st.components.v1.html` with `st.iframe`.

`st.components.v1.html` will be removed after 2026-06-01.
2026-05-21 14:53:28.760 Please replace `use_container_width` with `width`.

`use_container_width` will be removed after 2025-12-31.

For `use_container_width=True`, use `width='stretch'`. For `use_container_width=False`, use `width='content'`.
2026-05-21 14:53:30.406 Please replace `use_container_width` with `width`.

`use_container_width` will be removed after 2025-12-31.

For `use_container_width=True`, use `width='stretch'`. For `use_container_width=False`, use `width='content'`.
2026-05-21 14:53:30.510 Please replace `use_container_width` with `width`.

`use_container_width` will be removed after 2025-12-31.

For `use_container_width=True`, use `width='stretch'`. For `use_container_width=False`, use `width='content'`.
2026-05-21 14:53:30.636 Please replace `use_container_width` with `width`.

`use_container_width` will be removed after 2025-12-31.

For `use_container_width=True`, use `width='stretch'`. For `use_container_width=False`, use `width='content'`.
2026-05-21 14:53:30.717 Please replace `st.components.v1.html` with `st.iframe`.

`st.components.v1.html` will be removed after 2026-06-01.
2026-05-21 14:53:30.808 Please replace `use_container_width` with `width`.

`use_container_width` will be removed after 2025-12-31.

For `use_container_width=True`, use `width='stretch'`. For `use_container_width=False`, use `width='content'`.
2026-05-21 14:53:32.384 Please replace `use_container_width` with `width`.

`use_container_width` will be removed after 2025-12-31.

For `use_container_width=True`, use `width='stretch'`. For `use_container_width=False`, use `width='content'`.
2026-05-21 14:53:32.482 Please replace `use_container_width` with `width`.

`use_container_width` will be removed after 2025-12-31.

For `use_container_width=True`, use `width='stretch'`. For `use_container_width=False`, use `width='content'`.
2026-05-21 14:53:32.587 Please replace `use_container_width` with `width`.

`use_container_width` will be removed after 2025-12-31.

For `use_container_width=True`, use `width='stretch'`. For `use_container_width=False`, use `width='content'`.
2026-05-21 14:53:32.668 Please replace `st.components.v1.html` with `st.iframe`.

`st.components.v1.html` will be removed after 2026-06-01.
2026-05-21 14:53:32.783 Please replace `use_container_width` with `width`.

`use_container_width` will be removed after 2025-12-31.

For `use_container_width=True`, use `width='stretch'`. For `use_container_width=False`, use `width='content'`.
2026-05-21 14:53:34.399 Please replace `use_container_width` with `width`.

`use_container_width` will be removed after 2025-12-31.

For `use_container_width=True`, use `width='stretch'`. For `use_container_width=False`, use `width='content'`.
2026-05-21 14:53:34.494 Please replace `use_container_width` with `width`.

`use_container_width` will be removed after 2025-12-31.

For `use_container_width=True`, use `width='stretch'`. For `use_container_width=False`, use `width='content'`.
2026-05-21 14:53:34.602 Please replace `use_container_width` with `width`.

`use_container_width` will be removed after 2025-12-31.

For `use_container_width=True`, use `width='stretch'`. For `use_container_width=False`, use `width='content'`.
2026-05-21 14:53:34.672 Please replace `st.components.v1.html` with `st.iframe`.

`st.components.v1.html` will be removed after 2026-06-01.
2026-05-21 14:53:34.774 Please replace `use_container_width` with `width`.

`use_container_width` will be removed after 2025-12-31.

For `use_container_width=True`, use `width='stretch'`. For `use_container_width=False`, use `width='content'`.
2026-05-21 14:53:36.385 Please replace `use_container_width` with `width`.

`use_container_width` will be removed after 2025-12-31.

For `use_container_width=True`, use `width='stretch'`. For `use_container_width=False`, use `width='content'`.
2026-05-21 14:53:36.479 Please replace `use_container_width` with `width`.

`use_container_width` will be removed after 2025-12-31.

For `use_container_width=True`, use `width='stretch'`. For `use_container_width=False`, use `width='content'`.
2026-05-21 14:53:36.591 Please replace `use_container_width` with `width`.

`use_container_width` will be removed after 2025-12-31.

For `use_container_width=True`, use `width='stretch'`. For `use_container_width=False`, use `width='content'`.
2026-05-21 14:53:36.653 Please replace `st.components.v1.html` with `st.iframe`.

`st.components.v1.html` will be removed after 2026-06-01.
2026-05-21 14:53:36.739 Please replace `use_container_width` with `width`.

`use_container_width` will be removed after 2025-12-31.

For `use_container_width=True`, use `width='stretch'`. For `use_container_width=False`, use `width='content'`.
2026-05-21 14:53:38.408 Please replace `use_container_width` with `width`.

`use_container_width` will be removed after 2025-12-31.

For `use_container_width=True`, use `width='stretch'`. For `use_container_width=False`, use `width='content'`.
2026-05-21 14:53:38.502 Please replace `use_container_width` with `width`.

`use_container_width` will be removed after 2025-12-31.

For `use_container_width=True`, use `width='stretch'`. For `use_container_width=False`, use `width='content'`.
2026-05-21 14:53:38.602 Please replace `use_container_width` with `width`.

`use_container_width` will be removed after 2025-12-31.

For `use_container_width=True`, use `width='stretch'`. For `use_container_width=False`, use `width='content'`.
2026-05-21 14:53:38.672 Please replace `st.components.v1.html` with `st.iframe`.

`st.components.v1.html` will be removed after 2026-06-01.
2026-05-21 14:53:38.777 Please replace `use_container_width` with `width`.

`use_container_width` will be removed after 2025-12-31.

For `use_container_width=True`, use `width='stretch'`. For `use_container_width=False`, use `width='content'`.
2026-05-21 14:53:40.385 Please replace `use_container_width` with `width`.

`use_container_width` will be removed after 2025-12-31.

For `use_container_width=True`, use `width='stretch'`. For `use_container_width=False`, use `width='content'`.
2026-05-21 14:53:40.497 Please replace `use_container_width` with `width`.

`use_container_width` will be removed after 2025-12-31.

For `use_container_width=True`, use `width='stretch'`. For `use_container_width=False`, use `width='content'`.
2026-05-21 14:53:40.612 Please replace `use_container_width` with `width`.

`use_container_width` will be removed after 2025-12-31.

For `use_container_width=True`, use `width='stretch'`. For `use_container_width=False`, use `width='content'`.
2026-05-21 14:53:40.704 Please replace `st.components.v1.html` with `st.iframe`.

`st.components.v1.html` will be removed after 2026-06-01.
2026-05-21 14:53:40.781 Please replace `use_container_width` with `width`.

`use_container_width` will be removed after 2025-12-31.

For `use_container_width=True`, use `width='stretch'`. For `use_container_width=False`, use `width='content'`.
2026-05-21 14:53:42.401 Please replace `use_container_width` with `width`.

`use_container_width` will be removed after 2025-12-31.

For `use_container_width=True`, use `width='stretch'`. For `use_container_width=False`, use `width='content'`.
2026-05-21 14:53:42.503 Please replace `use_container_width` with `width`.

`use_container_width` will be removed after 2025-12-31.

For `use_container_width=True`, use `width='stretch'`. For `use_container_width=False`, use `width='content'`.
2026-05-21 14:53:42.624 Please replace `use_container_width` with `width`.

`use_container_width` will be removed after 2025-12-31.

For `use_container_width=True`, use `width='stretch'`. For `use_container_width=False`, use `width='content'`.
2026-05-21 14:53:42.695 Please replace `st.components.v1.html` with `st.iframe`.

`st.components.v1.html` will be removed after 2026-06-01.
2026-05-21 14:53:42.788 Please replace `use_container_width` with `width`.

`use_container_width` will be removed after 2025-12-31.

For `use_container_width=True`, use `width='stretch'`. For `use_container_width=False`, use `width='content'`.
2026-05-21 14:53:44.378 Please replace `use_container_width` with `width`.

`use_container_width` will be removed after 2025-12-31.

For `use_container_width=True`, use `width='stretch'`. For `use_container_width=False`, use `width='content'`.
2026-05-21 14:53:44.482 Please replace `use_container_width` with `width`.

`use_container_width` will be removed after 2025-12-31.

For `use_container_width=True`, use `width='stretch'`. For `use_container_width=False`, use `width='content'`.
2026-05-21 14:53:44.575 Please replace `use_container_width` with `width`.

`use_container_width` will be removed after 2025-12-31.

For `use_container_width=True`, use `width='stretch'`. For `use_container_width=False`, use `width='content'`.
2026-05-21 14:53:44.652 Please replace `st.components.v1.html` with `st.iframe`.

`st.components.v1.html` will be removed after 2026-06-01.
2026-05-21 14:53:44.759 Please replace `use_container_width` with `width`.

`use_container_width` will be removed after 2025-12-31.

For `use_container_width=True`, use `width='stretch'`. For `use_container_width=False`, use `width='content'`.
2026-05-21 14:53:46.407 Please replace `use_container_width` with `width`.

`use_container_width` will be removed after 2025-12-31.

For `use_container_width=True`, use `width='stretch'`. For `use_container_width=False`, use `width='content'`.
2026-05-21 14:53:46.509 Please replace `use_container_width` with `width`.

`use_container_width` will be removed after 2025-12-31.

For `use_container_width=True`, use `width='stretch'`. For `use_container_width=False`, use `width='content'`.
2026-05-21 14:53:46.634 Please replace `use_container_width` with `width`.

`use_container_width` will be removed after 2025-12-31.

For `use_container_width=True`, use `width='stretch'`. For `use_container_width=False`, use `width='content'`.
2026-05-21 14:53:46.709 Please replace `st.components.v1.html` with `st.iframe`.

`st.components.v1.html` will be removed after 2026-06-01.
2026-05-21 14:53:46.821 Please replace `use_container_width` with `width`.

`use_container_width` will be removed after 2025-12-31.

For `use_container_width=True`, use `width='stretch'`. For `use_container_width=False`, use `width='content'`.
2026-05-21 14:53:48.386 Please replace `use_container_width` with `width`.

`use_container_width` will be removed after 2025-12-31.

For `use_container_width=True`, use `width='stretch'`. For `use_container_width=False`, use `width='content'`.
2026-05-21 14:53:48.483 Please replace `use_container_width` with `width`.

`use_container_width` will be removed after 2025-12-31.

For `use_container_width=True`, use `width='stretch'`. For `use_container_width=False`, use `width='content'`.
2026-05-21 14:53:48.593 Please replace `use_container_width` with `width`.

`use_container_width` will be removed after 2025-12-31.

For `use_container_width=True`, use `width='stretch'`. For `use_container_width=False`, use `width='content'`.
2026-05-21 14:53:48.682 Please replace `st.components.v1.html` with `st.iframe`.

`st.components.v1.html` will be removed after 2026-06-01.
2026-05-21 14:53:48.762 Please replace `use_container_width` with `width`.

`use_container_width` will be removed after 2025-12-31.

For `use_container_width=True`, use `width='stretch'`. For `use_container_width=False`, use `width='content'`.
2026-05-21 14:53:50.396 Please replace `use_container_width` with `width`.

`use_container_width` will be removed after 2025-12-31.

For `use_container_width=True`, use `width='stretch'`. For `use_container_width=False`, use `width='content'`.
2026-05-21 14:53:50.493 Please replace `use_container_width` with `width`.

`use_container_width` will be removed after 2025-12-31.

For `use_container_width=True`, use `width='stretch'`. For `use_container_width=False`, use `width='content'`.
2026-05-21 14:53:50.609 Please replace `use_container_width` with `width`.

`use_container_width` will be removed after 2025-12-31.

For `use_container_width=True`, use `width='stretch'`. For `use_container_width=False`, use `width='content'`.
2026-05-21 14:53:50.695 Please replace `st.components.v1.html` with `st.iframe`.

`st.components.v1.html` will be removed after 2026-06-01.
2026-05-21 14:53:50.796 Please replace `use_container_width` with `width`.

`use_container_width` will be removed after 2025-12-31.

For `use_container_width=True`, use `width='stretch'`. For `use_container_width=False`, use `width='content'`.
2026-05-21 14:53:52.383 Please replace `use_container_width` with `width`.

`use_container_width` will be removed after 2025-12-31.

For `use_container_width=True`, use `width='stretch'`. For `use_container_width=False`, use `width='content'`.
2026-05-21 14:53:52.490 Please replace `use_container_width` with `width`.

`use_container_width` will be removed after 2025-12-31.

For `use_container_width=True`, use `width='stretch'`. For `use_container_width=False`, use `width='content'`.
2026-05-21 14:53:52.592 Please replace `use_container_width` with `width`.

`use_container_width` will be removed after 2025-12-31.

For `use_container_width=True`, use `width='stretch'`. For `use_container_width=False`, use `width='content'`.
2026-05-21 14:53:52.690 Please replace `st.components.v1.html` with `st.iframe`.

`st.components.v1.html` will be removed after 2026-06-01.
2026-05-21 14:53:52.773 Please replace `use_container_width` with `width`.

`use_container_width` will be removed after 2025-12-31.

For `use_container_width=True`, use `width='stretch'`. For `use_container_width=False`, use `width='content'`.
2026-05-21 14:53:54.410 Please replace `use_container_width` with `width`.

`use_container_width` will be removed after 2025-12-31.

For `use_container_width=True`, use `width='stretch'`. For `use_container_width=False`, use `width='content'`.
2026-05-21 14:53:54.516 Please replace `use_container_width` with `width`.

`use_container_width` will be removed after 2025-12-31.

For `use_container_width=True`, use `width='stretch'`. For `use_container_width=False`, use `width='content'`.
2026-05-21 14:53:54.634 Please replace `use_container_width` with `width`.

`use_container_width` will be removed after 2025-12-31.

For `use_container_width=True`, use `width='stretch'`. For `use_container_width=False`, use `width='content'`.
2026-05-21 14:53:54.710 Please replace `st.components.v1.html` with `st.iframe`.

`st.components.v1.html` will be removed after 2026-06-01.
2026-05-21 14:53:54.800 Please replace `use_container_width` with `width`.

`use_container_width` will be removed after 2025-12-31.

For `use_container_width=True`, use `width='stretch'`. For `use_container_width=False`, use `width='content'`.
2026-05-21 14:53:56.382 Please replace `use_container_width` with `width`.

`use_container_width` will be removed after 2025-12-31.

For `use_container_width=True`, use `width='stretch'`. For `use_container_width=False`, use `width='content'`.
2026-05-21 14:53:56.482 Please replace `use_container_width` with `width`.

`use_container_width` will be removed after 2025-12-31.

For `use_container_width=True`, use `width='stretch'`. For `use_container_width=False`, use `width='content'`.
2026-05-21 14:53:56.600 Please replace `use_container_width` with `width`.

`use_container_width` will be removed after 2025-12-31.

For `use_container_width=True`, use `width='stretch'`. For `use_container_width=False`, use `width='content'`.
2026-05-21 14:53:56.676 Please replace `st.components.v1.html` with `st.iframe`.

`st.components.v1.html` will be removed after 2026-06-01.
2026-05-21 14:53:56.773 Please replace `use_container_width` with `width`.

`use_container_width` will be removed after 2025-12-31.

For `use_container_width=True`, use `width='stretch'`. For `use_container_width=False`, use `width='content'`.
2026-05-21 14:53:58.405 Please replace `use_container_width` with `width`.

`use_container_width` will be removed after 2025-12-31.

For `use_container_width=True`, use `width='stretch'`. For `use_container_width=False`, use `width='content'`.
2026-05-21 14:53:58.496 Please replace `use_container_width` with `width`.

`use_container_width` will be removed after 2025-12-31.

For `use_container_width=True`, use `width='stretch'`. For `use_container_width=False`, use `width='content'`.
2026-05-21 14:53:58.620 Please replace `use_container_width` with `width`.

`use_container_width` will be removed after 2025-12-31.

For `use_container_width=True`, use `width='stretch'`. For `use_container_width=False`, use `width='content'`.
2026-05-21 14:53:58.697 Please replace `st.components.v1.html` with `st.iframe`.

`st.components.v1.html` will be removed after 2026-06-01.
2026-05-21 14:53:58.802 Please replace `use_container_width` with `width`.

`use_container_width` will be removed after 2025-12-31.

For `use_container_width=True`, use `width='stretch'`. For `use_container_width=False`, use `width='content'`.
2026-05-21 14:54:00.388 Please replace `use_container_width` with `width`.

`use_container_width` will be removed after 2025-12-31.

For `use_container_width=True`, use `width='stretch'`. For `use_container_width=False`, use `width='content'`.
2026-05-21 14:54:00.507 Please replace `use_container_width` with `width`.

`use_container_width` will be removed after 2025-12-31.

For `use_container_width=True`, use `width='stretch'`. For `use_container_width=False`, use `width='content'`.
2026-05-21 14:54:00.604 Please replace `use_container_width` with `width`.

`use_container_width` will be removed after 2025-12-31.

For `use_container_width=True`, use `width='stretch'`. For `use_container_width=False`, use `width='content'`.
2026-05-21 14:54:00.686 Please replace `st.components.v1.html` with `st.iframe`.

`st.components.v1.html` will be removed after 2026-06-01.
2026-05-21 14:54:00.771 Please replace `use_container_width` with `width`.

`use_container_width` will be removed after 2025-12-31.

For `use_container_width=True`, use `width='stretch'`. For `use_container_width=False`, use `width='content'`.
2026-05-21 14:54:02.399 Please replace `use_container_width` with `width`.

`use_container_width` will be removed after 2025-12-31.

For `use_container_width=True`, use `width='stretch'`. For `use_container_width=False`, use `width='content'`.
2026-05-21 14:54:02.497 Please replace `use_container_width` with `width`.

`use_container_width` will be removed after 2025-12-31.

For `use_container_width=True`, use `width='stretch'`. For `use_container_width=False`, use `width='content'`.
2026-05-21 14:54:02.590 Please replace `use_container_width` with `width`.

`use_container_width` will be removed after 2025-12-31.

For `use_container_width=True`, use `width='stretch'`. For `use_container_width=False`, use `width='content'`.
2026-05-21 14:54:02.664 Please replace `st.components.v1.html` with `st.iframe`.

`st.components.v1.html` will be removed after 2026-06-01.
2026-05-21 14:54:02.755 Please replace `use_container_width` with `width`.

`use_container_width` will be removed after 2025-12-31.

For `use_container_width=True`, use `width='stretch'`. For `use_container_width=False`, use `width='content'`.
2026-05-21 14:54:04.393 Please replace `use_container_width` with `width`.

`use_container_width` will be removed after 2025-12-31.

For `use_container_width=True`, use `width='stretch'`. For `use_container_width=False`, use `width='content'`.
2026-05-21 14:54:04.489 Please replace `use_container_width` with `width`.

`use_container_width` will be removed after 2025-12-31.

For `use_container_width=True`, use `width='stretch'`. For `use_container_width=False`, use `width='content'`.
2026-05-21 14:54:04.603 Please replace `use_container_width` with `width`.

`use_container_width` will be removed after 2025-12-31.

For `use_container_width=True`, use `width='stretch'`. For `use_container_width=False`, use `width='content'`.
2026-05-21 14:54:04.673 Please replace `st.components.v1.html` with `st.iframe`.

`st.components.v1.html` will be removed after 2026-06-01.
2026-05-21 14:54:04.775 Please replace `use_container_width` with `width`.

`use_container_width` will be removed after 2025-12-31.

For `use_container_width=True`, use `width='stretch'`. For `use_container_width=False`, use `width='content'`.
2026-05-21 14:54:06.459 Please replace `use_container_width` with `width`.

`use_container_width` will be removed after 2025-12-31.

For `use_container_width=True`, use `width='stretch'`. For `use_container_width=False`, use `width='content'`.
2026-05-21 14:54:06.550 Please replace `use_container_width` with `width`.

`use_container_width` will be removed after 2025-12-31.

For `use_container_width=True`, use `width='stretch'`. For `use_container_width=False`, use `width='content'`.
2026-05-21 14:54:06.661 Please replace `use_container_width` with `width`.

`use_container_width` will be removed after 2025-12-31.

For `use_container_width=True`, use `width='stretch'`. For `use_container_width=False`, use `width='content'`.
2026-05-21 14:54:06.746 Please replace `st.components.v1.html` with `st.iframe`.

`st.components.v1.html` will be removed after 2026-06-01.
2026-05-21 14:54:06.840 Please replace `use_container_width` with `width`.

`use_container_width` will be removed after 2025-12-31.

For `use_container_width=True`, use `width='stretch'`. For `use_container_width=False`, use `width='content'`.
2026-05-21 14:54:08.386 Please replace `use_container_width` with `width`.

`use_container_width` will be removed after 2025-12-31.

For `use_container_width=True`, use `width='stretch'`. For `use_container_width=False`, use `width='content'`.
2026-05-21 14:54:08.493 Please replace `use_container_width` with `width`.

`use_container_width` will be removed after 2025-12-31.

For `use_container_width=True`, use `width='stretch'`. For `use_container_width=False`, use `width='content'`.
2026-05-21 14:54:08.594 Please replace `use_container_width` with `width`.

`use_container_width` will be removed after 2025-12-31.

For `use_container_width=True`, use `width='stretch'`. For `use_container_width=False`, use `width='content'`.
2026-05-21 14:54:08.668 Please replace `st.components.v1.html` with `st.iframe`.

`st.components.v1.html` will be removed after 2026-06-01.
2026-05-21 14:54:08.772 Please replace `use_container_width` with `width`.

`use_container_width` will be removed after 2025-12-31.

For `use_container_width=True`, use `width='stretch'`. For `use_container_width=False`, use `width='content'`.
2026-05-21 14:54:10.405 Please replace `use_container_width` with `width`.

`use_container_width` will be removed after 2025-12-31.

For `use_container_width=True`, use `width='stretch'`. For `use_container_width=False`, use `width='content'`.
2026-05-21 14:54:10.526 Please replace `use_container_width` with `width`.

`use_container_width` will be removed after 2025-12-31.

For `use_container_width=True`, use `width='stretch'`. For `use_container_width=False`, use `width='content'`.
2026-05-21 14:54:10.642 Please replace `use_container_width` with `width`.

`use_container_width` will be removed after 2025-12-31.

For `use_container_width=True`, use `width='stretch'`. For `use_container_width=False`, use `width='content'`.
2026-05-21 14:54:10.712 Please replace `st.components.v1.html` with `st.iframe`.

`st.components.v1.html` will be removed after 2026-06-01.
2026-05-21 14:54:10.820 Please replace `use_container_width` with `width`.

`use_container_width` will be removed after 2025-12-31.

For `use_container_width=True`, use `width='stretch'`. For `use_container_width=False`, use `width='content'`.
2026-05-21 14:54:12.386 Please replace `use_container_width` with `width`.

`use_container_width` will be removed after 2025-12-31.

For `use_container_width=True`, use `width='stretch'`. For `use_container_width=False`, use `width='content'`.
2026-05-21 14:54:12.470 Please replace `use_container_width` with `width`.

`use_container_width` will be removed after 2025-12-31.

For `use_container_width=True`, use `width='stretch'`. For `use_container_width=False`, use `width='content'`.
2026-05-21 14:54:12.561 Please replace `use_container_width` with `width`.

`use_container_width` will be removed after 2025-12-31.

For `use_container_width=True`, use `width='stretch'`. For `use_container_width=False`, use `width='content'`.
2026-05-21 14:54:12.651 Please replace `st.components.v1.html` with `st.iframe`.

`st.components.v1.html` will be removed after 2026-06-01.
2026-05-21 14:54:12.729 Please replace `use_container_width` with `width`.

`use_container_width` will be removed after 2025-12-31.

For `use_container_width=True`, use `width='stretch'`. For `use_container_width=False`, use `width='content'`.
2026-05-21 14:54:14.405 Please replace `use_container_width` with `width`.

`use_container_width` will be removed after 2025-12-31.

For `use_container_width=True`, use `width='stretch'`. For `use_container_width=False`, use `width='content'`.
2026-05-21 14:54:14.498 Please replace `use_container_width` with `width`.

`use_container_width` will be removed after 2025-12-31.

For `use_container_width=True`, use `width='stretch'`. For `use_container_width=False`, use `width='content'`.
2026-05-21 14:54:14.608 Please replace `use_container_width` with `width`.

`use_container_width` will be removed after 2025-12-31.

For `use_container_width=True`, use `width='stretch'`. For `use_container_width=False`, use `width='content'`.
2026-05-21 14:54:14.686 Please replace `st.components.v1.html` with `st.iframe`.

`st.components.v1.html` will be removed after 2026-06-01.
2026-05-21 14:54:14.781 Please replace `use_container_width` with `width`.

`use_container_width` will be removed after 2025-12-31.

For `use_container_width=True`, use `width='stretch'`. For `use_container_width=False`, use `width='content'`.
2026-05-21 14:54:16.386 Please replace `use_container_width` with `width`.

`use_container_width` will be removed after 2025-12-31.

For `use_container_width=True`, use `width='stretch'`. For `use_container_width=False`, use `width='content'`.
2026-05-21 14:54:16.478 Please replace `use_container_width` with `width`.

`use_container_width` will be removed after 2025-12-31.

For `use_container_width=True`, use `width='stretch'`. For `use_container_width=False`, use `width='content'`.
2026-05-21 14:54:16.585 Please replace `use_container_width` with `width`.

`use_container_width` will be removed after 2025-12-31.

For `use_container_width=True`, use `width='stretch'`. For `use_container_width=False`, use `width='content'`.
2026-05-21 14:54:16.694 Please replace `st.components.v1.html` with `st.iframe`.

`st.components.v1.html` will be removed after 2026-06-01.
2026-05-21 14:54:16.823 Please replace `use_container_width` with `width`.

`use_container_width` will be removed after 2025-12-31.

For `use_container_width=True`, use `width='stretch'`. For `use_container_width=False`, use `width='content'`.
2026-05-21 14:54:18.403 Please replace `use_container_width` with `width`.

`use_container_width` will be removed after 2025-12-31.

For `use_container_width=True`, use `width='stretch'`. For `use_container_width=False`, use `width='content'`.
2026-05-21 14:54:18.497 Please replace `use_container_width` with `width`.

`use_container_width` will be removed after 2025-12-31.

For `use_container_width=True`, use `width='stretch'`. For `use_container_width=False`, use `width='content'`.
2026-05-21 14:54:18.612 Please replace `use_container_width` with `width`.

`use_container_width` will be removed after 2025-12-31.

For `use_container_width=True`, use `width='stretch'`. For `use_container_width=False`, use `width='content'`.
2026-05-21 14:54:18.698 Please replace `st.components.v1.html` with `st.iframe`.

`st.components.v1.html` will be removed after 2026-06-01.
2026-05-21 14:54:18.782 Please replace `use_container_width` with `width`.

`use_container_width` will be removed after 2025-12-31.

For `use_container_width=True`, use `width='stretch'`. For `use_container_width=False`, use `width='content'`.
2026-05-21 14:54:20.386 Please replace `use_container_width` with `width`.

`use_container_width` will be removed after 2025-12-31.

For `use_container_width=True`, use `width='stretch'`. For `use_container_width=False`, use `width='content'`.
2026-05-21 14:54:20.492 Please replace `use_container_width` with `width`.

`use_container_width` will be removed after 2025-12-31.

For `use_container_width=True`, use `width='stretch'`. For `use_container_width=False`, use `width='content'`.
2026-05-21 14:54:20.607 Please replace `use_container_width` with `width`.

`use_container_width` will be removed after 2025-12-31.

For `use_container_width=True`, use `width='stretch'`. For `use_container_width=False`, use `width='content'`.
2026-05-21 14:54:20.695 Please replace `st.components.v1.html` with `st.iframe`.

`st.components.v1.html` will be removed after 2026-06-01.
2026-05-21 14:54:20.791 Please replace `use_container_width` with `width`.

`use_container_width` will be removed after 2025-12-31.

For `use_container_width=True`, use `width='stretch'`. For `use_container_width=False`, use `width='content'`.
2026-05-21 14:54:22.396 Please replace `use_container_width` with `width`.

`use_container_width` will be removed after 2025-12-31.

For `use_container_width=True`, use `width='stretch'`. For `use_container_width=False`, use `width='content'`.
2026-05-21 14:54:22.500 Please replace `use_container_width` with `width`.

`use_container_width` will be removed after 2025-12-31.

For `use_container_width=True`, use `width='stretch'`. For `use_container_width=False`, use `width='content'`.
2026-05-21 14:54:22.608 Please replace `use_container_width` with `width`.

`use_container_width` will be removed after 2025-12-31.

For `use_container_width=True`, use `width='stretch'`. For `use_container_width=False`, use `width='content'`.
2026-05-21 14:54:22.688 Please replace `st.components.v1.html` with `st.iframe`.

`st.components.v1.html` will be removed after 2026-06-01.
2026-05-21 14:54:22.787 Please replace `use_container_width` with `width`.

`use_container_width` will be removed after 2025-12-31.

For `use_container_width=True`, use `width='stretch'`. For `use_container_width=False`, use `width='content'`.
2026-05-21 14:54:24.412 Please replace `use_container_width` with `width`.

`use_container_width` will be removed after 2025-12-31.

For `use_container_width=True`, use `width='stretch'`. For `use_container_width=False`, use `width='content'`.
2026-05-21 14:54:24.499 Please replace `use_container_width` with `width`.

`use_container_width` will be removed after 2025-12-31.

For `use_container_width=True`, use `width='stretch'`. For `use_container_width=False`, use `width='content'`.
2026-05-21 14:54:24.630 Please replace `use_container_width` with `width`.

`use_container_width` will be removed after 2025-12-31.

For `use_container_width=True`, use `width='stretch'`. For `use_container_width=False`, use `width='content'`.
2026-05-21 14:54:24.716 Please replace `st.components.v1.html` with `st.iframe`.

`st.components.v1.html` will be removed after 2026-06-01.
2026-05-21 14:54:24.816 Please replace `use_container_width` with `width`.

`use_container_width` will be removed after 2025-12-31.

For `use_container_width=True`, use `width='stretch'`. For `use_container_width=False`, use `width='content'`.
2026-05-21 14:54:26.396 Please replace `use_container_width` with `width`.

`use_container_width` will be removed after 2025-12-31.

For `use_container_width=True`, use `width='stretch'`. For `use_container_width=False`, use `width='content'`.
2026-05-21 14:54:26.507 Please replace `use_container_width` with `width`.

`use_container_width` will be removed after 2025-12-31.

For `use_container_width=True`, use `width='stretch'`. For `use_container_width=False`, use `width='content'`.
2026-05-21 14:54:26.622 Please replace `use_container_width` with `width`.

`use_container_width` will be removed after 2025-12-31.

For `use_container_width=True`, use `width='stretch'`. For `use_container_width=False`, use `width='content'`.
2026-05-21 14:54:26.691 Please replace `st.components.v1.html` with `st.iframe`.

`st.components.v1.html` will be removed after 2026-06-01.
2026-05-21 14:54:26.783 Please replace `use_container_width` with `width`.

`use_container_width` will be removed after 2025-12-31.

For `use_container_width=True`, use `width='stretch'`. For `use_container_width=False`, use `width='content'`.
2026-05-21 14:54:28.376 Please replace `use_container_width` with `width`.

`use_container_width` will be removed after 2025-12-31.

For `use_container_width=True`, use `width='stretch'`. For `use_container_width=False`, use `width='content'`.
2026-05-21 14:54:28.474 Please replace `use_container_width` with `width`.

`use_container_width` will be removed after 2025-12-31.

For `use_container_width=True`, use `width='stretch'`. For `use_container_width=False`, use `width='content'`.
2026-05-21 14:54:28.577 Please replace `use_container_width` with `width`.

`use_container_width` will be removed after 2025-12-31.

For `use_container_width=True`, use `width='stretch'`. For `use_container_width=False`, use `width='content'`.
2026-05-21 14:54:28.659 Please replace `st.components.v1.html` with `st.iframe`.

`st.components.v1.html` will be removed after 2026-06-01.
2026-05-21 14:54:28.734 Please replace `use_container_width` with `width`.

`use_container_width` will be removed after 2025-12-31.

For `use_container_width=True`, use `width='stretch'`. For `use_container_width=False`, use `width='content'`.
2026-05-21 14:54:30.402 Please replace `use_container_width` with `width`.

`use_container_width` will be removed after 2025-12-31.

For `use_container_width=True`, use `width='stretch'`. For `use_container_width=False`, use `width='content'`.
2026-05-21 14:54:30.514 Please replace `use_container_width` with `width`.

`use_container_width` will be removed after 2025-12-31.

For `use_container_width=True`, use `width='stretch'`. For `use_container_width=False`, use `width='content'`.
2026-05-21 14:54:30.638 Please replace `use_container_width` with `width`.

`use_container_width` will be removed after 2025-12-31.

For `use_container_width=True`, use `width='stretch'`. For `use_container_width=False`, use `width='content'`.
2026-05-21 14:54:30.728 Please replace `st.components.v1.html` with `st.iframe`.

`st.components.v1.html` will be removed after 2026-06-01.
2026-05-21 14:54:30.836 Please replace `use_container_width` with `width`.

`use_container_width` will be removed after 2025-12-31.

For `use_container_width=True`, use `width='stretch'`. For `use_container_width=False`, use `width='content'`.
2026-05-21 14:54:32.384 Please replace `use_container_width` with `width`.

`use_container_width` will be removed after 2025-12-31.

For `use_container_width=True`, use `width='stretch'`. For `use_container_width=False`, use `width='content'`.
2026-05-21 14:54:32.481 Please replace `use_container_width` with `width`.

`use_container_width` will be removed after 2025-12-31.

For `use_container_width=True`, use `width='stretch'`. For `use_container_width=False`, use `width='content'`.
2026-05-21 14:54:32.584 Please replace `use_container_width` with `width`.

`use_container_width` will be removed after 2025-12-31.

For `use_container_width=True`, use `width='stretch'`. For `use_container_width=False`, use `width='content'`.
2026-05-21 14:54:32.690 Please replace `st.components.v1.html` with `st.iframe`.

`st.components.v1.html` will be removed after 2026-06-01.
2026-05-21 14:54:32.776 Please replace `use_container_width` with `width`.

`use_container_width` will be removed after 2025-12-31.

For `use_container_width=True`, use `width='stretch'`. For `use_container_width=False`, use `width='content'`.
2026-05-21 14:54:34.403 Please replace `use_container_width` with `width`.

`use_container_width` will be removed after 2025-12-31.

For `use_container_width=True`, use `width='stretch'`. For `use_container_width=False`, use `width='content'`.
2026-05-21 14:54:34.513 Please replace `use_container_width` with `width`.

`use_container_width` will be removed after 2025-12-31.

For `use_container_width=True`, use `width='stretch'`. For `use_container_width=False`, use `width='content'`.
2026-05-21 14:54:34.624 Please replace `use_container_width` with `width`.

`use_container_width` will be removed after 2025-12-31.

For `use_container_width=True`, use `width='stretch'`. For `use_container_width=False`, use `width='content'`.
2026-05-21 14:54:34.711 Please replace `st.components.v1.html` with `st.iframe`.

`st.components.v1.html` will be removed after 2026-06-01.
2026-05-21 14:54:34.815 Please replace `use_container_width` with `width`.

`use_container_width` will be removed after 2025-12-31.

For `use_container_width=True`, use `width='stretch'`. For `use_container_width=False`, use `width='content'`.
2026-05-21 14:54:36.390 Please replace `use_container_width` with `width`.

`use_container_width` will be removed after 2025-12-31.

For `use_container_width=True`, use `width='stretch'`. For `use_container_width=False`, use `width='content'`.
2026-05-21 14:54:36.491 Please replace `use_container_width` with `width`.

`use_container_width` will be removed after 2025-12-31.

For `use_container_width=True`, use `width='stretch'`. For `use_container_width=False`, use `width='content'`.
2026-05-21 14:54:36.631 Please replace `use_container_width` with `width`.

`use_container_width` will be removed after 2025-12-31.

For `use_container_width=True`, use `width='stretch'`. For `use_container_width=False`, use `width='content'`.
2026-05-21 14:54:36.705 Please replace `st.components.v1.html` with `st.iframe`.

`st.components.v1.html` will be removed after 2026-06-01.
2026-05-21 14:54:36.813 Please replace `use_container_width` with `width`.

`use_container_width` will be removed after 2025-12-31.

For `use_container_width=True`, use `width='stretch'`. For `use_container_width=False`, use `width='content'`.
2026-05-21 14:54:38.404 Please replace `use_container_width` with `width`.

`use_container_width` will be removed after 2025-12-31.

For `use_container_width=True`, use `width='stretch'`. For `use_container_width=False`, use `width='content'`.
2026-05-21 14:54:38.498 Please replace `use_container_width` with `width`.

`use_container_width` will be removed after 2025-12-31.

For `use_container_width=True`, use `width='stretch'`. For `use_container_width=False`, use `width='content'`.
2026-05-21 14:54:38.598 Please replace `use_container_width` with `width`.

`use_container_width` will be removed after 2025-12-31.

For `use_container_width=True`, use `width='stretch'`. For `use_container_width=False`, use `width='content'`.
2026-05-21 14:54:38.685 Please replace `st.components.v1.html` with `st.iframe`.

`st.components.v1.html` will be removed after 2026-06-01.
2026-05-21 14:54:38.782 Please replace `use_container_width` with `width`.

`use_container_width` will be removed after 2025-12-31.

For `use_container_width=True`, use `width='stretch'`. For `use_container_width=False`, use `width='content'`.
2026-05-21 14:54:40.387 Please replace `use_container_width` with `width`.

`use_container_width` will be removed after 2025-12-31.

For `use_container_width=True`, use `width='stretch'`. For `use_container_width=False`, use `width='content'`.
2026-05-21 14:54:40.485 Please replace `use_container_width` with `width`.

`use_container_width` will be removed after 2025-12-31.

For `use_container_width=True`, use `width='stretch'`. For `use_container_width=False`, use `width='content'`.
2026-05-21 14:54:40.595 Please replace `use_container_width` with `width`.

`use_container_width` will be removed after 2025-12-31.

For `use_container_width=True`, use `width='stretch'`. For `use_container_width=False`, use `width='content'`.
2026-05-21 14:54:40.682 Please replace `st.components.v1.html` with `st.iframe`.

`st.components.v1.html` will be removed after 2026-06-01.
2026-05-21 14:54:40.768 Please replace `use_container_width` with `width`.

`use_container_width` will be removed after 2025-12-31.

For `use_container_width=True`, use `width='stretch'`. For `use_container_width=False`, use `width='content'`.
2026-05-21 14:54:42.406 Please replace `use_container_width` with `width`.

`use_container_width` will be removed after 2025-12-31.

For `use_container_width=True`, use `width='stretch'`. For `use_container_width=False`, use `width='content'`.
2026-05-21 14:54:42.503 Please replace `use_container_width` with `width`.

`use_container_width` will be removed after 2025-12-31.

For `use_container_width=True`, use `width='stretch'`. For `use_container_width=False`, use `width='content'`.
2026-05-21 14:54:42.613 Please replace `use_container_width` with `width`.

`use_container_width` will be removed after 2025-12-31.

For `use_container_width=True`, use `width='stretch'`. For `use_container_width=False`, use `width='content'`.
2026-05-21 14:54:42.702 Please replace `st.components.v1.html` with `st.iframe`.

`st.components.v1.html` will be removed after 2026-06-01.
2026-05-21 14:54:42.803 Please replace `use_container_width` with `width`.

`use_container_width` will be removed after 2025-12-31.

For `use_container_width=True`, use `width='stretch'`. For `use_container_width=False`, use `width='content'`.
2026-05-21 14:54:44.391 Please replace `use_container_width` with `width`.

`use_container_width` will be removed after 2025-12-31.

For `use_container_width=True`, use `width='stretch'`. For `use_container_width=False`, use `width='content'`.
2026-05-21 14:54:44.484 Please replace `use_container_width` with `width`.

`use_container_width` will be removed after 2025-12-31.

For `use_container_width=True`, use `width='stretch'`. For `use_container_width=False`, use `width='content'`.
2026-05-21 14:54:44.594 Please replace `use_container_width` with `width`.

`use_container_width` will be removed after 2025-12-31.

For `use_container_width=True`, use `width='stretch'`. For `use_container_width=False`, use `width='content'`.
2026-05-21 14:54:44.660 Please replace `st.components.v1.html` with `st.iframe`.

`st.components.v1.html` will be removed after 2026-06-01.
2026-05-21 14:54:44.761 Please replace `use_container_width` with `width`.

`use_container_width` will be removed after 2025-12-31.

For `use_container_width=True`, use `width='stretch'`. For `use_container_width=False`, use `width='content'`.
2026-05-21 14:54:46.410 Please replace `use_container_width` with `width`.

`use_container_width` will be removed after 2025-12-31.

For `use_container_width=True`, use `width='stretch'`. For `use_container_width=False`, use `width='content'`.
2026-05-21 14:54:46.500 Please replace `use_container_width` with `width`.

`use_container_width` will be removed after 2025-12-31.

For `use_container_width=True`, use `width='stretch'`. For `use_container_width=False`, use `width='content'`.
2026-05-21 14:54:46.613 Please replace `use_container_width` with `width`.

`use_container_width` will be removed after 2025-12-31.

For `use_container_width=True`, use `width='stretch'`. For `use_container_width=False`, use `width='content'`.
2026-05-21 14:54:46.693 Please replace `st.components.v1.html` with `st.iframe`.

`st.components.v1.html` will be removed after 2026-06-01.
2026-05-21 14:54:46.799 Please replace `use_container_width` with `width`.

`use_container_width` will be removed after 2025-12-31.

For `use_container_width=True`, use `width='stretch'`. For `use_container_width=False`, use `width='content'`.
2026-05-21 14:54:48.481 Please replace `use_container_width` with `width`.

`use_container_width` will be removed after 2025-12-31.

For `use_container_width=True`, use `width='stretch'`. For `use_container_width=False`, use `width='content'`.
2026-05-21 14:54:48.581 Please replace `use_container_width` with `width`.

`use_container_width` will be removed after 2025-12-31.

For `use_container_width=True`, use `width='stretch'`. For `use_container_width=False`, use `width='content'`.
2026-05-21 14:54:48.685 Please replace `use_container_width` with `width`.

`use_container_width` will be removed after 2025-12-31.

For `use_container_width=True`, use `width='stretch'`. For `use_container_width=False`, use `width='content'`.
2026-05-21 14:54:48.776 Please replace `st.components.v1.html` with `st.iframe`.

`st.components.v1.html` will be removed after 2026-06-01.
2026-05-21 14:54:48.883 Please replace `use_container_width` with `width`.

`use_container_width` will be removed after 2025-12-31.

For `use_container_width=True`, use `width='stretch'`. For `use_container_width=False`, use `width='content'`.
2026-05-21 14:54:50.379 Please replace `use_container_width` with `width`.

`use_container_width` will be removed after 2025-12-31.

For `use_container_width=True`, use `width='stretch'`. For `use_container_width=False`, use `width='content'`.
2026-05-21 14:54:50.491 Please replace `use_container_width` with `width`.

`use_container_width` will be removed after 2025-12-31.

For `use_container_width=True`, use `width='stretch'`. For `use_container_width=False`, use `width='content'`.
2026-05-21 14:54:50.596 Please replace `use_container_width` with `width`.

`use_container_width` will be removed after 2025-12-31.

For `use_container_width=True`, use `width='stretch'`. For `use_container_width=False`, use `width='content'`.
2026-05-21 14:54:50.666 Please replace `st.components.v1.html` with `st.iframe`.

`st.components.v1.html` will be removed after 2026-06-01.
2026-05-21 14:54:50.771 Please replace `use_container_width` with `width`.

`use_container_width` will be removed after 2025-12-31.

For `use_container_width=True`, use `width='stretch'`. For `use_container_width=False`, use `width='content'`.
2026-05-21 14:54:52.400 Please replace `use_container_width` with `width`.

`use_container_width` will be removed after 2025-12-31.

For `use_container_width=True`, use `width='stretch'`. For `use_container_width=False`, use `width='content'`.
2026-05-21 14:54:52.500 Please replace `use_container_width` with `width`.

`use_container_width` will be removed after 2025-12-31.

For `use_container_width=True`, use `width='stretch'`. For `use_container_width=False`, use `width='content'`.
2026-05-21 14:54:52.610 Please replace `use_container_width` with `width`.

`use_container_width` will be removed after 2025-12-31.

For `use_container_width=True`, use `width='stretch'`. For `use_container_width=False`, use `width='content'`.
2026-05-21 14:54:52.677 Please replace `st.components.v1.html` with `st.iframe`.

`st.components.v1.html` will be removed after 2026-06-01.
2026-05-21 14:54:52.755 Please replace `use_container_width` with `width`.

`use_container_width` will be removed after 2025-12-31.

For `use_container_width=True`, use `width='stretch'`. For `use_container_width=False`, use `width='content'`.
2026-05-21 14:54:54.393 Please replace `use_container_width` with `width`.

`use_container_width` will be removed after 2025-12-31.

For `use_container_width=True`, use `width='stretch'`. For `use_container_width=False`, use `width='content'`.
2026-05-21 14:54:54.482 Please replace `use_container_width` with `width`.

`use_container_width` will be removed after 2025-12-31.

For `use_container_width=True`, use `width='stretch'`. For `use_container_width=False`, use `width='content'`.
2026-05-21 14:54:54.596 Please replace `use_container_width` with `width`.

`use_container_width` will be removed after 2025-12-31.

For `use_container_width=True`, use `width='stretch'`. For `use_container_width=False`, use `width='content'`.
2026-05-21 14:54:54.677 Please replace `st.components.v1.html` with `st.iframe`.

`st.components.v1.html` will be removed after 2026-06-01.
2026-05-21 14:54:54.767 Please replace `use_container_width` with `width`.

`use_container_width` will be removed after 2025-12-31.

For `use_container_width=True`, use `width='stretch'`. For `use_container_width=False`, use `width='content'`.
2026-05-21 14:54:56.408 Please replace `use_container_width` with `width`.

`use_container_width` will be removed after 2025-12-31.

For `use_container_width=True`, use `width='stretch'`. For `use_container_width=False`, use `width='content'`.
2026-05-21 14:54:56.512 Please replace `use_container_width` with `width`.

`use_container_width` will be removed after 2025-12-31.

For `use_container_width=True`, use `width='stretch'`. For `use_container_width=False`, use `width='content'`.
2026-05-21 14:54:56.625 Please replace `use_container_width` with `width`.

`use_container_width` will be removed after 2025-12-31.

For `use_container_width=True`, use `width='stretch'`. For `use_container_width=False`, use `width='content'`.
2026-05-21 14:54:56.698 Please replace `st.components.v1.html` with `st.iframe`.

`st.components.v1.html` will be removed after 2026-06-01.
2026-05-21 14:54:56.807 Please replace `use_container_width` with `width`.

`use_container_width` will be removed after 2025-12-31.

For `use_container_width=True`, use `width='stretch'`. For `use_container_width=False`, use `width='content'`.
2026-05-21 14:54:58.386 Please replace `use_container_width` with `width`.

`use_container_width` will be removed after 2025-12-31.

For `use_container_width=True`, use `width='stretch'`. For `use_container_width=False`, use `width='content'`.
2026-05-21 14:54:58.469 Please replace `use_container_width` with `width`.

`use_container_width` will be removed after 2025-12-31.

For `use_container_width=True`, use `width='stretch'`. For `use_container_width=False`, use `width='content'`.
2026-05-21 14:54:58.573 Please replace `use_container_width` with `width`.

`use_container_width` will be removed after 2025-12-31.

For `use_container_width=True`, use `width='stretch'`. For `use_container_width=False`, use `width='content'`.
2026-05-21 14:54:58.654 Please replace `st.components.v1.html` with `st.iframe`.

`st.components.v1.html` will be removed after 2026-06-01.
2026-05-21 14:54:58.779 Please replace `use_container_width` with `width`.

`use_container_width` will be removed after 2025-12-31.

For `use_container_width=True`, use `width='stretch'`. For `use_container_width=False`, use `width='content'`.
2026-05-21 14:55:00.405 Please replace `use_container_width` with `width`.

`use_container_width` will be removed after 2025-12-31.

For `use_container_width=True`, use `width='stretch'`. For `use_container_width=False`, use `width='content'`.
2026-05-21 14:55:00.517 Please replace `use_container_width` with `width`.

`use_container_width` will be removed after 2025-12-31.

For `use_container_width=True`, use `width='stretch'`. For `use_container_width=False`, use `width='content'`.
2026-05-21 14:55:00.616 Please replace `use_container_width` with `width`.

`use_container_width` will be removed after 2025-12-31.

For `use_container_width=True`, use `width='stretch'`. For `use_container_width=False`, use `width='content'`.
2026-05-21 14:55:00.703 Please replace `st.components.v1.html` with `st.iframe`.

`st.components.v1.html` will be removed after 2026-06-01.
2026-05-21 14:55:00.805 Please replace `use_container_width` with `width`.

`use_container_width` will be removed after 2025-12-31.

For `use_container_width=True`, use `width='stretch'`. For `use_container_width=False`, use `width='content'`.
2026-05-21 14:55:02.385 Please replace `use_container_width` with `width`.

`use_container_width` will be removed after 2025-12-31.

For `use_container_width=True`, use `width='stretch'`. For `use_container_width=False`, use `width='content'`.
2026-05-21 14:55:02.483 Please replace `use_container_width` with `width`.

`use_container_width` will be removed after 2025-12-31.

For `use_container_width=True`, use `width='stretch'`. For `use_container_width=False`, use `width='content'`.
2026-05-21 14:55:02.595 Please replace `use_container_width` with `width`.

`use_container_width` will be removed after 2025-12-31.

For `use_container_width=True`, use `width='stretch'`. For `use_container_width=False`, use `width='content'`.
2026-05-21 14:55:02.661 Please replace `st.components.v1.html` with `st.iframe`.

`st.components.v1.html` will be removed after 2026-06-01.
2026-05-21 14:55:02.760 Please replace `use_container_width` with `width`.

`use_container_width` will be removed after 2025-12-31.

For `use_container_width=True`, use `width='stretch'`. For `use_container_width=False`, use `width='content'`.
2026-05-21 14:55:04.399 Please replace `use_container_width` with `width`.

`use_container_width` will be removed after 2025-12-31.

For `use_container_width=True`, use `width='stretch'`. For `use_container_width=False`, use `width='content'`.
2026-05-21 14:55:04.487 Please replace `use_container_width` with `width`.

`use_container_width` will be removed after 2025-12-31.

For `use_container_width=True`, use `width='stretch'`. For `use_container_width=False`, use `width='content'`.
2026-05-21 14:55:04.598 Please replace `use_container_width` with `width`.

`use_container_width` will be removed after 2025-12-31.

For `use_container_width=True`, use `width='stretch'`. For `use_container_width=False`, use `width='content'`.
2026-05-21 14:55:04.676 Please replace `st.components.v1.html` with `st.iframe`.

`st.components.v1.html` will be removed after 2026-06-01.
2026-05-21 14:55:04.754 Please replace `use_container_width` with `width`.

`use_container_width` will be removed after 2025-12-31.

For `use_container_width=True`, use `width='stretch'`. For `use_container_width=False`, use `width='content'`.
2026-05-21 14:55:06.386 Please replace `use_container_width` with `width`.

`use_container_width` will be removed after 2025-12-31.

For `use_container_width=True`, use `width='stretch'`. For `use_container_width=False`, use `width='content'`.
2026-05-21 14:55:06.502 Please replace `use_container_width` with `width`.

`use_container_width` will be removed after 2025-12-31.

For `use_container_width=True`, use `width='stretch'`. For `use_container_width=False`, use `width='content'`.
2026-05-21 14:55:06.597 Please replace `use_container_width` with `width`.

`use_container_width` will be removed after 2025-12-31.

For `use_container_width=True`, use `width='stretch'`. For `use_container_width=False`, use `width='content'`.
2026-05-21 14:55:06.681 Please replace `st.components.v1.html` with `st.iframe`.

`st.components.v1.html` will be removed after 2026-06-01.
2026-05-21 14:55:06.773 Please replace `use_container_width` with `width`.

`use_container_width` will be removed after 2025-12-31.

For `use_container_width=True`, use `width='stretch'`. For `use_container_width=False`, use `width='content'`.
2026-05-21 14:55:08.411 Please replace `use_container_width` with `width`.

`use_container_width` will be removed after 2025-12-31.

For `use_container_width=True`, use `width='stretch'`. For `use_container_width=False`, use `width='content'`.
2026-05-21 14:55:08.530 Please replace `use_container_width` with `width`.

`use_container_width` will be removed after 2025-12-31.

For `use_container_width=True`, use `width='stretch'`. For `use_container_width=False`, use `width='content'`.
2026-05-21 14:55:08.636 Please replace `use_container_width` with `width`.

`use_container_width` will be removed after 2025-12-31.

For `use_container_width=True`, use `width='stretch'`. For `use_container_width=False`, use `width='content'`.
2026-05-21 14:55:08.719 Please replace `st.components.v1.html` with `st.iframe`.

`st.components.v1.html` will be removed after 2026-06-01.
2026-05-21 14:55:08.808 Please replace `use_container_width` with `width`.

`use_container_width` will be removed after 2025-12-31.

For `use_container_width=True`, use `width='stretch'`. For `use_container_width=False`, use `width='content'`.
2026-05-21 14:55:10.400 Please replace `use_container_width` with `width`.

`use_container_width` will be removed after 2025-12-31.

For `use_container_width=True`, use `width='stretch'`. For `use_container_width=False`, use `width='content'`.
2026-05-21 14:55:10.477 Please replace `use_container_width` with `width`.

`use_container_width` will be removed after 2025-12-31.

For `use_container_width=True`, use `width='stretch'`. For `use_container_width=False`, use `width='content'`.
2026-05-21 14:55:10.601 Please replace `use_container_width` with `width`.

`use_container_width` will be removed after 2025-12-31.

For `use_container_width=True`, use `width='stretch'`. For `use_container_width=False`, use `width='content'`.
2026-05-21 14:55:10.674 Please replace `st.components.v1.html` with `st.iframe`.

`st.components.v1.html` will be removed after 2026-06-01.
2026-05-21 14:55:10.766 Please replace `use_container_width` with `width`.

`use_container_width` will be removed after 2025-12-31.

For `use_container_width=True`, use `width='stretch'`. For `use_container_width=False`, use `width='content'`.
2026-05-21 14:55:12.407 Please replace `use_container_width` with `width`.

`use_container_width` will be removed after 2025-12-31.

For `use_container_width=True`, use `width='stretch'`. For `use_container_width=False`, use `width='content'`.
2026-05-21 14:55:12.506 Please replace `use_container_width` with `width`.

`use_container_width` will be removed after 2025-12-31.

For `use_container_width=True`, use `width='stretch'`. For `use_container_width=False`, use `width='content'`.
2026-05-21 14:55:12.615 Please replace `use_container_width` with `width`.

`use_container_width` will be removed after 2025-12-31.

For `use_container_width=True`, use `width='stretch'`. For `use_container_width=False`, use `width='content'`.
2026-05-21 14:55:12.703 Please replace `st.components.v1.html` with `st.iframe`.

`st.components.v1.html` will be removed after 2026-06-01.
2026-05-21 14:55:12.785 Please replace `use_container_width` with `width`.

`use_container_width` will be removed after 2025-12-31.

For `use_container_width=True`, use `width='stretch'`. For `use_container_width=False`, use `width='content'`.
2026-05-21 14:55:14.379 Please replace `use_container_width` with `width`.

`use_container_width` will be removed after 2025-12-31.

For `use_container_width=True`, use `width='stretch'`. For `use_container_width=False`, use `width='content'`.
2026-05-21 14:55:14.482 Please replace `use_container_width` with `width`.

`use_container_width` will be removed after 2025-12-31.

For `use_container_width=True`, use `width='stretch'`. For `use_container_width=False`, use `width='content'`.
2026-05-21 14:55:14.587 Please replace `use_container_width` with `width`.

`use_container_width` will be removed after 2025-12-31.

For `use_container_width=True`, use `width='stretch'`. For `use_container_width=False`, use `width='content'`.
2026-05-21 14:55:14.677 Please replace `st.components.v1.html` with `st.iframe`.

`st.components.v1.html` will be removed after 2026-06-01.
2026-05-21 14:55:14.766 Please replace `use_container_width` with `width`.

`use_container_width` will be removed after 2025-12-31.

For `use_container_width=True`, use `width='stretch'`. For `use_container_width=False`, use `width='content'`.
2026-05-21 14:55:16.400 Please replace `use_container_width` with `width`.

`use_container_width` will be removed after 2025-12-31.

For `use_container_width=True`, use `width='stretch'`. For `use_container_width=False`, use `width='content'`.
2026-05-21 14:55:16.500 Please replace `use_container_width` with `width`.

`use_container_width` will be removed after 2025-12-31.

For `use_container_width=True`, use `width='stretch'`. For `use_container_width=False`, use `width='content'`.
2026-05-21 14:55:16.603 Please replace `use_container_width` with `width`.

`use_container_width` will be removed after 2025-12-31.

For `use_container_width=True`, use `width='stretch'`. For `use_container_width=False`, use `width='content'`.
2026-05-21 14:55:16.673 Please replace `st.components.v1.html` with `st.iframe`.

`st.components.v1.html` will be removed after 2026-06-01.
2026-05-21 14:55:16.751 Please replace `use_container_width` with `width`.

`use_container_width` will be removed after 2025-12-31.

For `use_container_width=True`, use `width='stretch'`. For `use_container_width=False`, use `width='content'`.
2026-05-21 14:55:18.385 Please replace `use_container_width` with `width`.

`use_container_width` will be removed after 2025-12-31.

For `use_container_width=True`, use `width='stretch'`. For `use_container_width=False`, use `width='content'`.
2026-05-21 14:55:18.482 Please replace `use_container_width` with `width`.

`use_container_width` will be removed after 2025-12-31.

For `use_container_width=True`, use `width='stretch'`. For `use_container_width=False`, use `width='content'`.
2026-05-21 14:55:18.594 Please replace `use_container_width` with `width`.

`use_container_width` will be removed after 2025-12-31.

For `use_container_width=True`, use `width='stretch'`. For `use_container_width=False`, use `width='content'`.
2026-05-21 14:55:18.672 Please replace `st.components.v1.html` with `st.iframe`.

`st.components.v1.html` will be removed after 2026-06-01.
2026-05-21 14:55:18.772 Please replace `use_container_width` with `width`.

`use_container_width` will be removed after 2025-12-31.

For `use_container_width=True`, use `width='stretch'`. For `use_container_width=False`, use `width='content'`.
2026-05-21 14:55:20.402 Please replace `use_container_width` with `width`.

`use_container_width` will be removed after 2025-12-31.

For `use_container_width=True`, use `width='stretch'`. For `use_container_width=False`, use `width='content'`.
2026-05-21 14:55:20.512 Please replace `use_container_width` with `width`.

`use_container_width` will be removed after 2025-12-31.

For `use_container_width=True`, use `width='stretch'`. For `use_container_width=False`, use `width='content'`.
2026-05-21 14:55:20.629 Please replace `use_container_width` with `width`.

`use_container_width` will be removed after 2025-12-31.

For `use_container_width=True`, use `width='stretch'`. For `use_container_width=False`, use `width='content'`.
2026-05-21 14:55:20.695 Please replace `st.components.v1.html` with `st.iframe`.

`st.components.v1.html` will be removed after 2026-06-01.
2026-05-21 14:55:20.808 Please replace `use_container_width` with `width`.

`use_container_width` will be removed after 2025-12-31.

For `use_container_width=True`, use `width='stretch'`. For `use_container_width=False`, use `width='content'`.
2026-05-21 14:55:22.384 Please replace `use_container_width` with `width`.

`use_container_width` will be removed after 2025-12-31.

For `use_container_width=True`, use `width='stretch'`. For `use_container_width=False`, use `width='content'`.
2026-05-21 14:55:22.486 Please replace `use_container_width` with `width`.

`use_container_width` will be removed after 2025-12-31.

For `use_container_width=True`, use `width='stretch'`. For `use_container_width=False`, use `width='content'`.
2026-05-21 14:55:22.597 Please replace `use_container_width` with `width`.

`use_container_width` will be removed after 2025-12-31.

For `use_container_width=True`, use `width='stretch'`. For `use_container_width=False`, use `width='content'`.
2026-05-21 14:55:22.695 Please replace `st.components.v1.html` with `st.iframe`.

`st.components.v1.html` will be removed after 2026-06-01.
2026-05-21 14:55:22.779 Please replace `use_container_width` with `width`.

`use_container_width` will be removed after 2025-12-31.

For `use_container_width=True`, use `width='stretch'`. For `use_container_width=False`, use `width='content'`.
2026-05-21 14:55:24.402 Please replace `use_container_width` with `width`.

`use_container_width` will be removed after 2025-12-31.

For `use_container_width=True`, use `width='stretch'`. For `use_container_width=False`, use `width='content'`.
2026-05-21 14:55:24.516 Please replace `use_container_width` with `width`.

`use_container_width` will be removed after 2025-12-31.

For `use_container_width=True`, use `width='stretch'`. For `use_container_width=False`, use `width='content'`.
2026-05-21 14:55:24.614 Please replace `use_container_width` with `width`.

`use_container_width` will be removed after 2025-12-31.

For `use_container_width=True`, use `width='stretch'`. For `use_container_width=False`, use `width='content'`.
2026-05-21 14:55:24.690 Please replace `st.components.v1.html` with `st.iframe`.

`st.components.v1.html` will be removed after 2026-06-01.
2026-05-21 14:55:24.765 Please replace `use_container_width` with `width`.

`use_container_width` will be removed after 2025-12-31.

For `use_container_width=True`, use `width='stretch'`. For `use_container_width=False`, use `width='content'`.
2026-05-21 14:55:26.387 Please replace `use_container_width` with `width`.

`use_container_width` will be removed after 2025-12-31.

For `use_container_width=True`, use `width='stretch'`. For `use_container_width=False`, use `width='content'`.
2026-05-21 14:55:26.467 Please replace `use_container_width` with `width`.

`use_container_width` will be removed after 2025-12-31.

For `use_container_width=True`, use `width='stretch'`. For `use_container_width=False`, use `width='content'`.
2026-05-21 14:55:26.578 Please replace `use_container_width` with `width`.

`use_container_width` will be removed after 2025-12-31.

For `use_container_width=True`, use `width='stretch'`. For `use_container_width=False`, use `width='content'`.
2026-05-21 14:55:26.657 Please replace `st.components.v1.html` with `st.iframe`.

`st.components.v1.html` will be removed after 2026-06-01.
2026-05-21 14:55:26.749 Please replace `use_container_width` with `width`.

`use_container_width` will be removed after 2025-12-31.

For `use_container_width=True`, use `width='stretch'`. For `use_container_width=False`, use `width='content'`.
2026-05-21 14:55:28.400 Please replace `use_container_width` with `width`.

`use_container_width` will be removed after 2025-12-31.

For `use_container_width=True`, use `width='stretch'`. For `use_container_width=False`, use `width='content'`.
2026-05-21 14:55:28.503 Please replace `use_container_width` with `width`.

`use_container_width` will be removed after 2025-12-31.

For `use_container_width=True`, use `width='stretch'`. For `use_container_width=False`, use `width='content'`.
2026-05-21 14:55:28.631 Please replace `use_container_width` with `width`.

`use_container_width` will be removed after 2025-12-31.

For `use_container_width=True`, use `width='stretch'`. For `use_container_width=False`, use `width='content'`.
2026-05-21 14:55:28.703 Please replace `st.components.v1.html` with `st.iframe`.

`st.components.v1.html` will be removed after 2026-06-01.
2026-05-21 14:55:28.807 Please replace `use_container_width` with `width`.

`use_container_width` will be removed after 2025-12-31.

For `use_container_width=True`, use `width='stretch'`. For `use_container_width=False`, use `width='content'`.
2026-05-21 14:55:30.433 Please replace `use_container_width` with `width`.

`use_container_width` will be removed after 2025-12-31.

For `use_container_width=True`, use `width='stretch'`. For `use_container_width=False`, use `width='content'`.
2026-05-21 14:55:30.568 Please replace `use_container_width` with `width`.

`use_container_width` will be removed after 2025-12-31.

For `use_container_width=True`, use `width='stretch'`. For `use_container_width=False`, use `width='content'`.
2026-05-21 14:55:30.687 Please replace `use_container_width` with `width`.

`use_container_width` will be removed after 2025-12-31.

For `use_container_width=True`, use `width='stretch'`. For `use_container_width=False`, use `width='content'`.
2026-05-21 14:55:30.763 Please replace `st.components.v1.html` with `st.iframe`.

`st.components.v1.html` will be removed after 2026-06-01.
2026-05-21 14:55:30.864 Please replace `use_container_width` with `width`.

`use_container_width` will be removed after 2025-12-31.

For `use_container_width=True`, use `width='stretch'`. For `use_container_width=False`, use `width='content'`.
2026-05-21 14:55:32.398 Please replace `use_container_width` with `width`.

`use_container_width` will be removed after 2025-12-31.

For `use_container_width=True`, use `width='stretch'`. For `use_container_width=False`, use `width='content'`.
2026-05-21 14:55:32.509 Please replace `use_container_width` with `width`.

`use_container_width` will be removed after 2025-12-31.

For `use_container_width=True`, use `width='stretch'`. For `use_container_width=False`, use `width='content'`.
2026-05-21 14:55:32.608 Please replace `use_container_width` with `width`.

`use_container_width` will be removed after 2025-12-31.

For `use_container_width=True`, use `width='stretch'`. For `use_container_width=False`, use `width='content'`.
2026-05-21 14:55:32.690 Please replace `st.components.v1.html` with `st.iframe`.

`st.components.v1.html` will be removed after 2026-06-01.
2026-05-21 14:55:32.794 Please replace `use_container_width` with `width`.

`use_container_width` will be removed after 2025-12-31.

For `use_container_width=True`, use `width='stretch'`. For `use_container_width=False`, use `width='content'`.
2026-05-21 14:55:34.385 Please replace `use_container_width` with `width`.

`use_container_width` will be removed after 2025-12-31.

For `use_container_width=True`, use `width='stretch'`. For `use_container_width=False`, use `width='content'`.
2026-05-21 14:55:34.488 Please replace `use_container_width` with `width`.

`use_container_width` will be removed after 2025-12-31.

For `use_container_width=True`, use `width='stretch'`. For `use_container_width=False`, use `width='content'`.
2026-05-21 14:55:34.605 Please replace `use_container_width` with `width`.

`use_container_width` will be removed after 2025-12-31.

For `use_container_width=True`, use `width='stretch'`. For `use_container_width=False`, use `width='content'`.
2026-05-21 14:55:34.691 Please replace `st.components.v1.html` with `st.iframe`.

`st.components.v1.html` will be removed after 2026-06-01.
2026-05-21 14:55:34.784 Please replace `use_container_width` with `width`.

`use_container_width` will be removed after 2025-12-31.

For `use_container_width=True`, use `width='stretch'`. For `use_container_width=False`, use `width='content'`.
2026-05-21 14:55:36.396 Please replace `use_container_width` with `width`.

`use_container_width` will be removed after 2025-12-31.

For `use_container_width=True`, use `width='stretch'`. For `use_container_width=False`, use `width='content'`.
2026-05-21 14:55:36.496 Please replace `use_container_width` with `width`.

`use_container_width` will be removed after 2025-12-31.

For `use_container_width=True`, use `width='stretch'`. For `use_container_width=False`, use `width='content'`.
2026-05-21 14:55:36.597 Please replace `use_container_width` with `width`.

`use_container_width` will be removed after 2025-12-31.

For `use_container_width=True`, use `width='stretch'`. For `use_container_width=False`, use `width='content'`.
2026-05-21 14:55:36.664 Please replace `st.components.v1.html` with `st.iframe`.

`st.components.v1.html` will be removed after 2026-06-01.
2026-05-21 14:55:36.772 Please replace `use_container_width` with `width`.

`use_container_width` will be removed after 2025-12-31.

For `use_container_width=True`, use `width='stretch'`. For `use_container_width=False`, use `width='content'`.
2026-05-21 14:55:38.382 Please replace `use_container_width` with `width`.

`use_container_width` will be removed after 2025-12-31.

For `use_container_width=True`, use `width='stretch'`. For `use_container_width=False`, use `width='content'`.
2026-05-21 14:55:38.491 Please replace `use_container_width` with `width`.

`use_container_width` will be removed after 2025-12-31.

For `use_container_width=True`, use `width='stretch'`. For `use_container_width=False`, use `width='content'`.
2026-05-21 14:55:38.590 Please replace `use_container_width` with `width`.

`use_container_width` will be removed after 2025-12-31.

For `use_container_width=True`, use `width='stretch'`. For `use_container_width=False`, use `width='content'`.
2026-05-21 14:55:38.671 Please replace `st.components.v1.html` with `st.iframe`.

`st.components.v1.html` will be removed after 2026-06-01.
2026-05-21 14:55:38.755 Please replace `use_container_width` with `width`.

`use_container_width` will be removed after 2025-12-31.

For `use_container_width=True`, use `width='stretch'`. For `use_container_width=False`, use `width='content'`.
2026-05-21 14:55:40.415 Please replace `use_container_width` with `width`.

`use_container_width` will be removed after 2025-12-31.

For `use_container_width=True`, use `width='stretch'`. For `use_container_width=False`, use `width='content'`.
2026-05-21 14:55:40.492 Please replace `use_container_width` with `width`.

`use_container_width` will be removed after 2025-12-31.

For `use_container_width=True`, use `width='stretch'`. For `use_container_width=False`, use `width='content'`.
2026-05-21 14:55:40.604 Please replace `use_container_width` with `width`.

`use_container_width` will be removed after 2025-12-31.

For `use_container_width=True`, use `width='stretch'`. For `use_container_width=False`, use `width='content'`.
2026-05-21 14:55:40.712 Please replace `st.components.v1.html` with `st.iframe`.

`st.components.v1.html` will be removed after 2026-06-01.
2026-05-21 14:55:40.854 Please replace `use_container_width` with `width`.

`use_container_width` will be removed after 2025-12-31.

For `use_container_width=True`, use `width='stretch'`. For `use_container_width=False`, use `width='content'`.
2026-05-21 14:55:42.387 Please replace `use_container_width` with `width`.

`use_container_width` will be removed after 2025-12-31.

For `use_container_width=True`, use `width='stretch'`. For `use_container_width=False`, use `width='content'`.
2026-05-21 14:55:42.491 Please replace `use_container_width` with `width`.

`use_container_width` will be removed after 2025-12-31.

For `use_container_width=True`, use `width='stretch'`. For `use_container_width=False`, use `width='content'`.
2026-05-21 14:55:42.600 Please replace `use_container_width` with `width`.

`use_container_width` will be removed after 2025-12-31.

For `use_container_width=True`, use `width='stretch'`. For `use_container_width=False`, use `width='content'`.
2026-05-21 14:55:42.668 Please replace `st.components.v1.html` with `st.iframe`.

`st.components.v1.html` will be removed after 2026-06-01.
2026-05-21 14:55:42.781 Please replace `use_container_width` with `width`.

`use_container_width` will be removed after 2025-12-31.

For `use_container_width=True`, use `width='stretch'`. For `use_container_width=False`, use `width='content'`.
2026-05-21 14:55:44.416 Please replace `use_container_width` with `width`.

`use_container_width` will be removed after 2025-12-31.

For `use_container_width=True`, use `width='stretch'`. For `use_container_width=False`, use `width='content'`.
2026-05-21 14:55:44.494 Please replace `use_container_width` with `width`.

`use_container_width` will be removed after 2025-12-31.

For `use_container_width=True`, use `width='stretch'`. For `use_container_width=False`, use `width='content'`.
2026-05-21 14:55:44.608 Please replace `use_container_width` with `width`.

`use_container_width` will be removed after 2025-12-31.

For `use_container_width=True`, use `width='stretch'`. For `use_container_width=False`, use `width='content'`.
2026-05-21 14:55:44.693 Please replace `st.components.v1.html` with `st.iframe`.

`st.components.v1.html` will be removed after 2026-06-01.
2026-05-21 14:55:44.799 Please replace `use_container_width` with `width`.

`use_container_width` will be removed after 2025-12-31.

For `use_container_width=True`, use `width='stretch'`. For `use_container_width=False`, use `width='content'`.
2026-05-21 14:55:46.381 Please replace `use_container_width` with `width`.

`use_container_width` will be removed after 2025-12-31.

For `use_container_width=True`, use `width='stretch'`. For `use_container_width=False`, use `width='content'`.
2026-05-21 14:55:46.470 Please replace `use_container_width` with `width`.

`use_container_width` will be removed after 2025-12-31.

For `use_container_width=True`, use `width='stretch'`. For `use_container_width=False`, use `width='content'`.
2026-05-21 14:55:46.562 Please replace `use_container_width` with `width`.

`use_container_width` will be removed after 2025-12-31.

For `use_container_width=True`, use `width='stretch'`. For `use_container_width=False`, use `width='content'`.
2026-05-21 14:55:46.657 Please replace `st.components.v1.html` with `st.iframe`.

`st.components.v1.html` will be removed after 2026-06-01.
2026-05-21 14:55:46.753 Please replace `use_container_width` with `width`.

`use_container_width` will be removed after 2025-12-31.

For `use_container_width=True`, use `width='stretch'`. For `use_container_width=False`, use `width='content'`.
2026-05-21 14:55:48.405 Please replace `use_container_width` with `width`.

`use_container_width` will be removed after 2025-12-31.

For `use_container_width=True`, use `width='stretch'`. For `use_container_width=False`, use `width='content'`.
2026-05-21 14:55:48.513 Please replace `use_container_width` with `width`.

`use_container_width` will be removed after 2025-12-31.

For `use_container_width=True`, use `width='stretch'`. For `use_container_width=False`, use `width='content'`.
2026-05-21 14:55:48.620 Please replace `use_container_width` with `width`.

`use_container_width` will be removed after 2025-12-31.

For `use_container_width=True`, use `width='stretch'`. For `use_container_width=False`, use `width='content'`.
2026-05-21 14:55:48.703 Please replace `st.components.v1.html` with `st.iframe`.

`st.components.v1.html` will be removed after 2026-06-01.
2026-05-21 14:55:48.782 Please replace `use_container_width` with `width`.

`use_container_width` will be removed after 2025-12-31.

For `use_container_width=True`, use `width='stretch'`. For `use_container_width=False`, use `width='content'`.
2026-05-21 14:55:50.386 Please replace `use_container_width` with `width`.

`use_container_width` will be removed after 2025-12-31.

For `use_container_width=True`, use `width='stretch'`. For `use_container_width=False`, use `width='content'`.
2026-05-21 14:55:50.498 Please replace `use_container_width` with `width`.

`use_container_width` will be removed after 2025-12-31.

For `use_container_width=True`, use `width='stretch'`. For `use_container_width=False`, use `width='content'`.
2026-05-21 14:55:50.591 Please replace `use_container_width` with `width`.

`use_container_width` will be removed after 2025-12-31.

For `use_container_width=True`, use `width='stretch'`. For `use_container_width=False`, use `width='content'`.
2026-05-21 14:55:50.673 Please replace `st.components.v1.html` with `st.iframe`.

`st.components.v1.html` will be removed after 2026-06-01.
2026-05-21 14:55:50.760 Please replace `use_container_width` with `width`.

`use_container_width` will be removed after 2025-12-31.

For `use_container_width=True`, use `width='stretch'`. For `use_container_width=False`, use `width='content'`.
2026-05-21 14:55:52.402 Please replace `use_container_width` with `width`.

`use_container_width` will be removed after 2025-12-31.

For `use_container_width=True`, use `width='stretch'`. For `use_container_width=False`, use `width='content'`.
2026-05-21 14:55:52.508 Please replace `use_container_width` with `width`.

`use_container_width` will be removed after 2025-12-31.

For `use_container_width=True`, use `width='stretch'`. For `use_container_width=False`, use `width='content'`.
2026-05-21 14:55:52.618 Please replace `use_container_width` with `width`.

`use_container_width` will be removed after 2025-12-31.

For `use_container_width=True`, use `width='stretch'`. For `use_container_width=False`, use `width='content'`.
2026-05-21 14:55:52.685 Please replace `st.components.v1.html` with `st.iframe`.

`st.components.v1.html` will be removed after 2026-06-01.
2026-05-21 14:55:52.788 Please replace `use_container_width` with `width`.

`use_container_width` will be removed after 2025-12-31.

For `use_container_width=True`, use `width='stretch'`. For `use_container_width=False`, use `width='content'`.
2026-05-21 14:55:54.384 Please replace `use_container_width` with `width`.

`use_container_width` will be removed after 2025-12-31.

For `use_container_width=True`, use `width='stretch'`. For `use_container_width=False`, use `width='content'`.
2026-05-21 14:55:54.491 Please replace `use_container_width` with `width`.

`use_container_width` will be removed after 2025-12-31.

For `use_container_width=True`, use `width='stretch'`. For `use_container_width=False`, use `width='content'`.
2026-05-21 14:55:54.587 Please replace `use_container_width` with `width`.

`use_container_width` will be removed after 2025-12-31.

For `use_container_width=True`, use `width='stretch'`. For `use_container_width=False`, use `width='content'`.
2026-05-21 14:55:54.656 Please replace `st.components.v1.html` with `st.iframe`.

`st.components.v1.html` will be removed after 2026-06-01.
2026-05-21 14:55:54.766 Please replace `use_container_width` with `width`.

`use_container_width` will be removed after 2025-12-31.

For `use_container_width=True`, use `width='stretch'`. For `use_container_width=False`, use `width='content'`.
2026-05-21 14:55:56.413 Please replace `use_container_width` with `width`.

`use_container_width` will be removed after 2025-12-31.

For `use_container_width=True`, use `width='stretch'`. For `use_container_width=False`, use `width='content'`.
2026-05-21 14:55:56.515 Please replace `use_container_width` with `width`.

`use_container_width` will be removed after 2025-12-31.

For `use_container_width=True`, use `width='stretch'`. For `use_container_width=False`, use `width='content'`.
2026-05-21 14:55:56.653 Please replace `use_container_width` with `width`.

`use_container_width` will be removed after 2025-12-31.

For `use_container_width=True`, use `width='stretch'`. For `use_container_width=False`, use `width='content'`.
2026-05-21 14:55:56.745 Please replace `st.components.v1.html` with `st.iframe`.

`st.components.v1.html` will be removed after 2026-06-01.
2026-05-21 14:55:56.842 Please replace `use_container_width` with `width`.

`use_container_width` will be removed after 2025-12-31.

For `use_container_width=True`, use `width='stretch'`. For `use_container_width=False`, use `width='content'`.
2026-05-21 14:55:58.388 Please replace `use_container_width` with `width`.

`use_container_width` will be removed after 2025-12-31.

For `use_container_width=True`, use `width='stretch'`. For `use_container_width=False`, use `width='content'`.
2026-05-21 14:55:58.492 Please replace `use_container_width` with `width`.

`use_container_width` will be removed after 2025-12-31.

For `use_container_width=True`, use `width='stretch'`. For `use_container_width=False`, use `width='content'`.
2026-05-21 14:55:58.595 Please replace `use_container_width` with `width`.

`use_container_width` will be removed after 2025-12-31.

For `use_container_width=True`, use `width='stretch'`. For `use_container_width=False`, use `width='content'`.
2026-05-21 14:55:58.669 Please replace `st.components.v1.html` with `st.iframe`.

`st.components.v1.html` will be removed after 2026-06-01.
2026-05-21 14:55:58.771 Please replace `use_container_width` with `width`.

`use_container_width` will be removed after 2025-12-31.

For `use_container_width=True`, use `width='stretch'`. For `use_container_width=False`, use `width='content'`.
2026-05-21 14:56:00.402 Please replace `use_container_width` with `width`.

`use_container_width` will be removed after 2025-12-31.

For `use_container_width=True`, use `width='stretch'`. For `use_container_width=False`, use `width='content'`.
2026-05-21 14:56:00.499 Please replace `use_container_width` with `width`.

`use_container_width` will be removed after 2025-12-31.

For `use_container_width=True`, use `width='stretch'`. For `use_container_width=False`, use `width='content'`.
2026-05-21 14:56:00.616 Please replace `use_container_width` with `width`.

`use_container_width` will be removed after 2025-12-31.

For `use_container_width=True`, use `width='stretch'`. For `use_container_width=False`, use `width='content'`.
2026-05-21 14:56:00.693 Please replace `st.components.v1.html` with `st.iframe`.

`st.components.v1.html` will be removed after 2026-06-01.
2026-05-21 14:56:00.793 Please replace `use_container_width` with `width`.

`use_container_width` will be removed after 2025-12-31.

For `use_container_width=True`, use `width='stretch'`. For `use_container_width=False`, use `width='content'`.
2026-05-21 14:56:02.383 Please replace `use_container_width` with `width`.

`use_container_width` will be removed after 2025-12-31.

For `use_container_width=True`, use `width='stretch'`. For `use_container_width=False`, use `width='content'`.
2026-05-21 14:56:02.472 Please replace `use_container_width` with `width`.

`use_container_width` will be removed after 2025-12-31.

For `use_container_width=True`, use `width='stretch'`. For `use_container_width=False`, use `width='content'`.
2026-05-21 14:56:02.574 Please replace `use_container_width` with `width`.

`use_container_width` will be removed after 2025-12-31.

For `use_container_width=True`, use `width='stretch'`. For `use_container_width=False`, use `width='content'`.
2026-05-21 14:56:02.659 Please replace `st.components.v1.html` with `st.iframe`.

`st.components.v1.html` will be removed after 2026-06-01.
2026-05-21 14:56:02.748 Please replace `use_container_width` with `width`.

`use_container_width` will be removed after 2025-12-31.

For `use_container_width=True`, use `width='stretch'`. For `use_container_width=False`, use `width='content'`.
2026-05-21 14:56:04.402 Please replace `use_container_width` with `width`.

`use_container_width` will be removed after 2025-12-31.

For `use_container_width=True`, use `width='stretch'`. For `use_container_width=False`, use `width='content'`.
2026-05-21 14:56:04.499 Please replace `use_container_width` with `width`.

`use_container_width` will be removed after 2025-12-31.

For `use_container_width=True`, use `width='stretch'`. For `use_container_width=False`, use `width='content'`.
2026-05-21 14:56:04.593 Please replace `use_container_width` with `width`.

`use_container_width` will be removed after 2025-12-31.

For `use_container_width=True`, use `width='stretch'`. For `use_container_width=False`, use `width='content'`.
2026-05-21 14:56:04.665 Please replace `st.components.v1.html` with `st.iframe`.

`st.components.v1.html` will be removed after 2026-06-01.
2026-05-21 14:56:04.759 Please replace `use_container_width` with `width`.

`use_container_width` will be removed after 2025-12-31.

For `use_container_width=True`, use `width='stretch'`. For `use_container_width=False`, use `width='content'`.
2026-05-21 14:56:06.380 Please replace `use_container_width` with `width`.

`use_container_width` will be removed after 2025-12-31.

For `use_container_width=True`, use `width='stretch'`. For `use_container_width=False`, use `width='content'`.
2026-05-21 14:56:06.484 Please replace `use_container_width` with `width`.

`use_container_width` will be removed after 2025-12-31.

For `use_container_width=True`, use `width='stretch'`. For `use_container_width=False`, use `width='content'`.
2026-05-21 14:56:06.588 Please replace `use_container_width` with `width`.

`use_container_width` will be removed after 2025-12-31.

For `use_container_width=True`, use `width='stretch'`. For `use_container_width=False`, use `width='content'`.
2026-05-21 14:56:06.671 Please replace `st.components.v1.html` with `st.iframe`.

`st.components.v1.html` will be removed after 2026-06-01.
2026-05-21 14:56:06.767 Please replace `use_container_width` with `width`.

`use_container_width` will be removed after 2025-12-31.

For `use_container_width=True`, use `width='stretch'`. For `use_container_width=False`, use `width='content'`.
2026-05-21 14:56:08.409 Please replace `use_container_width` with `width`.

`use_container_width` will be removed after 2025-12-31.

For `use_container_width=True`, use `width='stretch'`. For `use_container_width=False`, use `width='content'`.
2026-05-21 14:56:08.516 Please replace `use_container_width` with `width`.

`use_container_width` will be removed after 2025-12-31.

For `use_container_width=True`, use `width='stretch'`. For `use_container_width=False`, use `width='content'`.
2026-05-21 14:56:08.623 Please replace `use_container_width` with `width`.

`use_container_width` will be removed after 2025-12-31.

For `use_container_width=True`, use `width='stretch'`. For `use_container_width=False`, use `width='content'`.
2026-05-21 14:56:08.693 Please replace `st.components.v1.html` with `st.iframe`.

`st.components.v1.html` will be removed after 2026-06-01.
2026-05-21 14:56:08.792 Please replace `use_container_width` with `width`.

`use_container_width` will be removed after 2025-12-31.

For `use_container_width=True`, use `width='stretch'`. For `use_container_width=False`, use `width='content'`.
2026-05-21 14:56:10.384 Please replace `use_container_width` with `width`.

`use_container_width` will be removed after 2025-12-31.

For `use_container_width=True`, use `width='stretch'`. For `use_container_width=False`, use `width='content'`.
2026-05-21 14:56:10.470 Please replace `use_container_width` with `width`.

`use_container_width` will be removed after 2025-12-31.

For `use_container_width=True`, use `width='stretch'`. For `use_container_width=False`, use `width='content'`.
2026-05-21 14:56:10.593 Please replace `use_container_width` with `width`.

`use_container_width` will be removed after 2025-12-31.

For `use_container_width=True`, use `width='stretch'`. For `use_container_width=False`, use `width='content'`.
2026-05-21 14:56:10.663 Please replace `st.components.v1.html` with `st.iframe`.

`st.components.v1.html` will be removed after 2026-06-01.
2026-05-21 14:56:10.764 Please replace `use_container_width` with `width`.

`use_container_width` will be removed after 2025-12-31.

For `use_container_width=True`, use `width='stretch'`. For `use_container_width=False`, use `width='content'`.
2026-05-21 14:56:12.463 Please replace `use_container_width` with `width`.

`use_container_width` will be removed after 2025-12-31.

For `use_container_width=True`, use `width='stretch'`. For `use_container_width=False`, use `width='content'`.
2026-05-21 14:56:12.557 Please replace `use_container_width` with `width`.

`use_container_width` will be removed after 2025-12-31.

For `use_container_width=True`, use `width='stretch'`. For `use_container_width=False`, use `width='content'`.
2026-05-21 14:56:12.666 Please replace `use_container_width` with `width`.

`use_container_width` will be removed after 2025-12-31.

For `use_container_width=True`, use `width='stretch'`. For `use_container_width=False`, use `width='content'`.
2026-05-21 14:56:12.749 Please replace `st.components.v1.html` with `st.iframe`.

`st.components.v1.html` will be removed after 2026-06-01.
2026-05-21 14:56:12.859 Please replace `use_container_width` with `width`.

`use_container_width` will be removed after 2025-12-31.

For `use_container_width=True`, use `width='stretch'`. For `use_container_width=False`, use `width='content'`.
2026-05-21 14:56:14.382 Please replace `use_container_width` with `width`.

`use_container_width` will be removed after 2025-12-31.

For `use_container_width=True`, use `width='stretch'`. For `use_container_width=False`, use `width='content'`.
2026-05-21 14:56:14.482 Please replace `use_container_width` with `width`.

`use_container_width` will be removed after 2025-12-31.

For `use_container_width=True`, use `width='stretch'`. For `use_container_width=False`, use `width='content'`.
2026-05-21 14:56:14.594 Please replace `use_container_width` with `width`.

`use_container_width` will be removed after 2025-12-31.

For `use_container_width=True`, use `width='stretch'`. For `use_container_width=False`, use `width='content'`.
2026-05-21 14:56:14.684 Please replace `st.components.v1.html` with `st.iframe`.

`st.components.v1.html` will be removed after 2026-06-01.
2026-05-21 14:56:14.783 Please replace `use_container_width` with `width`.

`use_container_width` will be removed after 2025-12-31.

For `use_container_width=True`, use `width='stretch'`. For `use_container_width=False`, use `width='content'`.
2026-05-21 14:56:16.404 Please replace `use_container_width` with `width`.

`use_container_width` will be removed after 2025-12-31.

For `use_container_width=True`, use `width='stretch'`. For `use_container_width=False`, use `width='content'`.
2026-05-21 14:56:16.509 Please replace `use_container_width` with `width`.

`use_container_width` will be removed after 2025-12-31.

For `use_container_width=True`, use `width='stretch'`. For `use_container_width=False`, use `width='content'`.
2026-05-21 14:56:16.611 Please replace `use_container_width` with `width`.

`use_container_width` will be removed after 2025-12-31.

For `use_container_width=True`, use `width='stretch'`. For `use_container_width=False`, use `width='content'`.
2026-05-21 14:56:16.677 Please replace `st.components.v1.html` with `st.iframe`.

`st.components.v1.html` will be removed after 2026-06-01.
2026-05-21 14:56:16.784 Please replace `use_container_width` with `width`.

`use_container_width` will be removed after 2025-12-31.

For `use_container_width=True`, use `width='stretch'`. For `use_container_width=False`, use `width='content'`.
2026-05-21 14:56:18.399 Please replace `use_container_width` with `width`.

`use_container_width` will be removed after 2025-12-31.

For `use_container_width=True`, use `width='stretch'`. For `use_container_width=False`, use `width='content'`.
2026-05-21 14:56:18.496 Please replace `use_container_width` with `width`.

`use_container_width` will be removed after 2025-12-31.

For `use_container_width=True`, use `width='stretch'`. For `use_container_width=False`, use `width='content'`.
2026-05-21 14:56:18.620 Please replace `use_container_width` with `width`.

`use_container_width` will be removed after 2025-12-31.

For `use_container_width=True`, use `width='stretch'`. For `use_container_width=False`, use `width='content'`.
2026-05-21 14:56:18.695 Please replace `st.components.v1.html` with `st.iframe`.

`st.components.v1.html` will be removed after 2026-06-01.
2026-05-21 14:56:18.799 Please replace `use_container_width` with `width`.

`use_container_width` will be removed after 2025-12-31.

For `use_container_width=True`, use `width='stretch'`. For `use_container_width=False`, use `width='content'`.
2026-05-21 14:56:20.402 Please replace `use_container_width` with `width`.

`use_container_width` will be removed after 2025-12-31.

For `use_container_width=True`, use `width='stretch'`. For `use_container_width=False`, use `width='content'`.
2026-05-21 14:56:20.512 Please replace `use_container_width` with `width`.

`use_container_width` will be removed after 2025-12-31.

For `use_container_width=True`, use `width='stretch'`. For `use_container_width=False`, use `width='content'`.
2026-05-21 14:56:20.634 Please replace `use_container_width` with `width`.

`use_container_width` will be removed after 2025-12-31.

For `use_container_width=True`, use `width='stretch'`. For `use_container_width=False`, use `width='content'`.
2026-05-21 14:56:20.720 Please replace `st.components.v1.html` with `st.iframe`.

`st.components.v1.html` will be removed after 2026-06-01.
2026-05-21 14:56:20.810 Please replace `use_container_width` with `width`.

`use_container_width` will be removed after 2025-12-31.

For `use_container_width=True`, use `width='stretch'`. For `use_container_width=False`, use `width='content'`.
2026-05-21 14:56:22.380 Please replace `use_container_width` with `width`.

`use_container_width` will be removed after 2025-12-31.

For `use_container_width=True`, use `width='stretch'`. For `use_container_width=False`, use `width='content'`.
2026-05-21 14:56:22.485 Please replace `use_container_width` with `width`.

`use_container_width` will be removed after 2025-12-31.

For `use_container_width=True`, use `width='stretch'`. For `use_container_width=False`, use `width='content'`.
2026-05-21 14:56:22.592 Please replace `use_container_width` with `width`.

`use_container_width` will be removed after 2025-12-31.

For `use_container_width=True`, use `width='stretch'`. For `use_container_width=False`, use `width='content'`.
2026-05-21 14:56:22.679 Please replace `st.components.v1.html` with `st.iframe`.

`st.components.v1.html` will be removed after 2026-06-01.
2026-05-21 14:56:22.771 Please replace `use_container_width` with `width`.

`use_container_width` will be removed after 2025-12-31.

For `use_container_width=True`, use `width='stretch'`. For `use_container_width=False`, use `width='content'`.
2026-05-21 14:56:24.400 Please replace `use_container_width` with `width`.

`use_container_width` will be removed after 2025-12-31.

For `use_container_width=True`, use `width='stretch'`. For `use_container_width=False`, use `width='content'`.
2026-05-21 14:56:24.521 Please replace `use_container_width` with `width`.

`use_container_width` will be removed after 2025-12-31.

For `use_container_width=True`, use `width='stretch'`. For `use_container_width=False`, use `width='content'`.
2026-05-21 14:56:24.622 Please replace `use_container_width` with `width`.

`use_container_width` will be removed after 2025-12-31.

For `use_container_width=True`, use `width='stretch'`. For `use_container_width=False`, use `width='content'`.
2026-05-21 14:56:24.697 Please replace `st.components.v1.html` with `st.iframe`.

`st.components.v1.html` will be removed after 2026-06-01.
2026-05-21 14:56:24.808 Please replace `use_container_width` with `width`.

`use_container_width` will be removed after 2025-12-31.

For `use_container_width=True`, use `width='stretch'`. For `use_container_width=False`, use `width='content'`.
2026-05-21 14:56:26.379 Please replace `use_container_width` with `width`.

`use_container_width` will be removed after 2025-12-31.

For `use_container_width=True`, use `width='stretch'`. For `use_container_width=False`, use `width='content'`.
2026-05-21 14:56:26.477 Please replace `use_container_width` with `width`.

`use_container_width` will be removed after 2025-12-31.

For `use_container_width=True`, use `width='stretch'`. For `use_container_width=False`, use `width='content'`.
2026-05-21 14:56:26.595 Please replace `use_container_width` with `width`.

`use_container_width` will be removed after 2025-12-31.

For `use_container_width=True`, use `width='stretch'`. For `use_container_width=False`, use `width='content'`.
2026-05-21 14:56:26.693 Please replace `st.components.v1.html` with `st.iframe`.

`st.components.v1.html` will be removed after 2026-06-01.
2026-05-21 14:56:26.785 Please replace `use_container_width` with `width`.

`use_container_width` will be removed after 2025-12-31.

For `use_container_width=True`, use `width='stretch'`. For `use_container_width=False`, use `width='content'`.
2026-05-21 14:56:28.399 Please replace `use_container_width` with `width`.

`use_container_width` will be removed after 2025-12-31.

For `use_container_width=True`, use `width='stretch'`. For `use_container_width=False`, use `width='content'`.
2026-05-21 14:56:28.509 Please replace `use_container_width` with `width`.

`use_container_width` will be removed after 2025-12-31.

For `use_container_width=True`, use `width='stretch'`. For `use_container_width=False`, use `width='content'`.
2026-05-21 14:56:28.619 Please replace `use_container_width` with `width`.

`use_container_width` will be removed after 2025-12-31.

For `use_container_width=True`, use `width='stretch'`. For `use_container_width=False`, use `width='content'`.
2026-05-21 14:56:28.698 Please replace `st.components.v1.html` with `st.iframe`.

`st.components.v1.html` will be removed after 2026-06-01.
2026-05-21 14:56:28.801 Please replace `use_container_width` with `width`.

`use_container_width` will be removed after 2025-12-31.

For `use_container_width=True`, use `width='stretch'`. For `use_container_width=False`, use `width='content'`.
2026-05-21 14:56:30.397 Please replace `use_container_width` with `width`.

`use_container_width` will be removed after 2025-12-31.

For `use_container_width=True`, use `width='stretch'`. For `use_container_width=False`, use `width='content'`.
2026-05-21 14:56:30.476 Please replace `use_container_width` with `width`.

`use_container_width` will be removed after 2025-12-31.

For `use_container_width=True`, use `width='stretch'`. For `use_container_width=False`, use `width='content'`.
2026-05-21 14:56:30.577 Please replace `use_container_width` with `width`.

`use_container_width` will be removed after 2025-12-31.

For `use_container_width=True`, use `width='stretch'`. For `use_container_width=False`, use `width='content'`.
2026-05-21 14:56:30.679 Please replace `st.components.v1.html` with `st.iframe`.

`st.components.v1.html` will be removed after 2026-06-01.
2026-05-21 14:56:30.768 Please replace `use_container_width` with `width`.

`use_container_width` will be removed after 2025-12-31.

For `use_container_width=True`, use `width='stretch'`. For `use_container_width=False`, use `width='content'`.
2026-05-21 14:56:32.404 Please replace `use_container_width` with `width`.

`use_container_width` will be removed after 2025-12-31.

For `use_container_width=True`, use `width='stretch'`. For `use_container_width=False`, use `width='content'`.
2026-05-21 14:56:32.505 Please replace `use_container_width` with `width`.

`use_container_width` will be removed after 2025-12-31.

For `use_container_width=True`, use `width='stretch'`. For `use_container_width=False`, use `width='content'`.
2026-05-21 14:56:32.628 Please replace `use_container_width` with `width`.

`use_container_width` will be removed after 2025-12-31.

For `use_container_width=True`, use `width='stretch'`. For `use_container_width=False`, use `width='content'`.
2026-05-21 14:56:32.693 Please replace `st.components.v1.html` with `st.iframe`.

`st.components.v1.html` will be removed after 2026-06-01.
2026-05-21 14:56:32.784 Please replace `use_container_width` with `width`.

`use_container_width` will be removed after 2025-12-31.

For `use_container_width=True`, use `width='stretch'`. For `use_container_width=False`, use `width='content'`.
2026-05-21 14:56:34.384 Please replace `use_container_width` with `width`.

`use_container_width` will be removed after 2025-12-31.

For `use_container_width=True`, use `width='stretch'`. For `use_container_width=False`, use `width='content'`.
2026-05-21 14:56:34.477 Please replace `use_container_width` with `width`.

`use_container_width` will be removed after 2025-12-31.

For `use_container_width=True`, use `width='stretch'`. For `use_container_width=False`, use `width='content'`.
2026-05-21 14:56:34.578 Please replace `use_container_width` with `width`.

`use_container_width` will be removed after 2025-12-31.

For `use_container_width=True`, use `width='stretch'`. For `use_container_width=False`, use `width='content'`.
2026-05-21 14:56:34.669 Please replace `st.components.v1.html` with `st.iframe`.

`st.components.v1.html` will be removed after 2026-06-01.
2026-05-21 14:56:34.762 Please replace `use_container_width` with `width`.

`use_container_width` will be removed after 2025-12-31.

For `use_container_width=True`, use `width='stretch'`. For `use_container_width=False`, use `width='content'`.
2026-05-21 14:56:36.406 Please replace `use_container_width` with `width`.

`use_container_width` will be removed after 2025-12-31.

For `use_container_width=True`, use `width='stretch'`. For `use_container_width=False`, use `width='content'`.
2026-05-21 14:56:36.516 Please replace `use_container_width` with `width`.

`use_container_width` will be removed after 2025-12-31.

For `use_container_width=True`, use `width='stretch'`. For `use_container_width=False`, use `width='content'`.
2026-05-21 14:56:36.636 Please replace `use_container_width` with `width`.

`use_container_width` will be removed after 2025-12-31.

For `use_container_width=True`, use `width='stretch'`. For `use_container_width=False`, use `width='content'`.
2026-05-21 14:56:36.725 Please replace `st.components.v1.html` with `st.iframe`.

`st.components.v1.html` will be removed after 2026-06-01.
2026-05-21 14:56:36.797 Please replace `use_container_width` with `width`.

`use_container_width` will be removed after 2025-12-31.

For `use_container_width=True`, use `width='stretch'`. For `use_container_width=False`, use `width='content'`.
2026-05-21 14:56:38.380 Please replace `use_container_width` with `width`.

`use_container_width` will be removed after 2025-12-31.

For `use_container_width=True`, use `width='stretch'`. For `use_container_width=False`, use `width='content'`.
2026-05-21 14:56:38.480 Please replace `use_container_width` with `width`.

`use_container_width` will be removed after 2025-12-31.

For `use_container_width=True`, use `width='stretch'`. For `use_container_width=False`, use `width='content'`.
2026-05-21 14:56:38.594 Please replace `use_container_width` with `width`.

`use_container_width` will be removed after 2025-12-31.

For `use_container_width=True`, use `width='stretch'`. For `use_container_width=False`, use `width='content'`.
2026-05-21 14:56:38.691 Please replace `st.components.v1.html` with `st.iframe`.

`st.components.v1.html` will be removed after 2026-06-01.
2026-05-21 14:56:38.782 Please replace `use_container_width` with `width`.

`use_container_width` will be removed after 2025-12-31.

For `use_container_width=True`, use `width='stretch'`. For `use_container_width=False`, use `width='content'`.
2026-05-21 14:56:40.403 Please replace `use_container_width` with `width`.

`use_container_width` will be removed after 2025-12-31.

For `use_container_width=True`, use `width='stretch'`. For `use_container_width=False`, use `width='content'`.
2026-05-21 14:56:40.490 Please replace `use_container_width` with `width`.

`use_container_width` will be removed after 2025-12-31.

For `use_container_width=True`, use `width='stretch'`. For `use_container_width=False`, use `width='content'`.
2026-05-21 14:56:40.600 Please replace `use_container_width` with `width`.

`use_container_width` will be removed after 2025-12-31.

For `use_container_width=True`, use `width='stretch'`. For `use_container_width=False`, use `width='content'`.
2026-05-21 14:56:40.670 Please replace `st.components.v1.html` with `st.iframe`.

`st.components.v1.html` will be removed after 2026-06-01.
2026-05-21 14:56:40.772 Please replace `use_container_width` with `width`.

`use_container_width` will be removed after 2025-12-31.

For `use_container_width=True`, use `width='stretch'`. For `use_container_width=False`, use `width='content'`.
2026-05-21 14:56:42.397 Please replace `use_container_width` with `width`.

`use_container_width` will be removed after 2025-12-31.

For `use_container_width=True`, use `width='stretch'`. For `use_container_width=False`, use `width='content'`.
2026-05-21 14:56:42.474 Please replace `use_container_width` with `width`.

`use_container_width` will be removed after 2025-12-31.

For `use_container_width=True`, use `width='stretch'`. For `use_container_width=False`, use `width='content'`.
2026-05-21 14:56:42.566 Please replace `use_container_width` with `width`.

`use_container_width` will be removed after 2025-12-31.

For `use_container_width=True`, use `width='stretch'`. For `use_container_width=False`, use `width='content'`.
2026-05-21 14:56:42.653 Please replace `st.components.v1.html` with `st.iframe`.

`st.components.v1.html` will be removed after 2026-06-01.
2026-05-21 14:56:42.740 Please replace `use_container_width` with `width`.

`use_container_width` will be removed after 2025-12-31.

For `use_container_width=True`, use `width='stretch'`. For `use_container_width=False`, use `width='content'`.
2026-05-21 14:56:44.405 Please replace `use_container_width` with `width`.

`use_container_width` will be removed after 2025-12-31.

For `use_container_width=True`, use `width='stretch'`. For `use_container_width=False`, use `width='content'`.
2026-05-21 14:56:44.503 Please replace `use_container_width` with `width`.

`use_container_width` will be removed after 2025-12-31.

For `use_container_width=True`, use `width='stretch'`. For `use_container_width=False`, use `width='content'`.
2026-05-21 14:56:44.606 Please replace `use_container_width` with `width`.

`use_container_width` will be removed after 2025-12-31.

For `use_container_width=True`, use `width='stretch'`. For `use_container_width=False`, use `width='content'`.
2026-05-21 14:56:44.674 Please replace `st.components.v1.html` with `st.iframe`.

`st.components.v1.html` will be removed after 2026-06-01.
2026-05-21 14:56:44.771 Please replace `use_container_width` with `width`.

`use_container_width` will be removed after 2025-12-31.

For `use_container_width=True`, use `width='stretch'`. For `use_container_width=False`, use `width='content'`.
2026-05-21 14:56:46.384 Please replace `use_container_width` with `width`.

`use_container_width` will be removed after 2025-12-31.

For `use_container_width=True`, use `width='stretch'`. For `use_container_width=False`, use `width='content'`.
2026-05-21 14:56:46.487 Please replace `use_container_width` with `width`.

`use_container_width` will be removed after 2025-12-31.

For `use_container_width=True`, use `width='stretch'`. For `use_container_width=False`, use `width='content'`.
2026-05-21 14:56:46.578 Please replace `use_container_width` with `width`.

`use_container_width` will be removed after 2025-12-31.

For `use_container_width=True`, use `width='stretch'`. For `use_container_width=False`, use `width='content'`.
2026-05-21 14:56:46.660 Please replace `st.components.v1.html` with `st.iframe`.

`st.components.v1.html` will be removed after 2026-06-01.
2026-05-21 14:56:46.764 Please replace `use_container_width` with `width`.

`use_container_width` will be removed after 2025-12-31.

For `use_container_width=True`, use `width='stretch'`. For `use_container_width=False`, use `width='content'`.
2026-05-21 14:56:48.404 Please replace `use_container_width` with `width`.

`use_container_width` will be removed after 2025-12-31.

For `use_container_width=True`, use `width='stretch'`. For `use_container_width=False`, use `width='content'`.
2026-05-21 14:56:48.520 Please replace `use_container_width` with `width`.

`use_container_width` will be removed after 2025-12-31.

For `use_container_width=True`, use `width='stretch'`. For `use_container_width=False`, use `width='content'`.
2026-05-21 14:56:48.628 Please replace `use_container_width` with `width`.

`use_container_width` will be removed after 2025-12-31.

For `use_container_width=True`, use `width='stretch'`. For `use_container_width=False`, use `width='content'`.
2026-05-21 14:56:48.709 Please replace `st.components.v1.html` with `st.iframe`.

`st.components.v1.html` will be removed after 2026-06-01.
2026-05-21 14:56:48.794 Please replace `use_container_width` with `width`.

`use_container_width` will be removed after 2025-12-31.

For `use_container_width=True`, use `width='stretch'`. For `use_container_width=False`, use `width='content'`.
2026-05-21 14:56:50.381 Please replace `use_container_width` with `width`.

`use_container_width` will be removed after 2025-12-31.

For `use_container_width=True`, use `width='stretch'`. For `use_container_width=False`, use `width='content'`.
2026-05-21 14:56:50.481 Please replace `use_container_width` with `width`.

`use_container_width` will be removed after 2025-12-31.

For `use_container_width=True`, use `width='stretch'`. For `use_container_width=False`, use `width='content'`.
2026-05-21 14:56:50.585 Please replace `use_container_width` with `width`.

`use_container_width` will be removed after 2025-12-31.

For `use_container_width=True`, use `width='stretch'`. For `use_container_width=False`, use `width='content'`.
2026-05-21 14:56:50.671 Please replace `st.components.v1.html` with `st.iframe`.

`st.components.v1.html` will be removed after 2026-06-01.
2026-05-21 14:56:50.765 Please replace `use_container_width` with `width`.

`use_container_width` will be removed after 2025-12-31.

For `use_container_width=True`, use `width='stretch'`. For `use_container_width=False`, use `width='content'`.
2026-05-21 14:56:52.408 Please replace `use_container_width` with `width`.

`use_container_width` will be removed after 2025-12-31.

For `use_container_width=True`, use `width='stretch'`. For `use_container_width=False`, use `width='content'`.
2026-05-21 14:56:52.514 Please replace `use_container_width` with `width`.

`use_container_width` will be removed after 2025-12-31.

For `use_container_width=True`, use `width='stretch'`. For `use_container_width=False`, use `width='content'`.
2026-05-21 14:56:52.617 Please replace `use_container_width` with `width`.

`use_container_width` will be removed after 2025-12-31.

For `use_container_width=True`, use `width='stretch'`. For `use_container_width=False`, use `width='content'`.
2026-05-21 14:56:52.675 Please replace `st.components.v1.html` with `st.iframe`.

`st.components.v1.html` will be removed after 2026-06-01.
2026-05-21 14:56:52.785 Please replace `use_container_width` with `width`.

`use_container_width` will be removed after 2025-12-31.

For `use_container_width=True`, use `width='stretch'`. For `use_container_width=False`, use `width='content'`.
2026-05-21 14:56:54.452 Please replace `use_container_width` with `width`.

`use_container_width` will be removed after 2025-12-31.

For `use_container_width=True`, use `width='stretch'`. For `use_container_width=False`, use `width='content'`.
2026-05-21 14:56:54.553 Please replace `use_container_width` with `width`.

`use_container_width` will be removed after 2025-12-31.

For `use_container_width=True`, use `width='stretch'`. For `use_container_width=False`, use `width='content'`.
2026-05-21 14:56:54.658 Please replace `use_container_width` with `width`.

`use_container_width` will be removed after 2025-12-31.

For `use_container_width=True`, use `width='stretch'`. For `use_container_width=False`, use `width='content'`.
2026-05-21 14:56:54.733 Please replace `st.components.v1.html` with `st.iframe`.

`st.components.v1.html` will be removed after 2026-06-01.
2026-05-21 14:56:54.832 Please replace `use_container_width` with `width`.

`use_container_width` will be removed after 2025-12-31.

For `use_container_width=True`, use `width='stretch'`. For `use_container_width=False`, use `width='content'`.
2026-05-21 14:56:56.406 Please replace `use_container_width` with `width`.

`use_container_width` will be removed after 2025-12-31.

For `use_container_width=True`, use `width='stretch'`. For `use_container_width=False`, use `width='content'`.
2026-05-21 14:56:56.499 Please replace `use_container_width` with `width`.

`use_container_width` will be removed after 2025-12-31.

For `use_container_width=True`, use `width='stretch'`. For `use_container_width=False`, use `width='content'`.
2026-05-21 14:56:56.606 Please replace `use_container_width` with `width`.

`use_container_width` will be removed after 2025-12-31.

For `use_container_width=True`, use `width='stretch'`. For `use_container_width=False`, use `width='content'`.
2026-05-21 14:56:56.685 Please replace `st.components.v1.html` with `st.iframe`.

`st.components.v1.html` will be removed after 2026-06-01.
2026-05-21 14:56:56.794 Please replace `use_container_width` with `width`.

`use_container_width` will be removed after 2025-12-31.

For `use_container_width=True`, use `width='stretch'`. For `use_container_width=False`, use `width='content'`.
2026-05-21 14:56:58.380 Please replace `use_container_width` with `width`.

`use_container_width` will be removed after 2025-12-31.

For `use_container_width=True`, use `width='stretch'`. For `use_container_width=False`, use `width='content'`.
2026-05-21 14:56:58.491 Please replace `use_container_width` with `width`.

`use_container_width` will be removed after 2025-12-31.

For `use_container_width=True`, use `width='stretch'`. For `use_container_width=False`, use `width='content'`.
2026-05-21 14:56:58.598 Please replace `use_container_width` with `width`.

`use_container_width` will be removed after 2025-12-31.

For `use_container_width=True`, use `width='stretch'`. For `use_container_width=False`, use `width='content'`.
2026-05-21 14:56:58.683 Please replace `st.components.v1.html` with `st.iframe`.

`st.components.v1.html` will be removed after 2026-06-01.
2026-05-21 14:56:58.771 Please replace `use_container_width` with `width`.

`use_container_width` will be removed after 2025-12-31.

For `use_container_width=True`, use `width='stretch'`. For `use_container_width=False`, use `width='content'`.
2026-05-21 14:57:00.401 Please replace `use_container_width` with `width`.

`use_container_width` will be removed after 2025-12-31.

For `use_container_width=True`, use `width='stretch'`. For `use_container_width=False`, use `width='content'`.
2026-05-21 14:57:00.502 Please replace `use_container_width` with `width`.

`use_container_width` will be removed after 2025-12-31.

For `use_container_width=True`, use `width='stretch'`. For `use_container_width=False`, use `width='content'`.
2026-05-21 14:57:00.610 Please replace `use_container_width` with `width`.

`use_container_width` will be removed after 2025-12-31.

For `use_container_width=True`, use `width='stretch'`. For `use_container_width=False`, use `width='content'`.
2026-05-21 14:57:00.694 Please replace `st.components.v1.html` with `st.iframe`.

`st.components.v1.html` will be removed after 2026-06-01.
2026-05-21 14:57:00.801 Please replace `use_container_width` with `width`.

`use_container_width` will be removed after 2025-12-31.

For `use_container_width=True`, use `width='stretch'`. For `use_container_width=False`, use `width='content'`.
2026-05-21 14:57:02.386 Please replace `use_container_width` with `width`.

`use_container_width` will be removed after 2025-12-31.

For `use_container_width=True`, use `width='stretch'`. For `use_container_width=False`, use `width='content'`.
2026-05-21 14:57:02.482 Please replace `use_container_width` with `width`.

`use_container_width` will be removed after 2025-12-31.

For `use_container_width=True`, use `width='stretch'`. For `use_container_width=False`, use `width='content'`.
2026-05-21 14:57:02.601 Please replace `use_container_width` with `width`.

`use_container_width` will be removed after 2025-12-31.

For `use_container_width=True`, use `width='stretch'`. For `use_container_width=False`, use `width='content'`.
2026-05-21 14:57:02.699 Please replace `st.components.v1.html` with `st.iframe`.

`st.components.v1.html` will be removed after 2026-06-01.
2026-05-21 14:57:02.787 Please replace `use_container_width` with `width`.

`use_container_width` will be removed after 2025-12-31.

For `use_container_width=True`, use `width='stretch'`. For `use_container_width=False`, use `width='content'`.
2026-05-21 14:57:04.401 Please replace `use_container_width` with `width`.

`use_container_width` will be removed after 2025-12-31.

For `use_container_width=True`, use `width='stretch'`. For `use_container_width=False`, use `width='content'`.
2026-05-21 14:57:04.506 Please replace `use_container_width` with `width`.

`use_container_width` will be removed after 2025-12-31.

For `use_container_width=True`, use `width='stretch'`. For `use_container_width=False`, use `width='content'`.
2026-05-21 14:57:04.605 Please replace `use_container_width` with `width`.

`use_container_width` will be removed after 2025-12-31.

For `use_container_width=True`, use `width='stretch'`. For `use_container_width=False`, use `width='content'`.
2026-05-21 14:57:04.690 Please replace `st.components.v1.html` with `st.iframe`.

`st.components.v1.html` will be removed after 2026-06-01.
2026-05-21 14:57:04.784 Please replace `use_container_width` with `width`.

`use_container_width` will be removed after 2025-12-31.

For `use_container_width=True`, use `width='stretch'`. For `use_container_width=False`, use `width='content'`.
2026-05-21 14:57:06.381 Please replace `use_container_width` with `width`.

`use_container_width` will be removed after 2025-12-31.

For `use_container_width=True`, use `width='stretch'`. For `use_container_width=False`, use `width='content'`.
2026-05-21 14:57:06.479 Please replace `use_container_width` with `width`.

`use_container_width` will be removed after 2025-12-31.

For `use_container_width=True`, use `width='stretch'`. For `use_container_width=False`, use `width='content'`.
2026-05-21 14:57:06.586 Please replace `use_container_width` with `width`.

`use_container_width` will be removed after 2025-12-31.

For `use_container_width=True`, use `width='stretch'`. For `use_container_width=False`, use `width='content'`.
2026-05-21 14:57:06.682 Please replace `st.components.v1.html` with `st.iframe`.

`st.components.v1.html` will be removed after 2026-06-01.
2026-05-21 14:57:06.784 Please replace `use_container_width` with `width`.

`use_container_width` will be removed after 2025-12-31.

For `use_container_width=True`, use `width='stretch'`. For `use_container_width=False`, use `width='content'`.
2026-05-21 14:57:08.406 Please replace `use_container_width` with `width`.

`use_container_width` will be removed after 2025-12-31.

For `use_container_width=True`, use `width='stretch'`. For `use_container_width=False`, use `width='content'`.
2026-05-21 14:57:08.512 Please replace `use_container_width` with `width`.

`use_container_width` will be removed after 2025-12-31.

For `use_container_width=True`, use `width='stretch'`. For `use_container_width=False`, use `width='content'`.
2026-05-21 14:57:08.620 Please replace `use_container_width` with `width`.

`use_container_width` will be removed after 2025-12-31.

For `use_container_width=True`, use `width='stretch'`. For `use_container_width=False`, use `width='content'`.
2026-05-21 14:57:08.696 Please replace `st.components.v1.html` with `st.iframe`.

`st.components.v1.html` will be removed after 2026-06-01.
2026-05-21 14:57:08.802 Please replace `use_container_width` with `width`.

`use_container_width` will be removed after 2025-12-31.

For `use_container_width=True`, use `width='stretch'`. For `use_container_width=False`, use `width='content'`.
2026-05-21 14:57:10.383 Please replace `use_container_width` with `width`.

`use_container_width` will be removed after 2025-12-31.

For `use_container_width=True`, use `width='stretch'`. For `use_container_width=False`, use `width='content'`.
2026-05-21 14:57:10.488 Please replace `use_container_width` with `width`.

`use_container_width` will be removed after 2025-12-31.

For `use_container_width=True`, use `width='stretch'`. For `use_container_width=False`, use `width='content'`.
2026-05-21 14:57:10.583 Please replace `use_container_width` with `width`.

`use_container_width` will be removed after 2025-12-31.

For `use_container_width=True`, use `width='stretch'`. For `use_container_width=False`, use `width='content'`.
2026-05-21 14:57:10.668 Please replace `st.components.v1.html` with `st.iframe`.

`st.components.v1.html` will be removed after 2026-06-01.
2026-05-21 14:57:10.770 Please replace `use_container_width` with `width`.

`use_container_width` will be removed after 2025-12-31.

For `use_container_width=True`, use `width='stretch'`. For `use_container_width=False`, use `width='content'`.
2026-05-21 14:57:12.403 Please replace `use_container_width` with `width`.

`use_container_width` will be removed after 2025-12-31.

For `use_container_width=True`, use `width='stretch'`. For `use_container_width=False`, use `width='content'`.
2026-05-21 14:57:12.512 Please replace `use_container_width` with `width`.

`use_container_width` will be removed after 2025-12-31.

For `use_container_width=True`, use `width='stretch'`. For `use_container_width=False`, use `width='content'`.
2026-05-21 14:57:12.615 Please replace `use_container_width` with `width`.

`use_container_width` will be removed after 2025-12-31.

For `use_container_width=True`, use `width='stretch'`. For `use_container_width=False`, use `width='content'`.
2026-05-21 14:57:12.680 Please replace `st.components.v1.html` with `st.iframe`.

`st.components.v1.html` will be removed after 2026-06-01.
2026-05-21 14:57:12.782 Please replace `use_container_width` with `width`.

`use_container_width` will be removed after 2025-12-31.

For `use_container_width=True`, use `width='stretch'`. For `use_container_width=False`, use `width='content'`.
2026-05-21 14:57:14.382 Please replace `use_container_width` with `width`.

`use_container_width` will be removed after 2025-12-31.

For `use_container_width=True`, use `width='stretch'`. For `use_container_width=False`, use `width='content'`.
2026-05-21 14:57:14.478 Please replace `use_container_width` with `width`.

`use_container_width` will be removed after 2025-12-31.

For `use_container_width=True`, use `width='stretch'`. For `use_container_width=False`, use `width='content'`.
2026-05-21 14:57:14.600 Please replace `use_container_width` with `width`.

`use_container_width` will be removed after 2025-12-31.

For `use_container_width=True`, use `width='stretch'`. For `use_container_width=False`, use `width='content'`.
2026-05-21 14:57:14.693 Please replace `st.components.v1.html` with `st.iframe`.

`st.components.v1.html` will be removed after 2026-06-01.
2026-05-21 14:57:14.785 Please replace `use_container_width` with `width`.

`use_container_width` will be removed after 2025-12-31.

For `use_container_width=True`, use `width='stretch'`. For `use_container_width=False`, use `width='content'`.
2026-05-21 14:57:16.401 Please replace `use_container_width` with `width`.

`use_container_width` will be removed after 2025-12-31.

For `use_container_width=True`, use `width='stretch'`. For `use_container_width=False`, use `width='content'`.
2026-05-21 14:57:16.492 Please replace `use_container_width` with `width`.

`use_container_width` will be removed after 2025-12-31.

For `use_container_width=True`, use `width='stretch'`. For `use_container_width=False`, use `width='content'`.
2026-05-21 14:57:16.605 Please replace `use_container_width` with `width`.

`use_container_width` will be removed after 2025-12-31.

For `use_container_width=True`, use `width='stretch'`. For `use_container_width=False`, use `width='content'`.
2026-05-21 14:57:16.687 Please replace `st.components.v1.html` with `st.iframe`.

`st.components.v1.html` will be removed after 2026-06-01.
2026-05-21 14:57:16.802 Please replace `use_container_width` with `width`.

`use_container_width` will be removed after 2025-12-31.

For `use_container_width=True`, use `width='stretch'`. For `use_container_width=False`, use `width='content'`.
2026-05-21 14:57:18.385 Please replace `use_container_width` with `width`.

`use_container_width` will be removed after 2025-12-31.

For `use_container_width=True`, use `width='stretch'`. For `use_container_width=False`, use `width='content'`.
2026-05-21 14:57:18.482 Please replace `use_container_width` with `width`.

`use_container_width` will be removed after 2025-12-31.

For `use_container_width=True`, use `width='stretch'`. For `use_container_width=False`, use `width='content'`.
2026-05-21 14:57:18.571 Please replace `use_container_width` with `width`.

`use_container_width` will be removed after 2025-12-31.

For `use_container_width=True`, use `width='stretch'`. For `use_container_width=False`, use `width='content'`.
2026-05-21 14:57:18.654 Please replace `st.components.v1.html` with `st.iframe`.

`st.components.v1.html` will be removed after 2026-06-01.
2026-05-21 14:57:18.755 Please replace `use_container_width` with `width`.

`use_container_width` will be removed after 2025-12-31.

For `use_container_width=True`, use `width='stretch'`. For `use_container_width=False`, use `width='content'`.
2026-05-21 14:57:20.407 Please replace `use_container_width` with `width`.

`use_container_width` will be removed after 2025-12-31.

For `use_container_width=True`, use `width='stretch'`. For `use_container_width=False`, use `width='content'`.
2026-05-21 14:57:20.505 Please replace `use_container_width` with `width`.

`use_container_width` will be removed after 2025-12-31.

For `use_container_width=True`, use `width='stretch'`. For `use_container_width=False`, use `width='content'`.
2026-05-21 14:57:20.621 Please replace `use_container_width` with `width`.

`use_container_width` will be removed after 2025-12-31.

For `use_container_width=True`, use `width='stretch'`. For `use_container_width=False`, use `width='content'`.
2026-05-21 14:57:20.697 Please replace `st.components.v1.html` with `st.iframe`.

`st.components.v1.html` will be removed after 2026-06-01.
2026-05-21 14:57:20.785 Please replace `use_container_width` with `width`.

`use_container_width` will be removed after 2025-12-31.

For `use_container_width=True`, use `width='stretch'`. For `use_container_width=False`, use `width='content'`.
2026-05-21 14:57:22.385 Please replace `use_container_width` with `width`.

`use_container_width` will be removed after 2025-12-31.

For `use_container_width=True`, use `width='stretch'`. For `use_container_width=False`, use `width='content'`.
2026-05-21 14:57:22.486 Please replace `use_container_width` with `width`.

`use_container_width` will be removed after 2025-12-31.

For `use_container_width=True`, use `width='stretch'`. For `use_container_width=False`, use `width='content'`.
2026-05-21 14:57:22.603 Please replace `use_container_width` with `width`.

`use_container_width` will be removed after 2025-12-31.

For `use_container_width=True`, use `width='stretch'`. For `use_container_width=False`, use `width='content'`.
2026-05-21 14:57:22.692 Please replace `st.components.v1.html` with `st.iframe`.

`st.components.v1.html` will be removed after 2026-06-01.
2026-05-21 14:57:22.784 Please replace `use_container_width` with `width`.

`use_container_width` will be removed after 2025-12-31.

For `use_container_width=True`, use `width='stretch'`. For `use_container_width=False`, use `width='content'`.
2026-05-21 14:57:24.406 Please replace `use_container_width` with `width`.

`use_container_width` will be removed after 2025-12-31.

For `use_container_width=True`, use `width='stretch'`. For `use_container_width=False`, use `width='content'`.
2026-05-21 14:57:24.516 Please replace `use_container_width` with `width`.

`use_container_width` will be removed after 2025-12-31.

For `use_container_width=True`, use `width='stretch'`. For `use_container_width=False`, use `width='content'`.
2026-05-21 14:57:24.628 Please replace `use_container_width` with `width`.

`use_container_width` will be removed after 2025-12-31.

For `use_container_width=True`, use `width='stretch'`. For `use_container_width=False`, use `width='content'`.
2026-05-21 14:57:24.707 Please replace `st.components.v1.html` with `st.iframe`.

`st.components.v1.html` will be removed after 2026-06-01.
2026-05-21 14:57:24.807 Please replace `use_container_width` with `width`.

`use_container_width` will be removed after 2025-12-31.

For `use_container_width=True`, use `width='stretch'`. For `use_container_width=False`, use `width='content'`.
2026-05-21 14:57:26.389 Please replace `use_container_width` with `width`.

`use_container_width` will be removed after 2025-12-31.

For `use_container_width=True`, use `width='stretch'`. For `use_container_width=False`, use `width='content'`.
2026-05-21 14:57:26.491 Please replace `use_container_width` with `width`.

`use_container_width` will be removed after 2025-12-31.

For `use_container_width=True`, use `width='stretch'`. For `use_container_width=False`, use `width='content'`.
2026-05-21 14:57:26.596 Please replace `use_container_width` with `width`.

`use_container_width` will be removed after 2025-12-31.

For `use_container_width=True`, use `width='stretch'`. For `use_container_width=False`, use `width='content'`.
2026-05-21 14:57:26.679 Please replace `st.components.v1.html` with `st.iframe`.

`st.components.v1.html` will be removed after 2026-06-01.
2026-05-21 14:57:26.801 Please replace `use_container_width` with `width`.

`use_container_width` will be removed after 2025-12-31.

For `use_container_width=True`, use `width='stretch'`. For `use_container_width=False`, use `width='content'`.
2026-05-21 14:57:28.419 Please replace `use_container_width` with `width`.

`use_container_width` will be removed after 2025-12-31.

For `use_container_width=True`, use `width='stretch'`. For `use_container_width=False`, use `width='content'`.
2026-05-21 14:57:28.514 Please replace `use_container_width` with `width`.

`use_container_width` will be removed after 2025-12-31.

For `use_container_width=True`, use `width='stretch'`. For `use_container_width=False`, use `width='content'`.
2026-05-21 14:57:28.628 Please replace `use_container_width` with `width`.

`use_container_width` will be removed after 2025-12-31.

For `use_container_width=True`, use `width='stretch'`. For `use_container_width=False`, use `width='content'`.
2026-05-21 14:57:28.726 Please replace `st.components.v1.html` with `st.iframe`.

`st.components.v1.html` will be removed after 2026-06-01.
2026-05-21 14:57:28.804 Please replace `use_container_width` with `width`.

`use_container_width` will be removed after 2025-12-31.

For `use_container_width=True`, use `width='stretch'`. For `use_container_width=False`, use `width='content'`.
2026-05-21 14:57:30.380 Please replace `use_container_width` with `width`.

`use_container_width` will be removed after 2025-12-31.

For `use_container_width=True`, use `width='stretch'`. For `use_container_width=False`, use `width='content'`.
2026-05-21 14:57:30.476 Please replace `use_container_width` with `width`.

`use_container_width` will be removed after 2025-12-31.

For `use_container_width=True`, use `width='stretch'`. For `use_container_width=False`, use `width='content'`.
2026-05-21 14:57:30.577 Please replace `use_container_width` with `width`.

`use_container_width` will be removed after 2025-12-31.

For `use_container_width=True`, use `width='stretch'`. For `use_container_width=False`, use `width='content'`.
2026-05-21 14:57:30.656 Please replace `st.components.v1.html` with `st.iframe`.

`st.components.v1.html` will be removed after 2026-06-01.
2026-05-21 14:57:30.750 Please replace `use_container_width` with `width`.

`use_container_width` will be removed after 2025-12-31.

For `use_container_width=True`, use `width='stretch'`. For `use_container_width=False`, use `width='content'`.
2026-05-21 14:57:32.401 Please replace `use_container_width` with `width`.

`use_container_width` will be removed after 2025-12-31.

For `use_container_width=True`, use `width='stretch'`. For `use_container_width=False`, use `width='content'`.
2026-05-21 14:57:32.520 Please replace `use_container_width` with `width`.

`use_container_width` will be removed after 2025-12-31.

For `use_container_width=True`, use `width='stretch'`. For `use_container_width=False`, use `width='content'`.
2026-05-21 14:57:32.613 Please replace `use_container_width` with `width`.

`use_container_width` will be removed after 2025-12-31.

For `use_container_width=True`, use `width='stretch'`. For `use_container_width=False`, use `width='content'`.
2026-05-21 14:57:32.695 Please replace `st.components.v1.html` with `st.iframe`.

`st.components.v1.html` will be removed after 2026-06-01.
2026-05-21 14:57:32.776 Please replace `use_container_width` with `width`.

`use_container_width` will be removed after 2025-12-31.

For `use_container_width=True`, use `width='stretch'`. For `use_container_width=False`, use `width='content'`.
2026-05-21 14:57:34.380 Please replace `use_container_width` with `width`.

`use_container_width` will be removed after 2025-12-31.

For `use_container_width=True`, use `width='stretch'`. For `use_container_width=False`, use `width='content'`.
2026-05-21 14:57:34.479 Please replace `use_container_width` with `width`.

`use_container_width` will be removed after 2025-12-31.

For `use_container_width=True`, use `width='stretch'`. For `use_container_width=False`, use `width='content'`.
2026-05-21 14:57:34.599 Please replace `use_container_width` with `width`.

`use_container_width` will be removed after 2025-12-31.

For `use_container_width=True`, use `width='stretch'`. For `use_container_width=False`, use `width='content'`.
2026-05-21 14:57:34.664 Please replace `st.components.v1.html` with `st.iframe`.

`st.components.v1.html` will be removed after 2026-06-01.
2026-05-21 14:57:34.761 Please replace `use_container_width` with `width`.

`use_container_width` will be removed after 2025-12-31.

For `use_container_width=True`, use `width='stretch'`. For `use_container_width=False`, use `width='content'`.
2026-05-21 14:57:36.467 Please replace `use_container_width` with `width`.

`use_container_width` will be removed after 2025-12-31.

For `use_container_width=True`, use `width='stretch'`. For `use_container_width=False`, use `width='content'`.
2026-05-21 14:57:36.568 Please replace `use_container_width` with `width`.

`use_container_width` will be removed after 2025-12-31.

For `use_container_width=True`, use `width='stretch'`. For `use_container_width=False`, use `width='content'`.
2026-05-21 14:57:36.680 Please replace `use_container_width` with `width`.

`use_container_width` will be removed after 2025-12-31.

For `use_container_width=True`, use `width='stretch'`. For `use_container_width=False`, use `width='content'`.
2026-05-21 14:57:36.770 Please replace `st.components.v1.html` with `st.iframe`.

`st.components.v1.html` will be removed after 2026-06-01.
2026-05-21 14:57:36.868 Please replace `use_container_width` with `width`.

`use_container_width` will be removed after 2025-12-31.

For `use_container_width=True`, use `width='stretch'`. For `use_container_width=False`, use `width='content'`.
2026-05-21 14:57:38.382 Please replace `use_container_width` with `width`.

`use_container_width` will be removed after 2025-12-31.

For `use_container_width=True`, use `width='stretch'`. For `use_container_width=False`, use `width='content'`.
2026-05-21 14:57:38.503 Please replace `use_container_width` with `width`.

`use_container_width` will be removed after 2025-12-31.

For `use_container_width=True`, use `width='stretch'`. For `use_container_width=False`, use `width='content'`.
2026-05-21 14:57:38.631 Please replace `use_container_width` with `width`.

`use_container_width` will be removed after 2025-12-31.

For `use_container_width=True`, use `width='stretch'`. For `use_container_width=False`, use `width='content'`.
2026-05-21 14:57:38.708 Please replace `st.components.v1.html` with `st.iframe`.

`st.components.v1.html` will be removed after 2026-06-01.
2026-05-21 14:57:38.794 Please replace `use_container_width` with `width`.

`use_container_width` will be removed after 2025-12-31.

For `use_container_width=True`, use `width='stretch'`. For `use_container_width=False`, use `width='content'`.
2026-05-21 14:57:40.402 Please replace `use_container_width` with `width`.

`use_container_width` will be removed after 2025-12-31.

For `use_container_width=True`, use `width='stretch'`. For `use_container_width=False`, use `width='content'`.
2026-05-21 14:57:40.516 Please replace `use_container_width` with `width`.

`use_container_width` will be removed after 2025-12-31.

For `use_container_width=True`, use `width='stretch'`. For `use_container_width=False`, use `width='content'`.
2026-05-21 14:57:40.622 Please replace `use_container_width` with `width`.

`use_container_width` will be removed after 2025-12-31.

For `use_container_width=True`, use `width='stretch'`. For `use_container_width=False`, use `width='content'`.
2026-05-21 14:57:40.704 Please replace `st.components.v1.html` with `st.iframe`.

`st.components.v1.html` will be removed after 2026-06-01.
2026-05-21 14:57:40.810 Please replace `use_container_width` with `width`.

`use_container_width` will be removed after 2025-12-31.

For `use_container_width=True`, use `width='stretch'`. For `use_container_width=False`, use `width='content'`.
2026-05-21 14:57:42.377 Please replace `use_container_width` with `width`.

`use_container_width` will be removed after 2025-12-31.

For `use_container_width=True`, use `width='stretch'`. For `use_container_width=False`, use `width='content'`.
2026-05-21 14:57:42.478 Please replace `use_container_width` with `width`.

`use_container_width` will be removed after 2025-12-31.

For `use_container_width=True`, use `width='stretch'`. For `use_container_width=False`, use `width='content'`.
2026-05-21 14:57:42.584 Please replace `use_container_width` with `width`.

`use_container_width` will be removed after 2025-12-31.

For `use_container_width=True`, use `width='stretch'`. For `use_container_width=False`, use `width='content'`.
2026-05-21 14:57:42.659 Please replace `st.components.v1.html` with `st.iframe`.

`st.components.v1.html` will be removed after 2026-06-01.
2026-05-21 14:57:42.757 Please replace `use_container_width` with `width`.

`use_container_width` will be removed after 2025-12-31.

For `use_container_width=True`, use `width='stretch'`. For `use_container_width=False`, use `width='content'`.
2026-05-21 14:57:44.398 Please replace `use_container_width` with `width`.

`use_container_width` will be removed after 2025-12-31.

For `use_container_width=True`, use `width='stretch'`. For `use_container_width=False`, use `width='content'`.
2026-05-21 14:57:44.506 Please replace `use_container_width` with `width`.

`use_container_width` will be removed after 2025-12-31.

For `use_container_width=True`, use `width='stretch'`. For `use_container_width=False`, use `width='content'`.
2026-05-21 14:57:44.618 Please replace `use_container_width` with `width`.

`use_container_width` will be removed after 2025-12-31.

For `use_container_width=True`, use `width='stretch'`. For `use_container_width=False`, use `width='content'`.
2026-05-21 14:57:44.696 Please replace `st.components.v1.html` with `st.iframe`.

`st.components.v1.html` will be removed after 2026-06-01.
2026-05-21 14:57:44.771 Please replace `use_container_width` with `width`.

`use_container_width` will be removed after 2025-12-31.

For `use_container_width=True`, use `width='stretch'`. For `use_container_width=False`, use `width='content'`.
2026-05-21 14:57:46.374 Please replace `use_container_width` with `width`.

`use_container_width` will be removed after 2025-12-31.

For `use_container_width=True`, use `width='stretch'`. For `use_container_width=False`, use `width='content'`.
2026-05-21 14:57:46.479 Please replace `use_container_width` with `width`.

`use_container_width` will be removed after 2025-12-31.

For `use_container_width=True`, use `width='stretch'`. For `use_container_width=False`, use `width='content'`.
2026-05-21 14:57:46.584 Please replace `use_container_width` with `width`.

`use_container_width` will be removed after 2025-12-31.

For `use_container_width=True`, use `width='stretch'`. For `use_container_width=False`, use `width='content'`.
2026-05-21 14:57:46.668 Please replace `st.components.v1.html` with `st.iframe`.

`st.components.v1.html` will be removed after 2026-06-01.
2026-05-21 14:57:46.770 Please replace `use_container_width` with `width`.

`use_container_width` will be removed after 2025-12-31.

For `use_container_width=True`, use `width='stretch'`. For `use_container_width=False`, use `width='content'`.
2026-05-21 14:57:48.397 Please replace `use_container_width` with `width`.

`use_container_width` will be removed after 2025-12-31.

For `use_container_width=True`, use `width='stretch'`. For `use_container_width=False`, use `width='content'`.
2026-05-21 14:57:48.500 Please replace `use_container_width` with `width`.

`use_container_width` will be removed after 2025-12-31.

For `use_container_width=True`, use `width='stretch'`. For `use_container_width=False`, use `width='content'`.
2026-05-21 14:57:48.619 Please replace `use_container_width` with `width`.

`use_container_width` will be removed after 2025-12-31.

For `use_container_width=True`, use `width='stretch'`. For `use_container_width=False`, use `width='content'`.
2026-05-21 14:57:48.688 Please replace `st.components.v1.html` with `st.iframe`.

`st.components.v1.html` will be removed after 2026-06-01.
2026-05-21 14:57:48.776 Please replace `use_container_width` with `width`.

`use_container_width` will be removed after 2025-12-31.

For `use_container_width=True`, use `width='stretch'`. For `use_container_width=False`, use `width='content'`.
2026-05-21 14:57:50.390 Please replace `use_container_width` with `width`.

`use_container_width` will be removed after 2025-12-31.

For `use_container_width=True`, use `width='stretch'`. For `use_container_width=False`, use `width='content'`.
2026-05-21 14:57:50.494 Please replace `use_container_width` with `width`.

`use_container_width` will be removed after 2025-12-31.

For `use_container_width=True`, use `width='stretch'`. For `use_container_width=False`, use `width='content'`.
2026-05-21 14:57:50.607 Please replace `use_container_width` with `width`.

`use_container_width` will be removed after 2025-12-31.

For `use_container_width=True`, use `width='stretch'`. For `use_container_width=False`, use `width='content'`.
2026-05-21 14:57:50.691 Please replace `st.components.v1.html` with `st.iframe`.

`st.components.v1.html` will be removed after 2026-06-01.
2026-05-21 14:57:50.791 Please replace `use_container_width` with `width`.

`use_container_width` will be removed after 2025-12-31.

For `use_container_width=True`, use `width='stretch'`. For `use_container_width=False`, use `width='content'`.
2026-05-21 14:57:52.404 Please replace `use_container_width` with `width`.

`use_container_width` will be removed after 2025-12-31.

For `use_container_width=True`, use `width='stretch'`. For `use_container_width=False`, use `width='content'`.
2026-05-21 14:57:52.509 Please replace `use_container_width` with `width`.

`use_container_width` will be removed after 2025-12-31.

For `use_container_width=True`, use `width='stretch'`. For `use_container_width=False`, use `width='content'`.
2026-05-21 14:57:52.612 Please replace `use_container_width` with `width`.

`use_container_width` will be removed after 2025-12-31.

For `use_container_width=True`, use `width='stretch'`. For `use_container_width=False`, use `width='content'`.
2026-05-21 14:57:52.686 Please replace `st.components.v1.html` with `st.iframe`.

`st.components.v1.html` will be removed after 2026-06-01.
2026-05-21 14:57:52.792 Please replace `use_container_width` with `width`.

`use_container_width` will be removed after 2025-12-31.

For `use_container_width=True`, use `width='stretch'`. For `use_container_width=False`, use `width='content'`.
2026-05-21 14:57:54.378 Please replace `use_container_width` with `width`.

`use_container_width` will be removed after 2025-12-31.

For `use_container_width=True`, use `width='stretch'`. For `use_container_width=False`, use `width='content'`.
2026-05-21 14:57:54.473 Please replace `use_container_width` with `width`.

`use_container_width` will be removed after 2025-12-31.

For `use_container_width=True`, use `width='stretch'`. For `use_container_width=False`, use `width='content'`.
2026-05-21 14:57:54.586 Please replace `use_container_width` with `width`.

`use_container_width` will be removed after 2025-12-31.

For `use_container_width=True`, use `width='stretch'`. For `use_container_width=False`, use `width='content'`.
2026-05-21 14:57:54.684 Please replace `st.components.v1.html` with `st.iframe`.

`st.components.v1.html` will be removed after 2026-06-01.
2026-05-21 14:57:54.757 Please replace `use_container_width` with `width`.

`use_container_width` will be removed after 2025-12-31.

For `use_container_width=True`, use `width='stretch'`. For `use_container_width=False`, use `width='content'`.
2026-05-21 14:57:56.401 Please replace `use_container_width` with `width`.

`use_container_width` will be removed after 2025-12-31.

For `use_container_width=True`, use `width='stretch'`. For `use_container_width=False`, use `width='content'`.
2026-05-21 14:57:56.502 Please replace `use_container_width` with `width`.

`use_container_width` will be removed after 2025-12-31.

For `use_container_width=True`, use `width='stretch'`. For `use_container_width=False`, use `width='content'`.
2026-05-21 14:57:56.625 Please replace `use_container_width` with `width`.

`use_container_width` will be removed after 2025-12-31.

For `use_container_width=True`, use `width='stretch'`. For `use_container_width=False`, use `width='content'`.
2026-05-21 14:57:56.697 Please replace `st.components.v1.html` with `st.iframe`.

`st.components.v1.html` will be removed after 2026-06-01.
2026-05-21 14:57:56.799 Please replace `use_container_width` with `width`.

`use_container_width` will be removed after 2025-12-31.

For `use_container_width=True`, use `width='stretch'`. For `use_container_width=False`, use `width='content'`.
2026-05-21 14:57:58.383 Please replace `use_container_width` with `width`.

`use_container_width` will be removed after 2025-12-31.

For `use_container_width=True`, use `width='stretch'`. For `use_container_width=False`, use `width='content'`.
2026-05-21 14:57:58.477 Please replace `use_container_width` with `width`.

`use_container_width` will be removed after 2025-12-31.

For `use_container_width=True`, use `width='stretch'`. For `use_container_width=False`, use `width='content'`.
2026-05-21 14:57:58.599 Please replace `use_container_width` with `width`.

`use_container_width` will be removed after 2025-12-31.

For `use_container_width=True`, use `width='stretch'`. For `use_container_width=False`, use `width='content'`.
2026-05-21 14:57:58.662 Please replace `st.components.v1.html` with `st.iframe`.

`st.components.v1.html` will be removed after 2026-06-01.
2026-05-21 14:57:58.760 Please replace `use_container_width` with `width`.

`use_container_width` will be removed after 2025-12-31.

For `use_container_width=True`, use `width='stretch'`. For `use_container_width=False`, use `width='content'`.
2026-05-21 14:58:00.403 Please replace `use_container_width` with `width`.

`use_container_width` will be removed after 2025-12-31.

For `use_container_width=True`, use `width='stretch'`. For `use_container_width=False`, use `width='content'`.
2026-05-21 14:58:00.502 Please replace `use_container_width` with `width`.

`use_container_width` will be removed after 2025-12-31.

For `use_container_width=True`, use `width='stretch'`. For `use_container_width=False`, use `width='content'`.
2026-05-21 14:58:00.610 Please replace `use_container_width` with `width`.

`use_container_width` will be removed after 2025-12-31.

For `use_container_width=True`, use `width='stretch'`. For `use_container_width=False`, use `width='content'`.
2026-05-21 14:58:00.689 Please replace `st.components.v1.html` with `st.iframe`.

`st.components.v1.html` will be removed after 2026-06-01.
2026-05-21 14:58:00.771 Please replace `use_container_width` with `width`.

`use_container_width` will be removed after 2025-12-31.

For `use_container_width=True`, use `width='stretch'`. For `use_container_width=False`, use `width='content'`.
2026-05-21 14:58:02.384 Please replace `use_container_width` with `width`.

`use_container_width` will be removed after 2025-12-31.

For `use_container_width=True`, use `width='stretch'`. For `use_container_width=False`, use `width='content'`.
2026-05-21 14:58:02.474 Please replace `use_container_width` with `width`.

`use_container_width` will be removed after 2025-12-31.

For `use_container_width=True`, use `width='stretch'`. For `use_container_width=False`, use `width='content'`.
2026-05-21 14:58:02.581 Please replace `use_container_width` with `width`.

`use_container_width` will be removed after 2025-12-31.

For `use_container_width=True`, use `width='stretch'`. For `use_container_width=False`, use `width='content'`.
2026-05-21 14:58:02.715 Please replace `st.components.v1.html` with `st.iframe`.

`st.components.v1.html` will be removed after 2026-06-01.
2026-05-21 14:58:02.802 Please replace `use_container_width` with `width`.

`use_container_width` will be removed after 2025-12-31.

For `use_container_width=True`, use `width='stretch'`. For `use_container_width=False`, use `width='content'`.
2026-05-21 14:58:04.397 Please replace `use_container_width` with `width`.

`use_container_width` will be removed after 2025-12-31.

For `use_container_width=True`, use `width='stretch'`. For `use_container_width=False`, use `width='content'`.
2026-05-21 14:58:04.494 Please replace `use_container_width` with `width`.

`use_container_width` will be removed after 2025-12-31.

For `use_container_width=True`, use `width='stretch'`. For `use_container_width=False`, use `width='content'`.
2026-05-21 14:58:04.598 Please replace `use_container_width` with `width`.

`use_container_width` will be removed after 2025-12-31.

For `use_container_width=True`, use `width='stretch'`. For `use_container_width=False`, use `width='content'`.
2026-05-21 14:58:04.684 Please replace `st.components.v1.html` with `st.iframe`.

`st.components.v1.html` will be removed after 2026-06-01.
2026-05-21 14:58:04.786 Please replace `use_container_width` with `width`.

`use_container_width` will be removed after 2025-12-31.

For `use_container_width=True`, use `width='stretch'`. For `use_container_width=False`, use `width='content'`.
2026-05-21 14:58:06.387 Please replace `use_container_width` with `width`.

`use_container_width` will be removed after 2025-12-31.

For `use_container_width=True`, use `width='stretch'`. For `use_container_width=False`, use `width='content'`.
2026-05-21 14:58:06.482 Please replace `use_container_width` with `width`.

`use_container_width` will be removed after 2025-12-31.

For `use_container_width=True`, use `width='stretch'`. For `use_container_width=False`, use `width='content'`.
2026-05-21 14:58:06.604 Please replace `use_container_width` with `width`.

`use_container_width` will be removed after 2025-12-31.

For `use_container_width=True`, use `width='stretch'`. For `use_container_width=False`, use `width='content'`.
2026-05-21 14:58:06.668 Please replace `st.components.v1.html` with `st.iframe`.

`st.components.v1.html` will be removed after 2026-06-01.
2026-05-21 14:58:06.787 Please replace `use_container_width` with `width`.

`use_container_width` will be removed after 2025-12-31.

For `use_container_width=True`, use `width='stretch'`. For `use_container_width=False`, use `width='content'`.
2026-05-21 14:58:08.400 Please replace `use_container_width` with `width`.

`use_container_width` will be removed after 2025-12-31.

For `use_container_width=True`, use `width='stretch'`. For `use_container_width=False`, use `width='content'`.
2026-05-21 14:58:08.514 Please replace `use_container_width` with `width`.

`use_container_width` will be removed after 2025-12-31.

For `use_container_width=True`, use `width='stretch'`. For `use_container_width=False`, use `width='content'`.
2026-05-21 14:58:08.623 Please replace `use_container_width` with `width`.

`use_container_width` will be removed after 2025-12-31.

For `use_container_width=True`, use `width='stretch'`. For `use_container_width=False`, use `width='content'`.
2026-05-21 14:58:08.691 Please replace `st.components.v1.html` with `st.iframe`.

`st.components.v1.html` will be removed after 2026-06-01.
2026-05-21 14:58:08.781 Please replace `use_container_width` with `width`.

`use_container_width` will be removed after 2025-12-31.

For `use_container_width=True`, use `width='stretch'`. For `use_container_width=False`, use `width='content'`.
2026-05-21 14:58:10.379 Please replace `use_container_width` with `width`.

`use_container_width` will be removed after 2025-12-31.

For `use_container_width=True`, use `width='stretch'`. For `use_container_width=False`, use `width='content'`.
2026-05-21 14:58:10.476 Please replace `use_container_width` with `width`.

`use_container_width` will be removed after 2025-12-31.

For `use_container_width=True`, use `width='stretch'`. For `use_container_width=False`, use `width='content'`.
2026-05-21 14:58:10.578 Please replace `use_container_width` with `width`.

`use_container_width` will be removed after 2025-12-31.

For `use_container_width=True`, use `width='stretch'`. For `use_container_width=False`, use `width='content'`.
2026-05-21 14:58:10.654 Please replace `st.components.v1.html` with `st.iframe`.

`st.components.v1.html` will be removed after 2026-06-01.
2026-05-21 14:58:10.766 Please replace `use_container_width` with `width`.

`use_container_width` will be removed after 2025-12-31.

For `use_container_width=True`, use `width='stretch'`. For `use_container_width=False`, use `width='content'`.
2026-05-21 14:58:12.402 Please replace `use_container_width` with `width`.

`use_container_width` will be removed after 2025-12-31.

For `use_container_width=True`, use `width='stretch'`. For `use_container_width=False`, use `width='content'`.
2026-05-21 14:58:12.505 Please replace `use_container_width` with `width`.

`use_container_width` will be removed after 2025-12-31.

For `use_container_width=True`, use `width='stretch'`. For `use_container_width=False`, use `width='content'`.
2026-05-21 14:58:12.638 Please replace `use_container_width` with `width`.

`use_container_width` will be removed after 2025-12-31.

For `use_container_width=True`, use `width='stretch'`. For `use_container_width=False`, use `width='content'`.
2026-05-21 14:58:12.705 Please replace `st.components.v1.html` with `st.iframe`.

`st.components.v1.html` will be removed after 2026-06-01.
2026-05-21 14:58:12.779 Please replace `use_container_width` with `width`.

`use_container_width` will be removed after 2025-12-31.

For `use_container_width=True`, use `width='stretch'`. For `use_container_width=False`, use `width='content'`.
2026-05-21 14:58:14.399 Please replace `use_container_width` with `width`.

`use_container_width` will be removed after 2025-12-31.

For `use_container_width=True`, use `width='stretch'`. For `use_container_width=False`, use `width='content'`.
2026-05-21 14:58:14.482 Please replace `use_container_width` with `width`.

`use_container_width` will be removed after 2025-12-31.

For `use_container_width=True`, use `width='stretch'`. For `use_container_width=False`, use `width='content'`.
2026-05-21 14:58:14.565 Please replace `use_container_width` with `width`.

`use_container_width` will be removed after 2025-12-31.

For `use_container_width=True`, use `width='stretch'`. For `use_container_width=False`, use `width='content'`.
2026-05-21 14:58:14.660 Please replace `st.components.v1.html` with `st.iframe`.

`st.components.v1.html` will be removed after 2026-06-01.
2026-05-21 14:58:14.756 Please replace `use_container_width` with `width`.

`use_container_width` will be removed after 2025-12-31.

For `use_container_width=True`, use `width='stretch'`. For `use_container_width=False`, use `width='content'`.
2026-05-21 14:58:16.399 Please replace `use_container_width` with `width`.

`use_container_width` will be removed after 2025-12-31.

For `use_container_width=True`, use `width='stretch'`. For `use_container_width=False`, use `width='content'`.
2026-05-21 14:58:16.500 Please replace `use_container_width` with `width`.

`use_container_width` will be removed after 2025-12-31.

For `use_container_width=True`, use `width='stretch'`. For `use_container_width=False`, use `width='content'`.
2026-05-21 14:58:16.618 Please replace `use_container_width` with `width`.

`use_container_width` will be removed after 2025-12-31.

For `use_container_width=True`, use `width='stretch'`. For `use_container_width=False`, use `width='content'`.
2026-05-21 14:58:16.694 Please replace `st.components.v1.html` with `st.iframe`.

`st.components.v1.html` will be removed after 2026-06-01.
2026-05-21 14:58:16.777 Please replace `use_container_width` with `width`.

`use_container_width` will be removed after 2025-12-31.

For `use_container_width=True`, use `width='stretch'`. For `use_container_width=False`, use `width='content'`.
2026-05-21 14:58:18.481 Please replace `use_container_width` with `width`.

`use_container_width` will be removed after 2025-12-31.

For `use_container_width=True`, use `width='stretch'`. For `use_container_width=False`, use `width='content'`.
2026-05-21 14:58:18.590 Please replace `use_container_width` with `width`.

`use_container_width` will be removed after 2025-12-31.

For `use_container_width=True`, use `width='stretch'`. For `use_container_width=False`, use `width='content'`.
2026-05-21 14:58:18.693 Please replace `use_container_width` with `width`.

`use_container_width` will be removed after 2025-12-31.

For `use_container_width=True`, use `width='stretch'`. For `use_container_width=False`, use `width='content'`.
2026-05-21 14:58:18.785 Please replace `st.components.v1.html` with `st.iframe`.

`st.components.v1.html` will be removed after 2026-06-01.
2026-05-21 14:58:18.875 Please replace `use_container_width` with `width`.

`use_container_width` will be removed after 2025-12-31.

For `use_container_width=True`, use `width='stretch'`. For `use_container_width=False`, use `width='content'`.
2026-05-21 14:58:20.374 Please replace `use_container_width` with `width`.

`use_container_width` will be removed after 2025-12-31.

For `use_container_width=True`, use `width='stretch'`. For `use_container_width=False`, use `width='content'`.
2026-05-21 14:58:20.472 Please replace `use_container_width` with `width`.

`use_container_width` will be removed after 2025-12-31.

For `use_container_width=True`, use `width='stretch'`. For `use_container_width=False`, use `width='content'`.
2026-05-21 14:58:20.574 Please replace `use_container_width` with `width`.

`use_container_width` will be removed after 2025-12-31.

For `use_container_width=True`, use `width='stretch'`. For `use_container_width=False`, use `width='content'`.
2026-05-21 14:58:20.644 Please replace `st.components.v1.html` with `st.iframe`.

`st.components.v1.html` will be removed after 2026-06-01.
2026-05-21 14:58:20.736 Please replace `use_container_width` with `width`.

`use_container_width` will be removed after 2025-12-31.

For `use_container_width=True`, use `width='stretch'`. For `use_container_width=False`, use `width='content'`.
2026-05-21 14:58:22.403 Please replace `use_container_width` with `width`.

`use_container_width` will be removed after 2025-12-31.

For `use_container_width=True`, use `width='stretch'`. For `use_container_width=False`, use `width='content'`.
2026-05-21 14:58:22.508 Please replace `use_container_width` with `width`.

`use_container_width` will be removed after 2025-12-31.

For `use_container_width=True`, use `width='stretch'`. For `use_container_width=False`, use `width='content'`.
2026-05-21 14:58:22.608 Please replace `use_container_width` with `width`.

`use_container_width` will be removed after 2025-12-31.

For `use_container_width=True`, use `width='stretch'`. For `use_container_width=False`, use `width='content'`.
2026-05-21 14:58:22.681 Please replace `st.components.v1.html` with `st.iframe`.

`st.components.v1.html` will be removed after 2026-06-01.
2026-05-21 14:58:22.764 Please replace `use_container_width` with `width`.

`use_container_width` will be removed after 2025-12-31.

For `use_container_width=True`, use `width='stretch'`. For `use_container_width=False`, use `width='content'`.
2026-05-21 14:58:24.378 Please replace `use_container_width` with `width`.

`use_container_width` will be removed after 2025-12-31.

For `use_container_width=True`, use `width='stretch'`. For `use_container_width=False`, use `width='content'`.
2026-05-21 14:58:24.481 Please replace `use_container_width` with `width`.

`use_container_width` will be removed after 2025-12-31.

For `use_container_width=True`, use `width='stretch'`. For `use_container_width=False`, use `width='content'`.
2026-05-21 14:58:24.597 Please replace `use_container_width` with `width`.

`use_container_width` will be removed after 2025-12-31.

For `use_container_width=True`, use `width='stretch'`. For `use_container_width=False`, use `width='content'`.
2026-05-21 14:58:24.700 Please replace `st.components.v1.html` with `st.iframe`.

`st.components.v1.html` will be removed after 2026-06-01.
2026-05-21 14:58:24.775 Please replace `use_container_width` with `width`.

`use_container_width` will be removed after 2025-12-31.

For `use_container_width=True`, use `width='stretch'`. For `use_container_width=False`, use `width='content'`.
2026-05-21 14:58:26.400 Please replace `use_container_width` with `width`.

`use_container_width` will be removed after 2025-12-31.

For `use_container_width=True`, use `width='stretch'`. For `use_container_width=False`, use `width='content'`.
2026-05-21 14:58:26.498 Please replace `use_container_width` with `width`.

`use_container_width` will be removed after 2025-12-31.

For `use_container_width=True`, use `width='stretch'`. For `use_container_width=False`, use `width='content'`.
2026-05-21 14:58:26.602 Please replace `use_container_width` with `width`.

`use_container_width` will be removed after 2025-12-31.

For `use_container_width=True`, use `width='stretch'`. For `use_container_width=False`, use `width='content'`.
2026-05-21 14:58:26.677 Please replace `st.components.v1.html` with `st.iframe`.

`st.components.v1.html` will be removed after 2026-06-01.
2026-05-21 14:58:26.769 Please replace `use_container_width` with `width`.

`use_container_width` will be removed after 2025-12-31.

For `use_container_width=True`, use `width='stretch'`. For `use_container_width=False`, use `width='content'`.
2026-05-21 14:58:28.384 Please replace `use_container_width` with `width`.

`use_container_width` will be removed after 2025-12-31.

For `use_container_width=True`, use `width='stretch'`. For `use_container_width=False`, use `width='content'`.
2026-05-21 14:58:28.486 Please replace `use_container_width` with `width`.

`use_container_width` will be removed after 2025-12-31.

For `use_container_width=True`, use `width='stretch'`. For `use_container_width=False`, use `width='content'`.
2026-05-21 14:58:28.601 Please replace `use_container_width` with `width`.

`use_container_width` will be removed after 2025-12-31.

For `use_container_width=True`, use `width='stretch'`. For `use_container_width=False`, use `width='content'`.
2026-05-21 14:58:28.675 Please replace `st.components.v1.html` with `st.iframe`.

`st.components.v1.html` will be removed after 2026-06-01.
2026-05-21 14:58:28.792 Please replace `use_container_width` with `width`.

`use_container_width` will be removed after 2025-12-31.

For `use_container_width=True`, use `width='stretch'`. For `use_container_width=False`, use `width='content'`.
2026-05-21 14:58:30.395 Please replace `use_container_width` with `width`.

`use_container_width` will be removed after 2025-12-31.

For `use_container_width=True`, use `width='stretch'`. For `use_container_width=False`, use `width='content'`.
2026-05-21 14:58:30.495 Please replace `use_container_width` with `width`.

`use_container_width` will be removed after 2025-12-31.

For `use_container_width=True`, use `width='stretch'`. For `use_container_width=False`, use `width='content'`.
2026-05-21 14:58:30.615 Please replace `use_container_width` with `width`.

`use_container_width` will be removed after 2025-12-31.

For `use_container_width=True`, use `width='stretch'`. For `use_container_width=False`, use `width='content'`.
2026-05-21 14:58:30.694 Please replace `st.components.v1.html` with `st.iframe`.

`st.components.v1.html` will be removed after 2026-06-01.
2026-05-21 14:58:30.782 Please replace `use_container_width` with `width`.

`use_container_width` will be removed after 2025-12-31.

For `use_container_width=True`, use `width='stretch'`. For `use_container_width=False`, use `width='content'`.
2026-05-21 14:58:32.388 Please replace `use_container_width` with `width`.

`use_container_width` will be removed after 2025-12-31.

For `use_container_width=True`, use `width='stretch'`. For `use_container_width=False`, use `width='content'`.
2026-05-21 14:58:32.496 Please replace `use_container_width` with `width`.

`use_container_width` will be removed after 2025-12-31.

For `use_container_width=True`, use `width='stretch'`. For `use_container_width=False`, use `width='content'`.
2026-05-21 14:58:32.594 Please replace `use_container_width` with `width`.

`use_container_width` will be removed after 2025-12-31.

For `use_container_width=True`, use `width='stretch'`. For `use_container_width=False`, use `width='content'`.
2026-05-21 14:58:32.665 Please replace `st.components.v1.html` with `st.iframe`.

`st.components.v1.html` will be removed after 2026-06-01.
2026-05-21 14:58:32.749 Please replace `use_container_width` with `width`.

`use_container_width` will be removed after 2025-12-31.

For `use_container_width=True`, use `width='stretch'`. For `use_container_width=False`, use `width='content'`.
2026-05-21 14:58:34.398 Please replace `use_container_width` with `width`.

`use_container_width` will be removed after 2025-12-31.

For `use_container_width=True`, use `width='stretch'`. For `use_container_width=False`, use `width='content'`.
2026-05-21 14:58:34.498 Please replace `use_container_width` with `width`.

`use_container_width` will be removed after 2025-12-31.

For `use_container_width=True`, use `width='stretch'`. For `use_container_width=False`, use `width='content'`.
2026-05-21 14:58:34.611 Please replace `use_container_width` with `width`.

`use_container_width` will be removed after 2025-12-31.

For `use_container_width=True`, use `width='stretch'`. For `use_container_width=False`, use `width='content'`.
2026-05-21 14:58:34.685 Please replace `st.components.v1.html` with `st.iframe`.

`st.components.v1.html` will be removed after 2026-06-01.
2026-05-21 14:58:34.804 Please replace `use_container_width` with `width`.

`use_container_width` will be removed after 2025-12-31.

For `use_container_width=True`, use `width='stretch'`. For `use_container_width=False`, use `width='content'`.
2026-05-21 14:58:36.379 Please replace `use_container_width` with `width`.

`use_container_width` will be removed after 2025-12-31.

For `use_container_width=True`, use `width='stretch'`. For `use_container_width=False`, use `width='content'`.
2026-05-21 14:58:36.486 Please replace `use_container_width` with `width`.

`use_container_width` will be removed after 2025-12-31.

For `use_container_width=True`, use `width='stretch'`. For `use_container_width=False`, use `width='content'`.
2026-05-21 14:58:36.599 Please replace `use_container_width` with `width`.

`use_container_width` will be removed after 2025-12-31.

For `use_container_width=True`, use `width='stretch'`. For `use_container_width=False`, use `width='content'`.
2026-05-21 14:58:36.701 Please replace `st.components.v1.html` with `st.iframe`.

`st.components.v1.html` will be removed after 2026-06-01.
2026-05-21 14:58:36.796 Please replace `use_container_width` with `width`.

`use_container_width` will be removed after 2025-12-31.

For `use_container_width=True`, use `width='stretch'`. For `use_container_width=False`, use `width='content'`.
2026-05-21 14:58:38.392 Please replace `use_container_width` with `width`.

`use_container_width` will be removed after 2025-12-31.

For `use_container_width=True`, use `width='stretch'`. For `use_container_width=False`, use `width='content'`.
2026-05-21 14:58:38.487 Please replace `use_container_width` with `width`.

`use_container_width` will be removed after 2025-12-31.

For `use_container_width=True`, use `width='stretch'`. For `use_container_width=False`, use `width='content'`.
2026-05-21 14:58:38.595 Please replace `use_container_width` with `width`.

`use_container_width` will be removed after 2025-12-31.

For `use_container_width=True`, use `width='stretch'`. For `use_container_width=False`, use `width='content'`.
2026-05-21 14:58:38.673 Please replace `st.components.v1.html` with `st.iframe`.

`st.components.v1.html` will be removed after 2026-06-01.
2026-05-21 14:58:38.752 Please replace `use_container_width` with `width`.

`use_container_width` will be removed after 2025-12-31.

For `use_container_width=True`, use `width='stretch'`. For `use_container_width=False`, use `width='content'`.
2026-05-21 14:58:40.380 Please replace `use_container_width` with `width`.

`use_container_width` will be removed after 2025-12-31.

For `use_container_width=True`, use `width='stretch'`. For `use_container_width=False`, use `width='content'`.
2026-05-21 14:58:40.499 Please replace `use_container_width` with `width`.

`use_container_width` will be removed after 2025-12-31.

For `use_container_width=True`, use `width='stretch'`. For `use_container_width=False`, use `width='content'`.
2026-05-21 14:58:40.617 Please replace `use_container_width` with `width`.

`use_container_width` will be removed after 2025-12-31.

For `use_container_width=True`, use `width='stretch'`. For `use_container_width=False`, use `width='content'`.
2026-05-21 14:58:40.714 Please replace `st.components.v1.html` with `st.iframe`.

`st.components.v1.html` will be removed after 2026-06-01.
2026-05-21 14:58:40.793 Please replace `use_container_width` with `width`.

`use_container_width` will be removed after 2025-12-31.

For `use_container_width=True`, use `width='stretch'`. For `use_container_width=False`, use `width='content'`.
2026-05-21 14:58:42.398 Please replace `use_container_width` with `width`.

`use_container_width` will be removed after 2025-12-31.

For `use_container_width=True`, use `width='stretch'`. For `use_container_width=False`, use `width='content'`.
2026-05-21 14:58:42.500 Please replace `use_container_width` with `width`.

`use_container_width` will be removed after 2025-12-31.

For `use_container_width=True`, use `width='stretch'`. For `use_container_width=False`, use `width='content'`.
2026-05-21 14:58:42.602 Please replace `use_container_width` with `width`.

`use_container_width` will be removed after 2025-12-31.

For `use_container_width=True`, use `width='stretch'`. For `use_container_width=False`, use `width='content'`.
2026-05-21 14:58:42.677 Please replace `st.components.v1.html` with `st.iframe`.

`st.components.v1.html` will be removed after 2026-06-01.
2026-05-21 14:58:42.774 Please replace `use_container_width` with `width`.

`use_container_width` will be removed after 2025-12-31.

For `use_container_width=True`, use `width='stretch'`. For `use_container_width=False`, use `width='content'`.
2026-05-21 14:58:44.378 Please replace `use_container_width` with `width`.

`use_container_width` will be removed after 2025-12-31.

For `use_container_width=True`, use `width='stretch'`. For `use_container_width=False`, use `width='content'`.
2026-05-21 14:58:44.487 Please replace `use_container_width` with `width`.

`use_container_width` will be removed after 2025-12-31.

For `use_container_width=True`, use `width='stretch'`. For `use_container_width=False`, use `width='content'`.
2026-05-21 14:58:44.585 Please replace `use_container_width` with `width`.

`use_container_width` will be removed after 2025-12-31.

For `use_container_width=True`, use `width='stretch'`. For `use_container_width=False`, use `width='content'`.
2026-05-21 14:58:44.691 Please replace `st.components.v1.html` with `st.iframe`.

`st.components.v1.html` will be removed after 2026-06-01.
2026-05-21 14:58:44.788 Please replace `use_container_width` with `width`.

`use_container_width` will be removed after 2025-12-31.

For `use_container_width=True`, use `width='stretch'`. For `use_container_width=False`, use `width='content'`.
2026-05-21 14:58:46.390 Please replace `use_container_width` with `width`.

`use_container_width` will be removed after 2025-12-31.

For `use_container_width=True`, use `width='stretch'`. For `use_container_width=False`, use `width='content'`.
2026-05-21 14:58:46.486 Please replace `use_container_width` with `width`.

`use_container_width` will be removed after 2025-12-31.

For `use_container_width=True`, use `width='stretch'`. For `use_container_width=False`, use `width='content'`.
2026-05-21 14:58:46.612 Please replace `use_container_width` with `width`.

`use_container_width` will be removed after 2025-12-31.

For `use_container_width=True`, use `width='stretch'`. For `use_container_width=False`, use `width='content'`.
2026-05-21 14:58:46.687 Please replace `st.components.v1.html` with `st.iframe`.

`st.components.v1.html` will be removed after 2026-06-01.
2026-05-21 14:58:46.771 Please replace `use_container_width` with `width`.

`use_container_width` will be removed after 2025-12-31.

For `use_container_width=True`, use `width='stretch'`. For `use_container_width=False`, use `width='content'`.
2026-05-21 14:58:48.377 Please replace `use_container_width` with `width`.

`use_container_width` will be removed after 2025-12-31.

For `use_container_width=True`, use `width='stretch'`. For `use_container_width=False`, use `width='content'`.
2026-05-21 14:58:48.461 Please replace `use_container_width` with `width`.

`use_container_width` will be removed after 2025-12-31.

For `use_container_width=True`, use `width='stretch'`. For `use_container_width=False`, use `width='content'`.
2026-05-21 14:58:48.559 Please replace `use_container_width` with `width`.

`use_container_width` will be removed after 2025-12-31.

For `use_container_width=True`, use `width='stretch'`. For `use_container_width=False`, use `width='content'`.
2026-05-21 14:58:48.658 Please replace `st.components.v1.html` with `st.iframe`.

`st.components.v1.html` will be removed after 2026-06-01.
2026-05-21 14:58:48.746 Please replace `use_container_width` with `width`.

`use_container_width` will be removed after 2025-12-31.

For `use_container_width=True`, use `width='stretch'`. For `use_container_width=False`, use `width='content'`.
2026-05-21 14:58:50.401 Please replace `use_container_width` with `width`.

`use_container_width` will be removed after 2025-12-31.

For `use_container_width=True`, use `width='stretch'`. For `use_container_width=False`, use `width='content'`.
2026-05-21 14:58:50.509 Please replace `use_container_width` with `width`.

`use_container_width` will be removed after 2025-12-31.

For `use_container_width=True`, use `width='stretch'`. For `use_container_width=False`, use `width='content'`.
2026-05-21 14:58:50.622 Please replace `use_container_width` with `width`.

`use_container_width` will be removed after 2025-12-31.

For `use_container_width=True`, use `width='stretch'`. For `use_container_width=False`, use `width='content'`.
2026-05-21 14:58:50.715 Please replace `st.components.v1.html` with `st.iframe`.

`st.components.v1.html` will be removed after 2026-06-01.
2026-05-21 14:58:50.822 Please replace `use_container_width` with `width`.

`use_container_width` will be removed after 2025-12-31.

For `use_container_width=True`, use `width='stretch'`. For `use_container_width=False`, use `width='content'`.
2026-05-21 14:58:52.381 Please replace `use_container_width` with `width`.

`use_container_width` will be removed after 2025-12-31.

For `use_container_width=True`, use `width='stretch'`. For `use_container_width=False`, use `width='content'`.
2026-05-21 14:58:52.484 Please replace `use_container_width` with `width`.

`use_container_width` will be removed after 2025-12-31.

For `use_container_width=True`, use `width='stretch'`. For `use_container_width=False`, use `width='content'`.
2026-05-21 14:58:52.602 Please replace `use_container_width` with `width`.

`use_container_width` will be removed after 2025-12-31.

For `use_container_width=True`, use `width='stretch'`. For `use_container_width=False`, use `width='content'`.
2026-05-21 14:58:52.674 Please replace `st.components.v1.html` with `st.iframe`.

`st.components.v1.html` will be removed after 2026-06-01.
2026-05-21 14:58:52.775 Please replace `use_container_width` with `width`.

`use_container_width` will be removed after 2025-12-31.

For `use_container_width=True`, use `width='stretch'`. For `use_container_width=False`, use `width='content'`.
2026-05-21 14:58:54.408 Please replace `use_container_width` with `width`.

`use_container_width` will be removed after 2025-12-31.

For `use_container_width=True`, use `width='stretch'`. For `use_container_width=False`, use `width='content'`.
2026-05-21 14:58:54.501 Please replace `use_container_width` with `width`.

`use_container_width` will be removed after 2025-12-31.

For `use_container_width=True`, use `width='stretch'`. For `use_container_width=False`, use `width='content'`.
2026-05-21 14:58:54.602 Please replace `use_container_width` with `width`.

`use_container_width` will be removed after 2025-12-31.

For `use_container_width=True`, use `width='stretch'`. For `use_container_width=False`, use `width='content'`.
2026-05-21 14:58:54.675 Please replace `st.components.v1.html` with `st.iframe`.

`st.components.v1.html` will be removed after 2026-06-01.
2026-05-21 14:58:54.785 Please replace `use_container_width` with `width`.

`use_container_width` will be removed after 2025-12-31.

For `use_container_width=True`, use `width='stretch'`. For `use_container_width=False`, use `width='content'`.
2026-05-21 14:58:56.376 Please replace `use_container_width` with `width`.

`use_container_width` will be removed after 2025-12-31.

For `use_container_width=True`, use `width='stretch'`. For `use_container_width=False`, use `width='content'`.
2026-05-21 14:58:56.475 Please replace `use_container_width` with `width`.

`use_container_width` will be removed after 2025-12-31.

For `use_container_width=True`, use `width='stretch'`. For `use_container_width=False`, use `width='content'`.
2026-05-21 14:58:56.580 Please replace `use_container_width` with `width`.

`use_container_width` will be removed after 2025-12-31.

For `use_container_width=True`, use `width='stretch'`. For `use_container_width=False`, use `width='content'`.
2026-05-21 14:58:56.657 Please replace `st.components.v1.html` with `st.iframe`.

`st.components.v1.html` will be removed after 2026-06-01.
2026-05-21 14:58:56.766 Please replace `use_container_width` with `width`.

`use_container_width` will be removed after 2025-12-31.

For `use_container_width=True`, use `width='stretch'`. For `use_container_width=False`, use `width='content'`.
2026-05-21 14:58:58.401 Please replace `use_container_width` with `width`.

`use_container_width` will be removed after 2025-12-31.

For `use_container_width=True`, use `width='stretch'`. For `use_container_width=False`, use `width='content'`.
2026-05-21 14:58:58.507 Please replace `use_container_width` with `width`.

`use_container_width` will be removed after 2025-12-31.

For `use_container_width=True`, use `width='stretch'`. For `use_container_width=False`, use `width='content'`.
2026-05-21 14:58:58.638 Please replace `use_container_width` with `width`.

`use_container_width` will be removed after 2025-12-31.

For `use_container_width=True`, use `width='stretch'`. For `use_container_width=False`, use `width='content'`.
2026-05-21 14:58:58.715 Please replace `st.components.v1.html` with `st.iframe`.

`st.components.v1.html` will be removed after 2026-06-01.
2026-05-21 14:58:58.826 Please replace `use_container_width` with `width`.

`use_container_width` will be removed after 2025-12-31.

For `use_container_width=True`, use `width='stretch'`. For `use_container_width=False`, use `width='content'`.
2026-05-21 14:59:00.430 Please replace `use_container_width` with `width`.

`use_container_width` will be removed after 2025-12-31.

For `use_container_width=True`, use `width='stretch'`. For `use_container_width=False`, use `width='content'`.
2026-05-21 14:59:00.517 Please replace `use_container_width` with `width`.

`use_container_width` will be removed after 2025-12-31.

For `use_container_width=True`, use `width='stretch'`. For `use_container_width=False`, use `width='content'`.
2026-05-21 14:59:00.629 Please replace `use_container_width` with `width`.

`use_container_width` will be removed after 2025-12-31.

For `use_container_width=True`, use `width='stretch'`. For `use_container_width=False`, use `width='content'`.
2026-05-21 14:59:00.700 Please replace `st.components.v1.html` with `st.iframe`.

`st.components.v1.html` will be removed after 2026-06-01.
2026-05-21 14:59:00.779 Please replace `use_container_width` with `width`.

`use_container_width` will be removed after 2025-12-31.

For `use_container_width=True`, use `width='stretch'`. For `use_container_width=False`, use `width='content'`.
2026-05-21 14:59:02.399 Please replace `use_container_width` with `width`.

`use_container_width` will be removed after 2025-12-31.

For `use_container_width=True`, use `width='stretch'`. For `use_container_width=False`, use `width='content'`.
2026-05-21 14:59:02.510 Please replace `use_container_width` with `width`.

`use_container_width` will be removed after 2025-12-31.

For `use_container_width=True`, use `width='stretch'`. For `use_container_width=False`, use `width='content'`.
2026-05-21 14:59:02.626 Please replace `use_container_width` with `width`.

`use_container_width` will be removed after 2025-12-31.

For `use_container_width=True`, use `width='stretch'`. For `use_container_width=False`, use `width='content'`.
2026-05-21 14:59:02.709 Please replace `st.components.v1.html` with `st.iframe`.

`st.components.v1.html` will be removed after 2026-06-01.
2026-05-21 14:59:02.799 Please replace `use_container_width` with `width`.

`use_container_width` will be removed after 2025-12-31.

For `use_container_width=True`, use `width='stretch'`. For `use_container_width=False`, use `width='content'`.
2026-05-21 14:59:04.380 Please replace `use_container_width` with `width`.

`use_container_width` will be removed after 2025-12-31.

For `use_container_width=True`, use `width='stretch'`. For `use_container_width=False`, use `width='content'`.
2026-05-21 14:59:04.479 Please replace `use_container_width` with `width`.

`use_container_width` will be removed after 2025-12-31.

For `use_container_width=True`, use `width='stretch'`. For `use_container_width=False`, use `width='content'`.
2026-05-21 14:59:04.592 Please replace `use_container_width` with `width`.

`use_container_width` will be removed after 2025-12-31.

For `use_container_width=True`, use `width='stretch'`. For `use_container_width=False`, use `width='content'`.
2026-05-21 14:59:04.685 Please replace `st.components.v1.html` with `st.iframe`.

`st.components.v1.html` will be removed after 2026-06-01.
2026-05-21 14:59:04.783 Please replace `use_container_width` with `width`.

`use_container_width` will be removed after 2025-12-31.

For `use_container_width=True`, use `width='stretch'`. For `use_container_width=False`, use `width='content'`.
2026-05-21 14:59:06.401 Please replace `use_container_width` with `width`.

`use_container_width` will be removed after 2025-12-31.

For `use_container_width=True`, use `width='stretch'`. For `use_container_width=False`, use `width='content'`.
2026-05-21 14:59:06.488 Please replace `use_container_width` with `width`.

`use_container_width` will be removed after 2025-12-31.

For `use_container_width=True`, use `width='stretch'`. For `use_container_width=False`, use `width='content'`.
2026-05-21 14:59:06.591 Please replace `use_container_width` with `width`.

`use_container_width` will be removed after 2025-12-31.

For `use_container_width=True`, use `width='stretch'`. For `use_container_width=False`, use `width='content'`.
2026-05-21 14:59:06.666 Please replace `st.components.v1.html` with `st.iframe`.

`st.components.v1.html` will be removed after 2026-06-01.
2026-05-21 14:59:06.744 Please replace `use_container_width` with `width`.

`use_container_width` will be removed after 2025-12-31.

For `use_container_width=True`, use `width='stretch'`. For `use_container_width=False`, use `width='content'`.
2026-05-21 14:59:08.381 Please replace `use_container_width` with `width`.

`use_container_width` will be removed after 2025-12-31.

For `use_container_width=True`, use `width='stretch'`. For `use_container_width=False`, use `width='content'`.
2026-05-21 14:59:08.477 Please replace `use_container_width` with `width`.

`use_container_width` will be removed after 2025-12-31.

For `use_container_width=True`, use `width='stretch'`. For `use_container_width=False`, use `width='content'`.
2026-05-21 14:59:08.598 Please replace `use_container_width` with `width`.

`use_container_width` will be removed after 2025-12-31.

For `use_container_width=True`, use `width='stretch'`. For `use_container_width=False`, use `width='content'`.
2026-05-21 14:59:08.669 Please replace `st.components.v1.html` with `st.iframe`.

`st.components.v1.html` will be removed after 2026-06-01.
2026-05-21 14:59:08.785 Please replace `use_container_width` with `width`.

`use_container_width` will be removed after 2025-12-31.

For `use_container_width=True`, use `width='stretch'`. For `use_container_width=False`, use `width='content'`.
2026-05-21 14:59:10.401 Please replace `use_container_width` with `width`.

`use_container_width` will be removed after 2025-12-31.

For `use_container_width=True`, use `width='stretch'`. For `use_container_width=False`, use `width='content'`.
2026-05-21 14:59:10.512 Please replace `use_container_width` with `width`.

`use_container_width` will be removed after 2025-12-31.

For `use_container_width=True`, use `width='stretch'`. For `use_container_width=False`, use `width='content'`.
2026-05-21 14:59:10.624 Please replace `use_container_width` with `width`.

`use_container_width` will be removed after 2025-12-31.

For `use_container_width=True`, use `width='stretch'`. For `use_container_width=False`, use `width='content'`.
2026-05-21 14:59:10.726 Please replace `st.components.v1.html` with `st.iframe`.

`st.components.v1.html` will be removed after 2026-06-01.
2026-05-21 14:59:10.846 Please replace `use_container_width` with `width`.

`use_container_width` will be removed after 2025-12-31.

For `use_container_width=True`, use `width='stretch'`. For `use_container_width=False`, use `width='content'`.
2026-05-21 14:59:12.391 Please replace `use_container_width` with `width`.

`use_container_width` will be removed after 2025-12-31.

For `use_container_width=True`, use `width='stretch'`. For `use_container_width=False`, use `width='content'`.
2026-05-21 14:59:12.481 Please replace `use_container_width` with `width`.

`use_container_width` will be removed after 2025-12-31.

For `use_container_width=True`, use `width='stretch'`. For `use_container_width=False`, use `width='content'`.
2026-05-21 14:59:12.583 Please replace `use_container_width` with `width`.

`use_container_width` will be removed after 2025-12-31.

For `use_container_width=True`, use `width='stretch'`. For `use_container_width=False`, use `width='content'`.
2026-05-21 14:59:12.654 Please replace `st.components.v1.html` with `st.iframe`.

`st.components.v1.html` will be removed after 2026-06-01.
2026-05-21 14:59:12.739 Please replace `use_container_width` with `width`.

`use_container_width` will be removed after 2025-12-31.

For `use_container_width=True`, use `width='stretch'`. For `use_container_width=False`, use `width='content'`.
2026-05-21 14:59:14.394 Please replace `use_container_width` with `width`.

`use_container_width` will be removed after 2025-12-31.

For `use_container_width=True`, use `width='stretch'`. For `use_container_width=False`, use `width='content'`.
2026-05-21 14:59:14.488 Please replace `use_container_width` with `width`.

`use_container_width` will be removed after 2025-12-31.

For `use_container_width=True`, use `width='stretch'`. For `use_container_width=False`, use `width='content'`.
2026-05-21 14:59:14.578 Please replace `use_container_width` with `width`.

`use_container_width` will be removed after 2025-12-31.

For `use_container_width=True`, use `width='stretch'`. For `use_container_width=False`, use `width='content'`.
2026-05-21 14:59:14.655 Please replace `st.components.v1.html` with `st.iframe`.

`st.components.v1.html` will be removed after 2026-06-01.
2026-05-21 14:59:14.740 Please replace `use_container_width` with `width`.

`use_container_width` will be removed after 2025-12-31.

For `use_container_width=True`, use `width='stretch'`. For `use_container_width=False`, use `width='content'`.
2026-05-21 14:59:16.379 Please replace `use_container_width` with `width`.

`use_container_width` will be removed after 2025-12-31.

For `use_container_width=True`, use `width='stretch'`. For `use_container_width=False`, use `width='content'`.
2026-05-21 14:59:16.477 Please replace `use_container_width` with `width`.

`use_container_width` will be removed after 2025-12-31.

For `use_container_width=True`, use `width='stretch'`. For `use_container_width=False`, use `width='content'`.
2026-05-21 14:59:16.568 Please replace `use_container_width` with `width`.

`use_container_width` will be removed after 2025-12-31.

For `use_container_width=True`, use `width='stretch'`. For `use_container_width=False`, use `width='content'`.
2026-05-21 14:59:16.650 Please replace `st.components.v1.html` with `st.iframe`.

`st.components.v1.html` will be removed after 2026-06-01.
2026-05-21 14:59:16.750 Please replace `use_container_width` with `width`.

`use_container_width` will be removed after 2025-12-31.

For `use_container_width=True`, use `width='stretch'`. For `use_container_width=False`, use `width='content'`.
2026-05-21 14:59:18.406 Please replace `use_container_width` with `width`.

`use_container_width` will be removed after 2025-12-31.

For `use_container_width=True`, use `width='stretch'`. For `use_container_width=False`, use `width='content'`.
2026-05-21 14:59:18.514 Please replace `use_container_width` with `width`.

`use_container_width` will be removed after 2025-12-31.

For `use_container_width=True`, use `width='stretch'`. For `use_container_width=False`, use `width='content'`.
2026-05-21 14:59:18.625 Please replace `use_container_width` with `width`.

`use_container_width` will be removed after 2025-12-31.

For `use_container_width=True`, use `width='stretch'`. For `use_container_width=False`, use `width='content'`.
2026-05-21 14:59:18.702 Please replace `st.components.v1.html` with `st.iframe`.

`st.components.v1.html` will be removed after 2026-06-01.
2026-05-21 14:59:18.791 Please replace `use_container_width` with `width`.

`use_container_width` will be removed after 2025-12-31.

For `use_container_width=True`, use `width='stretch'`. For `use_container_width=False`, use `width='content'`.
2026-05-21 14:59:20.381 Please replace `use_container_width` with `width`.

`use_container_width` will be removed after 2025-12-31.

For `use_container_width=True`, use `width='stretch'`. For `use_container_width=False`, use `width='content'`.
2026-05-21 14:59:20.496 Please replace `use_container_width` with `width`.

`use_container_width` will be removed after 2025-12-31.

For `use_container_width=True`, use `width='stretch'`. For `use_container_width=False`, use `width='content'`.
2026-05-21 14:59:20.606 Please replace `use_container_width` with `width`.

`use_container_width` will be removed after 2025-12-31.

For `use_container_width=True`, use `width='stretch'`. For `use_container_width=False`, use `width='content'`.
2026-05-21 14:59:20.691 Please replace `st.components.v1.html` with `st.iframe`.

`st.components.v1.html` will be removed after 2026-06-01.
2026-05-21 14:59:20.766 Please replace `use_container_width` with `width`.

`use_container_width` will be removed after 2025-12-31.

For `use_container_width=True`, use `width='stretch'`. For `use_container_width=False`, use `width='content'`.
2026-05-21 14:59:22.396 Please replace `use_container_width` with `width`.

`use_container_width` will be removed after 2025-12-31.

For `use_container_width=True`, use `width='stretch'`. For `use_container_width=False`, use `width='content'`.
2026-05-21 14:59:22.497 Please replace `use_container_width` with `width`.

`use_container_width` will be removed after 2025-12-31.

For `use_container_width=True`, use `width='stretch'`. For `use_container_width=False`, use `width='content'`.
2026-05-21 14:59:22.604 Please replace `use_container_width` with `width`.

`use_container_width` will be removed after 2025-12-31.

For `use_container_width=True`, use `width='stretch'`. For `use_container_width=False`, use `width='content'`.
2026-05-21 14:59:22.690 Please replace `st.components.v1.html` with `st.iframe`.

`st.components.v1.html` will be removed after 2026-06-01.
2026-05-21 14:59:22.767 Please replace `use_container_width` with `width`.

`use_container_width` will be removed after 2025-12-31.

For `use_container_width=True`, use `width='stretch'`. For `use_container_width=False`, use `width='content'`.
2026-05-21 14:59:24.383 Please replace `use_container_width` with `width`.

`use_container_width` will be removed after 2025-12-31.

For `use_container_width=True`, use `width='stretch'`. For `use_container_width=False`, use `width='content'`.
2026-05-21 14:59:24.490 Please replace `use_container_width` with `width`.

`use_container_width` will be removed after 2025-12-31.

For `use_container_width=True`, use `width='stretch'`. For `use_container_width=False`, use `width='content'`.
2026-05-21 14:59:24.595 Please replace `use_container_width` with `width`.

`use_container_width` will be removed after 2025-12-31.

For `use_container_width=True`, use `width='stretch'`. For `use_container_width=False`, use `width='content'`.
2026-05-21 14:59:24.667 Please replace `st.components.v1.html` with `st.iframe`.

`st.components.v1.html` will be removed after 2026-06-01.
2026-05-21 14:59:24.772 Please replace `use_container_width` with `width`.

`use_container_width` will be removed after 2025-12-31.

For `use_container_width=True`, use `width='stretch'`. For `use_container_width=False`, use `width='content'`.
2026-05-21 14:59:26.399 Please replace `use_container_width` with `width`.

`use_container_width` will be removed after 2025-12-31.

For `use_container_width=True`, use `width='stretch'`. For `use_container_width=False`, use `width='content'`.
2026-05-21 14:59:26.504 Please replace `use_container_width` with `width`.

`use_container_width` will be removed after 2025-12-31.

For `use_container_width=True`, use `width='stretch'`. For `use_container_width=False`, use `width='content'`.
2026-05-21 14:59:26.616 Please replace `use_container_width` with `width`.

`use_container_width` will be removed after 2025-12-31.

For `use_container_width=True`, use `width='stretch'`. For `use_container_width=False`, use `width='content'`.
2026-05-21 14:59:26.710 Please replace `st.components.v1.html` with `st.iframe`.

`st.components.v1.html` will be removed after 2026-06-01.
2026-05-21 14:59:26.792 Please replace `use_container_width` with `width`.

`use_container_width` will be removed after 2025-12-31.

For `use_container_width=True`, use `width='stretch'`. For `use_container_width=False`, use `width='content'`.
2026-05-21 14:59:28.386 Please replace `use_container_width` with `width`.

`use_container_width` will be removed after 2025-12-31.

For `use_container_width=True`, use `width='stretch'`. For `use_container_width=False`, use `width='content'`.
2026-05-21 14:59:28.492 Please replace `use_container_width` with `width`.

`use_container_width` will be removed after 2025-12-31.

For `use_container_width=True`, use `width='stretch'`. For `use_container_width=False`, use `width='content'`.
2026-05-21 14:59:28.606 Please replace `use_container_width` with `width`.

`use_container_width` will be removed after 2025-12-31.

For `use_container_width=True`, use `width='stretch'`. For `use_container_width=False`, use `width='content'`.
2026-05-21 14:59:28.673 Please replace `st.components.v1.html` with `st.iframe`.

`st.components.v1.html` will be removed after 2026-06-01.
2026-05-21 14:59:28.774 Please replace `use_container_width` with `width`.

`use_container_width` will be removed after 2025-12-31.

For `use_container_width=True`, use `width='stretch'`. For `use_container_width=False`, use `width='content'`.
2026-05-21 14:59:30.404 Please replace `use_container_width` with `width`.

`use_container_width` will be removed after 2025-12-31.

For `use_container_width=True`, use `width='stretch'`. For `use_container_width=False`, use `width='content'`.
2026-05-21 14:59:30.495 Please replace `use_container_width` with `width`.

`use_container_width` will be removed after 2025-12-31.

For `use_container_width=True`, use `width='stretch'`. For `use_container_width=False`, use `width='content'`.
2026-05-21 14:59:30.603 Please replace `use_container_width` with `width`.

`use_container_width` will be removed after 2025-12-31.

For `use_container_width=True`, use `width='stretch'`. For `use_container_width=False`, use `width='content'`.
2026-05-21 14:59:30.671 Please replace `st.components.v1.html` with `st.iframe`.

`st.components.v1.html` will be removed after 2026-06-01.
2026-05-21 14:59:30.779 Please replace `use_container_width` with `width`.

`use_container_width` will be removed after 2025-12-31.

For `use_container_width=True`, use `width='stretch'`. For `use_container_width=False`, use `width='content'`.
2026-05-21 14:59:32.384 Please replace `use_container_width` with `width`.

`use_container_width` will be removed after 2025-12-31.

For `use_container_width=True`, use `width='stretch'`. For `use_container_width=False`, use `width='content'`.
2026-05-21 14:59:32.472 Please replace `use_container_width` with `width`.

`use_container_width` will be removed after 2025-12-31.

For `use_container_width=True`, use `width='stretch'`. For `use_container_width=False`, use `width='content'`.
2026-05-21 14:59:32.607 Please replace `use_container_width` with `width`.

`use_container_width` will be removed after 2025-12-31.

For `use_container_width=True`, use `width='stretch'`. For `use_container_width=False`, use `width='content'`.
2026-05-21 14:59:32.690 Please replace `st.components.v1.html` with `st.iframe`.

`st.components.v1.html` will be removed after 2026-06-01.
2026-05-21 14:59:32.790 Please replace `use_container_width` with `width`.

`use_container_width` will be removed after 2025-12-31.

For `use_container_width=True`, use `width='stretch'`. For `use_container_width=False`, use `width='content'`.
2026-05-21 14:59:34.419 Please replace `use_container_width` with `width`.

`use_container_width` will be removed after 2025-12-31.

For `use_container_width=True`, use `width='stretch'`. For `use_container_width=False`, use `width='content'`.
2026-05-21 14:59:34.505 Please replace `use_container_width` with `width`.

`use_container_width` will be removed after 2025-12-31.

For `use_container_width=True`, use `width='stretch'`. For `use_container_width=False`, use `width='content'`.
2026-05-21 14:59:34.610 Please replace `use_container_width` with `width`.

`use_container_width` will be removed after 2025-12-31.

For `use_container_width=True`, use `width='stretch'`. For `use_container_width=False`, use `width='content'`.
2026-05-21 14:59:34.704 Please replace `st.components.v1.html` with `st.iframe`.

`st.components.v1.html` will be removed after 2026-06-01.
2026-05-21 14:59:34.800 Please replace `use_container_width` with `width`.

`use_container_width` will be removed after 2025-12-31.

For `use_container_width=True`, use `width='stretch'`. For `use_container_width=False`, use `width='content'`.
2026-05-21 14:59:36.383 Please replace `use_container_width` with `width`.

`use_container_width` will be removed after 2025-12-31.

For `use_container_width=True`, use `width='stretch'`. For `use_container_width=False`, use `width='content'`.
2026-05-21 14:59:36.486 Please replace `use_container_width` with `width`.

`use_container_width` will be removed after 2025-12-31.

For `use_container_width=True`, use `width='stretch'`. For `use_container_width=False`, use `width='content'`.
2026-05-21 14:59:36.582 Please replace `use_container_width` with `width`.

`use_container_width` will be removed after 2025-12-31.

For `use_container_width=True`, use `width='stretch'`. For `use_container_width=False`, use `width='content'`.
2026-05-21 14:59:36.654 Please replace `st.components.v1.html` with `st.iframe`.

`st.components.v1.html` will be removed after 2026-06-01.
2026-05-21 14:59:36.761 Please replace `use_container_width` with `width`.

`use_container_width` will be removed after 2025-12-31.

For `use_container_width=True`, use `width='stretch'`. For `use_container_width=False`, use `width='content'`.
2026-05-21 14:59:38.392 Please replace `use_container_width` with `width`.

`use_container_width` will be removed after 2025-12-31.

For `use_container_width=True`, use `width='stretch'`. For `use_container_width=False`, use `width='content'`.
2026-05-21 14:59:38.484 Please replace `use_container_width` with `width`.

`use_container_width` will be removed after 2025-12-31.

For `use_container_width=True`, use `width='stretch'`. For `use_container_width=False`, use `width='content'`.
2026-05-21 14:59:38.590 Please replace `use_container_width` with `width`.

`use_container_width` will be removed after 2025-12-31.

For `use_container_width=True`, use `width='stretch'`. For `use_container_width=False`, use `width='content'`.
2026-05-21 14:59:38.686 Please replace `st.components.v1.html` with `st.iframe`.

`st.components.v1.html` will be removed after 2026-06-01.
2026-05-21 14:59:38.794 Please replace `use_container_width` with `width`.

`use_container_width` will be removed after 2025-12-31.

For `use_container_width=True`, use `width='stretch'`. For `use_container_width=False`, use `width='content'`.
2026-05-21 14:59:40.381 Please replace `use_container_width` with `width`.

`use_container_width` will be removed after 2025-12-31.

For `use_container_width=True`, use `width='stretch'`. For `use_container_width=False`, use `width='content'`.
2026-05-21 14:59:40.483 Please replace `use_container_width` with `width`.

`use_container_width` will be removed after 2025-12-31.

For `use_container_width=True`, use `width='stretch'`. For `use_container_width=False`, use `width='content'`.
2026-05-21 14:59:40.585 Please replace `use_container_width` with `width`.

`use_container_width` will be removed after 2025-12-31.

For `use_container_width=True`, use `width='stretch'`. For `use_container_width=False`, use `width='content'`.
2026-05-21 14:59:40.655 Please replace `st.components.v1.html` with `st.iframe`.

`st.components.v1.html` will be removed after 2026-06-01.
2026-05-21 14:59:40.777 Please replace `use_container_width` with `width`.

`use_container_width` will be removed after 2025-12-31.

For `use_container_width=True`, use `width='stretch'`. For `use_container_width=False`, use `width='content'`.
2026-05-21 14:59:42.469 Please replace `use_container_width` with `width`.

`use_container_width` will be removed after 2025-12-31.

For `use_container_width=True`, use `width='stretch'`. For `use_container_width=False`, use `width='content'`.
2026-05-21 14:59:42.570 Please replace `use_container_width` with `width`.

`use_container_width` will be removed after 2025-12-31.

For `use_container_width=True`, use `width='stretch'`. For `use_container_width=False`, use `width='content'`.
2026-05-21 14:59:42.665 Please replace `use_container_width` with `width`.

`use_container_width` will be removed after 2025-12-31.

For `use_container_width=True`, use `width='stretch'`. For `use_container_width=False`, use `width='content'`.
2026-05-21 14:59:42.775 Please replace `st.components.v1.html` with `st.iframe`.

`st.components.v1.html` will be removed after 2026-06-01.
2026-05-21 14:59:42.865 Please replace `use_container_width` with `width`.

`use_container_width` will be removed after 2025-12-31.

For `use_container_width=True`, use `width='stretch'`. For `use_container_width=False`, use `width='content'`.
2026-05-21 14:59:44.384 Please replace `use_container_width` with `width`.

`use_container_width` will be removed after 2025-12-31.

For `use_container_width=True`, use `width='stretch'`. For `use_container_width=False`, use `width='content'`.
2026-05-21 14:59:44.489 Please replace `use_container_width` with `width`.

`use_container_width` will be removed after 2025-12-31.

For `use_container_width=True`, use `width='stretch'`. For `use_container_width=False`, use `width='content'`.
2026-05-21 14:59:44.593 Please replace `use_container_width` with `width`.

`use_container_width` will be removed after 2025-12-31.

For `use_container_width=True`, use `width='stretch'`. For `use_container_width=False`, use `width='content'`.
2026-05-21 14:59:44.660 Please replace `st.components.v1.html` with `st.iframe`.

`st.components.v1.html` will be removed after 2026-06-01.
2026-05-21 14:59:44.758 Please replace `use_container_width` with `width`.

`use_container_width` will be removed after 2025-12-31.

For `use_container_width=True`, use `width='stretch'`. For `use_container_width=False`, use `width='content'`.
2026-05-21 14:59:46.409 Please replace `use_container_width` with `width`.

`use_container_width` will be removed after 2025-12-31.

For `use_container_width=True`, use `width='stretch'`. For `use_container_width=False`, use `width='content'`.
2026-05-21 14:59:46.490 Please replace `use_container_width` with `width`.

`use_container_width` will be removed after 2025-12-31.

For `use_container_width=True`, use `width='stretch'`. For `use_container_width=False`, use `width='content'`.
2026-05-21 14:59:46.584 Please replace `use_container_width` with `width`.

`use_container_width` will be removed after 2025-12-31.

For `use_container_width=True`, use `width='stretch'`. For `use_container_width=False`, use `width='content'`.
2026-05-21 14:59:46.664 Please replace `st.components.v1.html` with `st.iframe`.

`st.components.v1.html` will be removed after 2026-06-01.
2026-05-21 14:59:46.772 Please replace `use_container_width` with `width`.

`use_container_width` will be removed after 2025-12-31.

For `use_container_width=True`, use `width='stretch'`. For `use_container_width=False`, use `width='content'`.
2026-05-21 14:59:48.378 Please replace `use_container_width` with `width`.

`use_container_width` will be removed after 2025-12-31.

For `use_container_width=True`, use `width='stretch'`. For `use_container_width=False`, use `width='content'`.
2026-05-21 14:59:48.479 Please replace `use_container_width` with `width`.

`use_container_width` will be removed after 2025-12-31.

For `use_container_width=True`, use `width='stretch'`. For `use_container_width=False`, use `width='content'`.
2026-05-21 14:59:48.577 Please replace `use_container_width` with `width`.

`use_container_width` will be removed after 2025-12-31.

For `use_container_width=True`, use `width='stretch'`. For `use_container_width=False`, use `width='content'`.
2026-05-21 14:59:48.660 Please replace `st.components.v1.html` with `st.iframe`.

`st.components.v1.html` will be removed after 2026-06-01.
2026-05-21 14:59:48.766 Please replace `use_container_width` with `width`.

`use_container_width` will be removed after 2025-12-31.

For `use_container_width=True`, use `width='stretch'`. For `use_container_width=False`, use `width='content'`.
2026-05-21 14:59:50.404 Please replace `use_container_width` with `width`.

`use_container_width` will be removed after 2025-12-31.

For `use_container_width=True`, use `width='stretch'`. For `use_container_width=False`, use `width='content'`.
2026-05-21 14:59:50.504 Please replace `use_container_width` with `width`.

`use_container_width` will be removed after 2025-12-31.

For `use_container_width=True`, use `width='stretch'`. For `use_container_width=False`, use `width='content'`.
2026-05-21 14:59:50.621 Please replace `use_container_width` with `width`.

`use_container_width` will be removed after 2025-12-31.

For `use_container_width=True`, use `width='stretch'`. For `use_container_width=False`, use `width='content'`.
2026-05-21 14:59:50.685 Please replace `st.components.v1.html` with `st.iframe`.

`st.components.v1.html` will be removed after 2026-06-01.
2026-05-21 14:59:50.773 Please replace `use_container_width` with `width`.

`use_container_width` will be removed after 2025-12-31.

For `use_container_width=True`, use `width='stretch'`. For `use_container_width=False`, use `width='content'`.
2026-05-21 14:59:52.390 Please replace `use_container_width` with `width`.

`use_container_width` will be removed after 2025-12-31.

For `use_container_width=True`, use `width='stretch'`. For `use_container_width=False`, use `width='content'`.
2026-05-21 14:59:52.485 Please replace `use_container_width` with `width`.

`use_container_width` will be removed after 2025-12-31.

For `use_container_width=True`, use `width='stretch'`. For `use_container_width=False`, use `width='content'`.
2026-05-21 14:59:52.583 Please replace `use_container_width` with `width`.

`use_container_width` will be removed after 2025-12-31.

For `use_container_width=True`, use `width='stretch'`. For `use_container_width=False`, use `width='content'`.
2026-05-21 14:59:52.656 Please replace `st.components.v1.html` with `st.iframe`.

`st.components.v1.html` will be removed after 2026-06-01.
2026-05-21 14:59:52.794 Please replace `use_container_width` with `width`.

`use_container_width` will be removed after 2025-12-31.

For `use_container_width=True`, use `width='stretch'`. For `use_container_width=False`, use `width='content'`.
2026-05-21 14:59:54.394 Please replace `use_container_width` with `width`.

`use_container_width` will be removed after 2025-12-31.

For `use_container_width=True`, use `width='stretch'`. For `use_container_width=False`, use `width='content'`.
2026-05-21 14:59:54.484 Please replace `use_container_width` with `width`.

`use_container_width` will be removed after 2025-12-31.

For `use_container_width=True`, use `width='stretch'`. For `use_container_width=False`, use `width='content'`.
2026-05-21 14:59:54.610 Please replace `use_container_width` with `width`.

`use_container_width` will be removed after 2025-12-31.

For `use_container_width=True`, use `width='stretch'`. For `use_container_width=False`, use `width='content'`.
2026-05-21 14:59:54.682 Please replace `st.components.v1.html` with `st.iframe`.

`st.components.v1.html` will be removed after 2026-06-01.
2026-05-21 14:59:54.768 Please replace `use_container_width` with `width`.

`use_container_width` will be removed after 2025-12-31.

For `use_container_width=True`, use `width='stretch'`. For `use_container_width=False`, use `width='content'`.
2026-05-21 14:59:56.386 Please replace `use_container_width` with `width`.

`use_container_width` will be removed after 2025-12-31.

For `use_container_width=True`, use `width='stretch'`. For `use_container_width=False`, use `width='content'`.
2026-05-21 14:59:56.487 Please replace `use_container_width` with `width`.

`use_container_width` will be removed after 2025-12-31.

For `use_container_width=True`, use `width='stretch'`. For `use_container_width=False`, use `width='content'`.
2026-05-21 14:59:56.591 Please replace `use_container_width` with `width`.

`use_container_width` will be removed after 2025-12-31.

For `use_container_width=True`, use `width='stretch'`. For `use_container_width=False`, use `width='content'`.
2026-05-21 14:59:56.659 Please replace `st.components.v1.html` with `st.iframe`.

`st.components.v1.html` will be removed after 2026-06-01.
2026-05-21 14:59:56.755 Please replace `use_container_width` with `width`.

`use_container_width` will be removed after 2025-12-31.

For `use_container_width=True`, use `width='stretch'`. For `use_container_width=False`, use `width='content'`.
2026-05-21 14:59:58.412 Please replace `use_container_width` with `width`.

`use_container_width` will be removed after 2025-12-31.

For `use_container_width=True`, use `width='stretch'`. For `use_container_width=False`, use `width='content'`.
2026-05-21 14:59:58.522 Please replace `use_container_width` with `width`.

`use_container_width` will be removed after 2025-12-31.

For `use_container_width=True`, use `width='stretch'`. For `use_container_width=False`, use `width='content'`.
2026-05-21 14:59:58.638 Please replace `use_container_width` with `width`.

`use_container_width` will be removed after 2025-12-31.

For `use_container_width=True`, use `width='stretch'`. For `use_container_width=False`, use `width='content'`.
2026-05-21 14:59:58.718 Please replace `st.components.v1.html` with `st.iframe`.

`st.components.v1.html` will be removed after 2026-06-01.
2026-05-21 14:59:58.827 Please replace `use_container_width` with `width`.

`use_container_width` will be removed after 2025-12-31.

For `use_container_width=True`, use `width='stretch'`. For `use_container_width=False`, use `width='content'`.
2026-05-21 15:00:00.381 Please replace `use_container_width` with `width`.

`use_container_width` will be removed after 2025-12-31.

For `use_container_width=True`, use `width='stretch'`. For `use_container_width=False`, use `width='content'`.
2026-05-21 15:00:00.493 Please replace `use_container_width` with `width`.

`use_container_width` will be removed after 2025-12-31.

For `use_container_width=True`, use `width='stretch'`. For `use_container_width=False`, use `width='content'`.
2026-05-21 15:00:00.611 Please replace `use_container_width` with `width`.

`use_container_width` will be removed after 2025-12-31.

For `use_container_width=True`, use `width='stretch'`. For `use_container_width=False`, use `width='content'`.
2026-05-21 15:00:00.686 Please replace `st.components.v1.html` with `st.iframe`.

`st.components.v1.html` will be removed after 2026-06-01.
2026-05-21 15:00:00.796 Please replace `use_container_width` with `width`.

`use_container_width` will be removed after 2025-12-31.

For `use_container_width=True`, use `width='stretch'`. For `use_container_width=False`, use `width='content'`.
2026-05-21 15:00:02.402 Please replace `use_container_width` with `width`.

`use_container_width` will be removed after 2025-12-31.

For `use_container_width=True`, use `width='stretch'`. For `use_container_width=False`, use `width='content'`.
2026-05-21 15:00:02.508 Please replace `use_container_width` with `width`.

`use_container_width` will be removed after 2025-12-31.

For `use_container_width=True`, use `width='stretch'`. For `use_container_width=False`, use `width='content'`.
2026-05-21 15:00:02.601 Please replace `use_container_width` with `width`.

`use_container_width` will be removed after 2025-12-31.

For `use_container_width=True`, use `width='stretch'`. For `use_container_width=False`, use `width='content'`.
2026-05-21 15:00:02.683 Please replace `st.components.v1.html` with `st.iframe`.

`st.components.v1.html` will be removed after 2026-06-01.
2026-05-21 15:00:02.766 Please replace `use_container_width` with `width`.

`use_container_width` will be removed after 2025-12-31.

For `use_container_width=True`, use `width='stretch'`. For `use_container_width=False`, use `width='content'`.
2026-05-21 15:00:04.379 Please replace `use_container_width` with `width`.

`use_container_width` will be removed after 2025-12-31.

For `use_container_width=True`, use `width='stretch'`. For `use_container_width=False`, use `width='content'`.
2026-05-21 15:00:04.479 Please replace `use_container_width` with `width`.

`use_container_width` will be removed after 2025-12-31.

For `use_container_width=True`, use `width='stretch'`. For `use_container_width=False`, use `width='content'`.
2026-05-21 15:00:04.619 Please replace `use_container_width` with `width`.

`use_container_width` will be removed after 2025-12-31.

For `use_container_width=True`, use `width='stretch'`. For `use_container_width=False`, use `width='content'`.
2026-05-21 15:00:04.693 Please replace `st.components.v1.html` with `st.iframe`.

`st.components.v1.html` will be removed after 2026-06-01.
2026-05-21 15:00:04.774 Please replace `use_container_width` with `width`.

`use_container_width` will be removed after 2025-12-31.

For `use_container_width=True`, use `width='stretch'`. For `use_container_width=False`, use `width='content'`.
2026-05-21 15:00:06.404 Please replace `use_container_width` with `width`.

`use_container_width` will be removed after 2025-12-31.

For `use_container_width=True`, use `width='stretch'`. For `use_container_width=False`, use `width='content'`.
2026-05-21 15:00:06.508 Please replace `use_container_width` with `width`.

`use_container_width` will be removed after 2025-12-31.

For `use_container_width=True`, use `width='stretch'`. For `use_container_width=False`, use `width='content'`.
2026-05-21 15:00:06.618 Please replace `use_container_width` with `width`.

`use_container_width` will be removed after 2025-12-31.

For `use_container_width=True`, use `width='stretch'`. For `use_container_width=False`, use `width='content'`.
2026-05-21 15:00:06.691 Please replace `st.components.v1.html` with `st.iframe`.

`st.components.v1.html` will be removed after 2026-06-01.
2026-05-21 15:00:06.803 Please replace `use_container_width` with `width`.

`use_container_width` will be removed after 2025-12-31.

For `use_container_width=True`, use `width='stretch'`. For `use_container_width=False`, use `width='content'`.
2026-05-21 15:00:08.382 Please replace `use_container_width` with `width`.

`use_container_width` will be removed after 2025-12-31.

For `use_container_width=True`, use `width='stretch'`. For `use_container_width=False`, use `width='content'`.
2026-05-21 15:00:08.478 Please replace `use_container_width` with `width`.

`use_container_width` will be removed after 2025-12-31.

For `use_container_width=True`, use `width='stretch'`. For `use_container_width=False`, use `width='content'`.
2026-05-21 15:00:08.577 Please replace `use_container_width` with `width`.

`use_container_width` will be removed after 2025-12-31.

For `use_container_width=True`, use `width='stretch'`. For `use_container_width=False`, use `width='content'`.
2026-05-21 15:00:08.690 Please replace `st.components.v1.html` with `st.iframe`.

`st.components.v1.html` will be removed after 2026-06-01.
2026-05-21 15:00:08.793 Please replace `use_container_width` with `width`.

`use_container_width` will be removed after 2025-12-31.

For `use_container_width=True`, use `width='stretch'`. For `use_container_width=False`, use `width='content'`.
2026-05-21 15:00:10.405 Please replace `use_container_width` with `width`.

`use_container_width` will be removed after 2025-12-31.

For `use_container_width=True`, use `width='stretch'`. For `use_container_width=False`, use `width='content'`.
2026-05-21 15:00:10.516 Please replace `use_container_width` with `width`.

`use_container_width` will be removed after 2025-12-31.

For `use_container_width=True`, use `width='stretch'`. For `use_container_width=False`, use `width='content'`.
2026-05-21 15:00:10.624 Please replace `use_container_width` with `width`.

`use_container_width` will be removed after 2025-12-31.

For `use_container_width=True`, use `width='stretch'`. For `use_container_width=False`, use `width='content'`.
2026-05-21 15:00:10.698 Please replace `st.components.v1.html` with `st.iframe`.

`st.components.v1.html` will be removed after 2026-06-01.
2026-05-21 15:00:10.795 Please replace `use_container_width` with `width`.

`use_container_width` will be removed after 2025-12-31.

For `use_container_width=True`, use `width='stretch'`. For `use_container_width=False`, use `width='content'`.
2026-05-21 15:00:12.385 Please replace `use_container_width` with `width`.

`use_container_width` will be removed after 2025-12-31.

For `use_container_width=True`, use `width='stretch'`. For `use_container_width=False`, use `width='content'`.
2026-05-21 15:00:12.498 Please replace `use_container_width` with `width`.

`use_container_width` will be removed after 2025-12-31.

For `use_container_width=True`, use `width='stretch'`. For `use_container_width=False`, use `width='content'`.
2026-05-21 15:00:12.615 Please replace `use_container_width` with `width`.

`use_container_width` will be removed after 2025-12-31.

For `use_container_width=True`, use `width='stretch'`. For `use_container_width=False`, use `width='content'`.
2026-05-21 15:00:12.707 Please replace `st.components.v1.html` with `st.iframe`.

`st.components.v1.html` will be removed after 2026-06-01.
2026-05-21 15:00:12.814 Please replace `use_container_width` with `width`.

`use_container_width` will be removed after 2025-12-31.

For `use_container_width=True`, use `width='stretch'`. For `use_container_width=False`, use `width='content'`.
2026-05-21 15:00:14.400 Please replace `use_container_width` with `width`.

`use_container_width` will be removed after 2025-12-31.

For `use_container_width=True`, use `width='stretch'`. For `use_container_width=False`, use `width='content'`.
2026-05-21 15:00:14.504 Please replace `use_container_width` with `width`.

`use_container_width` will be removed after 2025-12-31.

For `use_container_width=True`, use `width='stretch'`. For `use_container_width=False`, use `width='content'`.
2026-05-21 15:00:14.603 Please replace `use_container_width` with `width`.

`use_container_width` will be removed after 2025-12-31.

For `use_container_width=True`, use `width='stretch'`. For `use_container_width=False`, use `width='content'`.
2026-05-21 15:00:14.677 Please replace `st.components.v1.html` with `st.iframe`.

`st.components.v1.html` will be removed after 2026-06-01.
2026-05-21 15:00:14.766 Please replace `use_container_width` with `width`.

`use_container_width` will be removed after 2025-12-31.

For `use_container_width=True`, use `width='stretch'`. For `use_container_width=False`, use `width='content'`.
2026-05-21 15:00:16.381 Please replace `use_container_width` with `width`.

`use_container_width` will be removed after 2025-12-31.

For `use_container_width=True`, use `width='stretch'`. For `use_container_width=False`, use `width='content'`.
2026-05-21 15:00:16.483 Please replace `use_container_width` with `width`.

`use_container_width` will be removed after 2025-12-31.

For `use_container_width=True`, use `width='stretch'`. For `use_container_width=False`, use `width='content'`.
2026-05-21 15:00:16.592 Please replace `use_container_width` with `width`.

`use_container_width` will be removed after 2025-12-31.

For `use_container_width=True`, use `width='stretch'`. For `use_container_width=False`, use `width='content'`.
2026-05-21 15:00:16.683 Please replace `st.components.v1.html` with `st.iframe`.

`st.components.v1.html` will be removed after 2026-06-01.
2026-05-21 15:00:16.764 Please replace `use_container_width` with `width`.

`use_container_width` will be removed after 2025-12-31.

For `use_container_width=True`, use `width='stretch'`. For `use_container_width=False`, use `width='content'`.
2026-05-21 15:00:18.400 Please replace `use_container_width` with `width`.

`use_container_width` will be removed after 2025-12-31.

For `use_container_width=True`, use `width='stretch'`. For `use_container_width=False`, use `width='content'`.
2026-05-21 15:00:18.504 Please replace `use_container_width` with `width`.

`use_container_width` will be removed after 2025-12-31.

For `use_container_width=True`, use `width='stretch'`. For `use_container_width=False`, use `width='content'`.
2026-05-21 15:00:18.608 Please replace `use_container_width` with `width`.

`use_container_width` will be removed after 2025-12-31.

For `use_container_width=True`, use `width='stretch'`. For `use_container_width=False`, use `width='content'`.
2026-05-21 15:00:18.705 Please replace `st.components.v1.html` with `st.iframe`.

`st.components.v1.html` will be removed after 2026-06-01.
2026-05-21 15:00:18.790 Please replace `use_container_width` with `width`.

`use_container_width` will be removed after 2025-12-31.

For `use_container_width=True`, use `width='stretch'`. For `use_container_width=False`, use `width='content'`.
2026-05-21 15:00:20.393 Please replace `use_container_width` with `width`.

`use_container_width` will be removed after 2025-12-31.

For `use_container_width=True`, use `width='stretch'`. For `use_container_width=False`, use `width='content'`.
2026-05-21 15:00:20.472 Please replace `use_container_width` with `width`.

`use_container_width` will be removed after 2025-12-31.

For `use_container_width=True`, use `width='stretch'`. For `use_container_width=False`, use `width='content'`.
2026-05-21 15:00:20.564 Please replace `use_container_width` with `width`.

`use_container_width` will be removed after 2025-12-31.

For `use_container_width=True`, use `width='stretch'`. For `use_container_width=False`, use `width='content'`.
2026-05-21 15:00:20.660 Please replace `st.components.v1.html` with `st.iframe`.

`st.components.v1.html` will be removed after 2026-06-01.
2026-05-21 15:00:20.743 Please replace `use_container_width` with `width`.

`use_container_width` will be removed after 2025-12-31.

For `use_container_width=True`, use `width='stretch'`. For `use_container_width=False`, use `width='content'`.
2026-05-21 15:00:22.399 Please replace `use_container_width` with `width`.

`use_container_width` will be removed after 2025-12-31.

For `use_container_width=True`, use `width='stretch'`. For `use_container_width=False`, use `width='content'`.
2026-05-21 15:00:22.498 Please replace `use_container_width` with `width`.

`use_container_width` will be removed after 2025-12-31.

For `use_container_width=True`, use `width='stretch'`. For `use_container_width=False`, use `width='content'`.
2026-05-21 15:00:22.601 Please replace `use_container_width` with `width`.

`use_container_width` will be removed after 2025-12-31.

For `use_container_width=True`, use `width='stretch'`. For `use_container_width=False`, use `width='content'`.
2026-05-21 15:00:22.674 Please replace `st.components.v1.html` with `st.iframe`.

`st.components.v1.html` will be removed after 2026-06-01.
2026-05-21 15:00:22.772 Please replace `use_container_width` with `width`.

`use_container_width` will be removed after 2025-12-31.

For `use_container_width=True`, use `width='stretch'`. For `use_container_width=False`, use `width='content'`.
2026-05-21 15:00:24.457 Please replace `use_container_width` with `width`.

`use_container_width` will be removed after 2025-12-31.

For `use_container_width=True`, use `width='stretch'`. For `use_container_width=False`, use `width='content'`.
2026-05-21 15:00:24.572 Please replace `use_container_width` with `width`.

`use_container_width` will be removed after 2025-12-31.

For `use_container_width=True`, use `width='stretch'`. For `use_container_width=False`, use `width='content'`.
2026-05-21 15:00:24.684 Please replace `use_container_width` with `width`.

`use_container_width` will be removed after 2025-12-31.

For `use_container_width=True`, use `width='stretch'`. For `use_container_width=False`, use `width='content'`.
2026-05-21 15:00:24.766 Please replace `st.components.v1.html` with `st.iframe`.

`st.components.v1.html` will be removed after 2026-06-01.
2026-05-21 15:00:24.861 Please replace `use_container_width` with `width`.

`use_container_width` will be removed after 2025-12-31.

For `use_container_width=True`, use `width='stretch'`. For `use_container_width=False`, use `width='content'`.
2026-05-21 15:00:26.398 Please replace `use_container_width` with `width`.

`use_container_width` will be removed after 2025-12-31.

For `use_container_width=True`, use `width='stretch'`. For `use_container_width=False`, use `width='content'`.
2026-05-21 15:00:26.500 Please replace `use_container_width` with `width`.

`use_container_width` will be removed after 2025-12-31.

For `use_container_width=True`, use `width='stretch'`. For `use_container_width=False`, use `width='content'`.
2026-05-21 15:00:26.632 Please replace `use_container_width` with `width`.

`use_container_width` will be removed after 2025-12-31.

For `use_container_width=True`, use `width='stretch'`. For `use_container_width=False`, use `width='content'`.
2026-05-21 15:00:26.710 Please replace `st.components.v1.html` with `st.iframe`.

`st.components.v1.html` will be removed after 2026-06-01.
2026-05-21 15:00:26.810 Please replace `use_container_width` with `width`.

`use_container_width` will be removed after 2025-12-31.

For `use_container_width=True`, use `width='stretch'`. For `use_container_width=False`, use `width='content'`.
2026-05-21 15:00:28.408 Please replace `use_container_width` with `width`.

`use_container_width` will be removed after 2025-12-31.

For `use_container_width=True`, use `width='stretch'`. For `use_container_width=False`, use `width='content'`.
2026-05-21 15:00:28.523 Please replace `use_container_width` with `width`.

`use_container_width` will be removed after 2025-12-31.

For `use_container_width=True`, use `width='stretch'`. For `use_container_width=False`, use `width='content'`.
2026-05-21 15:00:28.631 Please replace `use_container_width` with `width`.

`use_container_width` will be removed after 2025-12-31.

For `use_container_width=True`, use `width='stretch'`. For `use_container_width=False`, use `width='content'`.
2026-05-21 15:00:28.709 Please replace `st.components.v1.html` with `st.iframe`.

`st.components.v1.html` will be removed after 2026-06-01.
2026-05-21 15:00:28.804 Please replace `use_container_width` with `width`.

`use_container_width` will be removed after 2025-12-31.

For `use_container_width=True`, use `width='stretch'`. For `use_container_width=False`, use `width='content'`.
2026-05-21 15:00:30.392 Please replace `use_container_width` with `width`.

`use_container_width` will be removed after 2025-12-31.

For `use_container_width=True`, use `width='stretch'`. For `use_container_width=False`, use `width='content'`.
2026-05-21 15:00:30.504 Please replace `use_container_width` with `width`.

`use_container_width` will be removed after 2025-12-31.

For `use_container_width=True`, use `width='stretch'`. For `use_container_width=False`, use `width='content'`.
2026-05-21 15:00:30.603 Please replace `use_container_width` with `width`.

`use_container_width` will be removed after 2025-12-31.

For `use_container_width=True`, use `width='stretch'`. For `use_container_width=False`, use `width='content'`.
2026-05-21 15:00:30.668 Please replace `st.components.v1.html` with `st.iframe`.

`st.components.v1.html` will be removed after 2026-06-01.
2026-05-21 15:00:30.776 Please replace `use_container_width` with `width`.

`use_container_width` will be removed after 2025-12-31.

For `use_container_width=True`, use `width='stretch'`. For `use_container_width=False`, use `width='content'`.
2026-05-21 15:00:32.405 Please replace `use_container_width` with `width`.

`use_container_width` will be removed after 2025-12-31.

For `use_container_width=True`, use `width='stretch'`. For `use_container_width=False`, use `width='content'`.
2026-05-21 15:00:32.492 Please replace `use_container_width` with `width`.

`use_container_width` will be removed after 2025-12-31.

For `use_container_width=True`, use `width='stretch'`. For `use_container_width=False`, use `width='content'`.
2026-05-21 15:00:32.606 Please replace `use_container_width` with `width`.

`use_container_width` will be removed after 2025-12-31.

For `use_container_width=True`, use `width='stretch'`. For `use_container_width=False`, use `width='content'`.
2026-05-21 15:00:32.683 Please replace `st.components.v1.html` with `st.iframe`.

`st.components.v1.html` will be removed after 2026-06-01.
2026-05-21 15:00:32.794 Please replace `use_container_width` with `width`.

`use_container_width` will be removed after 2025-12-31.

For `use_container_width=True`, use `width='stretch'`. For `use_container_width=False`, use `width='content'`.
2026-05-21 15:00:34.378 Please replace `use_container_width` with `width`.

`use_container_width` will be removed after 2025-12-31.

For `use_container_width=True`, use `width='stretch'`. For `use_container_width=False`, use `width='content'`.
2026-05-21 15:00:34.485 Please replace `use_container_width` with `width`.

`use_container_width` will be removed after 2025-12-31.

For `use_container_width=True`, use `width='stretch'`. For `use_container_width=False`, use `width='content'`.
2026-05-21 15:00:34.577 Please replace `use_container_width` with `width`.

`use_container_width` will be removed after 2025-12-31.

For `use_container_width=True`, use `width='stretch'`. For `use_container_width=False`, use `width='content'`.
2026-05-21 15:00:34.678 Please replace `st.components.v1.html` with `st.iframe`.

`st.components.v1.html` will be removed after 2026-06-01.
2026-05-21 15:00:34.765 Please replace `use_container_width` with `width`.

`use_container_width` will be removed after 2025-12-31.

For `use_container_width=True`, use `width='stretch'`. For `use_container_width=False`, use `width='content'`.
2026-05-21 15:00:36.400 Please replace `use_container_width` with `width`.

`use_container_width` will be removed after 2025-12-31.

For `use_container_width=True`, use `width='stretch'`. For `use_container_width=False`, use `width='content'`.
2026-05-21 15:00:36.508 Please replace `use_container_width` with `width`.

`use_container_width` will be removed after 2025-12-31.

For `use_container_width=True`, use `width='stretch'`. For `use_container_width=False`, use `width='content'`.
2026-05-21 15:00:36.619 Please replace `use_container_width` with `width`.

`use_container_width` will be removed after 2025-12-31.

For `use_container_width=True`, use `width='stretch'`. For `use_container_width=False`, use `width='content'`.
2026-05-21 15:00:36.685 Please replace `st.components.v1.html` with `st.iframe`.

`st.components.v1.html` will be removed after 2026-06-01.
2026-05-21 15:00:36.776 Please replace `use_container_width` with `width`.

`use_container_width` will be removed after 2025-12-31.

For `use_container_width=True`, use `width='stretch'`. For `use_container_width=False`, use `width='content'`.
2026-05-21 15:00:38.380 Please replace `use_container_width` with `width`.

`use_container_width` will be removed after 2025-12-31.

For `use_container_width=True`, use `width='stretch'`. For `use_container_width=False`, use `width='content'`.
2026-05-21 15:00:38.495 Please replace `use_container_width` with `width`.

`use_container_width` will be removed after 2025-12-31.

For `use_container_width=True`, use `width='stretch'`. For `use_container_width=False`, use `width='content'`.
2026-05-21 15:00:38.613 Please replace `use_container_width` with `width`.

`use_container_width` will be removed after 2025-12-31.

For `use_container_width=True`, use `width='stretch'`. For `use_container_width=False`, use `width='content'`.
2026-05-21 15:00:38.693 Please replace `st.components.v1.html` with `st.iframe`.

`st.components.v1.html` will be removed after 2026-06-01.
2026-05-21 15:00:38.775 Please replace `use_container_width` with `width`.

`use_container_width` will be removed after 2025-12-31.

For `use_container_width=True`, use `width='stretch'`. For `use_container_width=False`, use `width='content'`.
2026-05-21 15:00:40.399 Please replace `use_container_width` with `width`.

`use_container_width` will be removed after 2025-12-31.

For `use_container_width=True`, use `width='stretch'`. For `use_container_width=False`, use `width='content'`.
2026-05-21 15:00:40.513 Please replace `use_container_width` with `width`.

`use_container_width` will be removed after 2025-12-31.

For `use_container_width=True`, use `width='stretch'`. For `use_container_width=False`, use `width='content'`.
2026-05-21 15:00:40.617 Please replace `use_container_width` with `width`.

`use_container_width` will be removed after 2025-12-31.

For `use_container_width=True`, use `width='stretch'`. For `use_container_width=False`, use `width='content'`.
2026-05-21 15:00:40.687 Please replace `st.components.v1.html` with `st.iframe`.

`st.components.v1.html` will be removed after 2026-06-01.
2026-05-21 15:00:40.790 Please replace `use_container_width` with `width`.

`use_container_width` will be removed after 2025-12-31.

For `use_container_width=True`, use `width='stretch'`. For `use_container_width=False`, use `width='content'`.
2026-05-21 15:00:42.386 Please replace `use_container_width` with `width`.

`use_container_width` will be removed after 2025-12-31.

For `use_container_width=True`, use `width='stretch'`. For `use_container_width=False`, use `width='content'`.
2026-05-21 15:00:42.491 Please replace `use_container_width` with `width`.

`use_container_width` will be removed after 2025-12-31.

For `use_container_width=True`, use `width='stretch'`. For `use_container_width=False`, use `width='content'`.
2026-05-21 15:00:42.590 Please replace `use_container_width` with `width`.

`use_container_width` will be removed after 2025-12-31.

For `use_container_width=True`, use `width='stretch'`. For `use_container_width=False`, use `width='content'`.
2026-05-21 15:00:42.698 Please replace `st.components.v1.html` with `st.iframe`.

`st.components.v1.html` will be removed after 2026-06-01.
2026-05-21 15:00:42.784 Please replace `use_container_width` with `width`.

`use_container_width` will be removed after 2025-12-31.

For `use_container_width=True`, use `width='stretch'`. For `use_container_width=False`, use `width='content'`.
2026-05-21 15:00:44.403 Please replace `use_container_width` with `width`.

`use_container_width` will be removed after 2025-12-31.

For `use_container_width=True`, use `width='stretch'`. For `use_container_width=False`, use `width='content'`.
2026-05-21 15:00:44.515 Please replace `use_container_width` with `width`.

`use_container_width` will be removed after 2025-12-31.

For `use_container_width=True`, use `width='stretch'`. For `use_container_width=False`, use `width='content'`.
2026-05-21 15:00:44.638 Please replace `use_container_width` with `width`.

`use_container_width` will be removed after 2025-12-31.

For `use_container_width=True`, use `width='stretch'`. For `use_container_width=False`, use `width='content'`.
2026-05-21 15:00:44.726 Please replace `st.components.v1.html` with `st.iframe`.

`st.components.v1.html` will be removed after 2026-06-01.
2026-05-21 15:00:44.815 Please replace `use_container_width` with `width`.

`use_container_width` will be removed after 2025-12-31.

For `use_container_width=True`, use `width='stretch'`. For `use_container_width=False`, use `width='content'`.
2026-05-21 15:00:46.386 Please replace `use_container_width` with `width`.

`use_container_width` will be removed after 2025-12-31.

For `use_container_width=True`, use `width='stretch'`. For `use_container_width=False`, use `width='content'`.
2026-05-21 15:00:46.489 Please replace `use_container_width` with `width`.

`use_container_width` will be removed after 2025-12-31.

For `use_container_width=True`, use `width='stretch'`. For `use_container_width=False`, use `width='content'`.
2026-05-21 15:00:46.612 Please replace `use_container_width` with `width`.

`use_container_width` will be removed after 2025-12-31.

For `use_container_width=True`, use `width='stretch'`. For `use_container_width=False`, use `width='content'`.
2026-05-21 15:00:46.678 Please replace `st.components.v1.html` with `st.iframe`.

`st.components.v1.html` will be removed after 2026-06-01.
2026-05-21 15:00:46.787 Please replace `use_container_width` with `width`.

`use_container_width` will be removed after 2025-12-31.

For `use_container_width=True`, use `width='stretch'`. For `use_container_width=False`, use `width='content'`.
2026-05-21 15:00:48.403 Please replace `use_container_width` with `width`.

`use_container_width` will be removed after 2025-12-31.

For `use_container_width=True`, use `width='stretch'`. For `use_container_width=False`, use `width='content'`.
2026-05-21 15:00:48.509 Please replace `use_container_width` with `width`.

`use_container_width` will be removed after 2025-12-31.

For `use_container_width=True`, use `width='stretch'`. For `use_container_width=False`, use `width='content'`.
2026-05-21 15:00:48.620 Please replace `use_container_width` with `width`.

`use_container_width` will be removed after 2025-12-31.

For `use_container_width=True`, use `width='stretch'`. For `use_container_width=False`, use `width='content'`.
2026-05-21 15:00:48.687 Please replace `st.components.v1.html` with `st.iframe`.

`st.components.v1.html` will be removed after 2026-06-01.
2026-05-21 15:00:48.783 Please replace `use_container_width` with `width`.

`use_container_width` will be removed after 2025-12-31.

For `use_container_width=True`, use `width='stretch'`. For `use_container_width=False`, use `width='content'`.
2026-05-21 15:00:50.378 Please replace `use_container_width` with `width`.

`use_container_width` will be removed after 2025-12-31.

For `use_container_width=True`, use `width='stretch'`. For `use_container_width=False`, use `width='content'`.
2026-05-21 15:00:50.476 Please replace `use_container_width` with `width`.

`use_container_width` will be removed after 2025-12-31.

For `use_container_width=True`, use `width='stretch'`. For `use_container_width=False`, use `width='content'`.
2026-05-21 15:00:50.575 Please replace `use_container_width` with `width`.

`use_container_width` will be removed after 2025-12-31.

For `use_container_width=True`, use `width='stretch'`. For `use_container_width=False`, use `width='content'`.
2026-05-21 15:00:50.658 Please replace `st.components.v1.html` with `st.iframe`.

`st.components.v1.html` will be removed after 2026-06-01.
2026-05-21 15:00:50.750 Please replace `use_container_width` with `width`.

`use_container_width` will be removed after 2025-12-31.

For `use_container_width=True`, use `width='stretch'`. For `use_container_width=False`, use `width='content'`.
2026-05-21 15:00:52.413 Please replace `use_container_width` with `width`.

`use_container_width` will be removed after 2025-12-31.

For `use_container_width=True`, use `width='stretch'`. For `use_container_width=False`, use `width='content'`.
2026-05-21 15:00:52.502 Please replace `use_container_width` with `width`.

`use_container_width` will be removed after 2025-12-31.

For `use_container_width=True`, use `width='stretch'`. For `use_container_width=False`, use `width='content'`.
2026-05-21 15:00:52.613 Please replace `use_container_width` with `width`.

`use_container_width` will be removed after 2025-12-31.

For `use_container_width=True`, use `width='stretch'`. For `use_container_width=False`, use `width='content'`.
2026-05-21 15:00:52.693 Please replace `st.components.v1.html` with `st.iframe`.

`st.components.v1.html` will be removed after 2026-06-01.
2026-05-21 15:00:52.792 Please replace `use_container_width` with `width`.

`use_container_width` will be removed after 2025-12-31.

For `use_container_width=True`, use `width='stretch'`. For `use_container_width=False`, use `width='content'`.
2026-05-21 15:00:54.384 Please replace `use_container_width` with `width`.

`use_container_width` will be removed after 2025-12-31.

For `use_container_width=True`, use `width='stretch'`. For `use_container_width=False`, use `width='content'`.
2026-05-21 15:00:54.486 Please replace `use_container_width` with `width`.

`use_container_width` will be removed after 2025-12-31.

For `use_container_width=True`, use `width='stretch'`. For `use_container_width=False`, use `width='content'`.
2026-05-21 15:00:54.573 Please replace `use_container_width` with `width`.

`use_container_width` will be removed after 2025-12-31.

For `use_container_width=True`, use `width='stretch'`. For `use_container_width=False`, use `width='content'`.
2026-05-21 15:00:54.654 Please replace `st.components.v1.html` with `st.iframe`.

`st.components.v1.html` will be removed after 2026-06-01.
2026-05-21 15:00:54.754 Please replace `use_container_width` with `width`.

`use_container_width` will be removed after 2025-12-31.

For `use_container_width=True`, use `width='stretch'`. For `use_container_width=False`, use `width='content'`.
2026-05-21 15:00:56.399 Please replace `use_container_width` with `width`.

`use_container_width` will be removed after 2025-12-31.

For `use_container_width=True`, use `width='stretch'`. For `use_container_width=False`, use `width='content'`.
2026-05-21 15:00:56.514 Please replace `use_container_width` with `width`.

`use_container_width` will be removed after 2025-12-31.

For `use_container_width=True`, use `width='stretch'`. For `use_container_width=False`, use `width='content'`.
2026-05-21 15:00:56.636 Please replace `use_container_width` with `width`.

`use_container_width` will be removed after 2025-12-31.

For `use_container_width=True`, use `width='stretch'`. For `use_container_width=False`, use `width='content'`.
2026-05-21 15:00:56.713 Please replace `st.components.v1.html` with `st.iframe`.

`st.components.v1.html` will be removed after 2026-06-01.
2026-05-21 15:00:56.814 Please replace `use_container_width` with `width`.

`use_container_width` will be removed after 2025-12-31.

For `use_container_width=True`, use `width='stretch'`. For `use_container_width=False`, use `width='content'`.
2026-05-21 15:00:58.382 Please replace `use_container_width` with `width`.

`use_container_width` will be removed after 2025-12-31.

For `use_container_width=True`, use `width='stretch'`. For `use_container_width=False`, use `width='content'`.
2026-05-21 15:00:58.495 Please replace `use_container_width` with `width`.

`use_container_width` will be removed after 2025-12-31.

For `use_container_width=True`, use `width='stretch'`. For `use_container_width=False`, use `width='content'`.
2026-05-21 15:00:58.601 Please replace `use_container_width` with `width`.

`use_container_width` will be removed after 2025-12-31.

For `use_container_width=True`, use `width='stretch'`. For `use_container_width=False`, use `width='content'`.
2026-05-21 15:00:58.670 Please replace `st.components.v1.html` with `st.iframe`.

`st.components.v1.html` will be removed after 2026-06-01.
2026-05-21 15:00:58.783 Please replace `use_container_width` with `width`.

`use_container_width` will be removed after 2025-12-31.

For `use_container_width=True`, use `width='stretch'`. For `use_container_width=False`, use `width='content'`.
2026-05-21 15:01:00.408 Please replace `use_container_width` with `width`.

`use_container_width` will be removed after 2025-12-31.

For `use_container_width=True`, use `width='stretch'`. For `use_container_width=False`, use `width='content'`.
2026-05-21 15:01:00.524 Please replace `use_container_width` with `width`.

`use_container_width` will be removed after 2025-12-31.

For `use_container_width=True`, use `width='stretch'`. For `use_container_width=False`, use `width='content'`.
2026-05-21 15:01:00.642 Please replace `use_container_width` with `width`.

`use_container_width` will be removed after 2025-12-31.

For `use_container_width=True`, use `width='stretch'`. For `use_container_width=False`, use `width='content'`.
2026-05-21 15:01:00.715 Please replace `st.components.v1.html` with `st.iframe`.

`st.components.v1.html` will be removed after 2026-06-01.
2026-05-21 15:01:00.835 Please replace `use_container_width` with `width`.

`use_container_width` will be removed after 2025-12-31.

For `use_container_width=True`, use `width='stretch'`. For `use_container_width=False`, use `width='content'`.
2026-05-21 15:01:02.385 Please replace `use_container_width` with `width`.

`use_container_width` will be removed after 2025-12-31.

For `use_container_width=True`, use `width='stretch'`. For `use_container_width=False`, use `width='content'`.
2026-05-21 15:01:02.478 Please replace `use_container_width` with `width`.

`use_container_width` will be removed after 2025-12-31.

For `use_container_width=True`, use `width='stretch'`. For `use_container_width=False`, use `width='content'`.
2026-05-21 15:01:02.586 Please replace `use_container_width` with `width`.

`use_container_width` will be removed after 2025-12-31.

For `use_container_width=True`, use `width='stretch'`. For `use_container_width=False`, use `width='content'`.
2026-05-21 15:01:02.672 Please replace `st.components.v1.html` with `st.iframe`.

`st.components.v1.html` will be removed after 2026-06-01.
2026-05-21 15:01:02.777 Please replace `use_container_width` with `width`.

`use_container_width` will be removed after 2025-12-31.

For `use_container_width=True`, use `width='stretch'`. For `use_container_width=False`, use `width='content'`.
2026-05-21 15:01:04.415 Please replace `use_container_width` with `width`.

`use_container_width` will be removed after 2025-12-31.

For `use_container_width=True`, use `width='stretch'`. For `use_container_width=False`, use `width='content'`.
2026-05-21 15:01:04.528 Please replace `use_container_width` with `width`.

`use_container_width` will be removed after 2025-12-31.

For `use_container_width=True`, use `width='stretch'`. For `use_container_width=False`, use `width='content'`.
2026-05-21 15:01:04.644 Please replace `use_container_width` with `width`.

`use_container_width` will be removed after 2025-12-31.

For `use_container_width=True`, use `width='stretch'`. For `use_container_width=False`, use `width='content'`.
2026-05-21 15:01:04.744 Please replace `st.components.v1.html` with `st.iframe`.

`st.components.v1.html` will be removed after 2026-06-01.
2026-05-21 15:01:04.835 Please replace `use_container_width` with `width`.

`use_container_width` will be removed after 2025-12-31.

For `use_container_width=True`, use `width='stretch'`. For `use_container_width=False`, use `width='content'`.
2026-05-21 15:01:06.441 Please replace `use_container_width` with `width`.

`use_container_width` will be removed after 2025-12-31.

For `use_container_width=True`, use `width='stretch'`. For `use_container_width=False`, use `width='content'`.
2026-05-21 15:01:06.529 Please replace `use_container_width` with `width`.

`use_container_width` will be removed after 2025-12-31.

For `use_container_width=True`, use `width='stretch'`. For `use_container_width=False`, use `width='content'`.
2026-05-21 15:01:06.625 Please replace `use_container_width` with `width`.

`use_container_width` will be removed after 2025-12-31.

For `use_container_width=True`, use `width='stretch'`. For `use_container_width=False`, use `width='content'`.
2026-05-21 15:01:06.705 Please replace `st.components.v1.html` with `st.iframe`.

`st.components.v1.html` will be removed after 2026-06-01.
2026-05-21 15:01:06.791 Please replace `use_container_width` with `width`.

`use_container_width` will be removed after 2025-12-31.

For `use_container_width=True`, use `width='stretch'`. For `use_container_width=False`, use `width='content'`.
2026-05-21 15:01:08.399 Please replace `use_container_width` with `width`.

`use_container_width` will be removed after 2025-12-31.

For `use_container_width=True`, use `width='stretch'`. For `use_container_width=False`, use `width='content'`.
2026-05-21 15:01:08.513 Please replace `use_container_width` with `width`.

`use_container_width` will be removed after 2025-12-31.

For `use_container_width=True`, use `width='stretch'`. For `use_container_width=False`, use `width='content'`.
2026-05-21 15:01:08.630 Please replace `use_container_width` with `width`.

`use_container_width` will be removed after 2025-12-31.

For `use_container_width=True`, use `width='stretch'`. For `use_container_width=False`, use `width='content'`.
2026-05-21 15:01:08.713 Please replace `st.components.v1.html` with `st.iframe`.

`st.components.v1.html` will be removed after 2026-06-01.
2026-05-21 15:01:08.794 Please replace `use_container_width` with `width`.

`use_container_width` will be removed after 2025-12-31.

For `use_container_width=True`, use `width='stretch'`. For `use_container_width=False`, use `width='content'`.
2026-05-21 15:01:10.379 Please replace `use_container_width` with `width`.

`use_container_width` will be removed after 2025-12-31.

For `use_container_width=True`, use `width='stretch'`. For `use_container_width=False`, use `width='content'`.
2026-05-21 15:01:10.482 Please replace `use_container_width` with `width`.

`use_container_width` will be removed after 2025-12-31.

For `use_container_width=True`, use `width='stretch'`. For `use_container_width=False`, use `width='content'`.
2026-05-21 15:01:10.590 Please replace `use_container_width` with `width`.

`use_container_width` will be removed after 2025-12-31.

For `use_container_width=True`, use `width='stretch'`. For `use_container_width=False`, use `width='content'`.
2026-05-21 15:01:10.693 Please replace `st.components.v1.html` with `st.iframe`.

`st.components.v1.html` will be removed after 2026-06-01.
2026-05-21 15:01:10.796 Please replace `use_container_width` with `width`.

`use_container_width` will be removed after 2025-12-31.

For `use_container_width=True`, use `width='stretch'`. For `use_container_width=False`, use `width='content'`.
2026-05-21 15:01:12.398 Please replace `use_container_width` with `width`.

`use_container_width` will be removed after 2025-12-31.

For `use_container_width=True`, use `width='stretch'`. For `use_container_width=False`, use `width='content'`.
2026-05-21 15:01:12.491 Please replace `use_container_width` with `width`.

`use_container_width` will be removed after 2025-12-31.

For `use_container_width=True`, use `width='stretch'`. For `use_container_width=False`, use `width='content'`.
2026-05-21 15:01:12.601 Please replace `use_container_width` with `width`.

`use_container_width` will be removed after 2025-12-31.

For `use_container_width=True`, use `width='stretch'`. For `use_container_width=False`, use `width='content'`.
2026-05-21 15:01:12.676 Please replace `st.components.v1.html` with `st.iframe`.

`st.components.v1.html` will be removed after 2026-06-01.
2026-05-21 15:01:12.747 Please replace `use_container_width` with `width`.

`use_container_width` will be removed after 2025-12-31.

For `use_container_width=True`, use `width='stretch'`. For `use_container_width=False`, use `width='content'`.
2026-05-21 15:01:14.380 Please replace `use_container_width` with `width`.

`use_container_width` will be removed after 2025-12-31.

For `use_container_width=True`, use `width='stretch'`. For `use_container_width=False`, use `width='content'`.
2026-05-21 15:01:14.481 Please replace `use_container_width` with `width`.

`use_container_width` will be removed after 2025-12-31.

For `use_container_width=True`, use `width='stretch'`. For `use_container_width=False`, use `width='content'`.
2026-05-21 15:01:14.581 Please replace `use_container_width` with `width`.

`use_container_width` will be removed after 2025-12-31.

For `use_container_width=True`, use `width='stretch'`. For `use_container_width=False`, use `width='content'`.
2026-05-21 15:01:14.666 Please replace `st.components.v1.html` with `st.iframe`.

`st.components.v1.html` will be removed after 2026-06-01.
2026-05-21 15:01:14.765 Please replace `use_container_width` with `width`.

`use_container_width` will be removed after 2025-12-31.

For `use_container_width=True`, use `width='stretch'`. For `use_container_width=False`, use `width='content'`.
2026-05-21 15:01:16.405 Please replace `use_container_width` with `width`.

`use_container_width` will be removed after 2025-12-31.

For `use_container_width=True`, use `width='stretch'`. For `use_container_width=False`, use `width='content'`.
2026-05-21 15:01:16.514 Please replace `use_container_width` with `width`.

`use_container_width` will be removed after 2025-12-31.

For `use_container_width=True`, use `width='stretch'`. For `use_container_width=False`, use `width='content'`.
2026-05-21 15:01:16.610 Please replace `use_container_width` with `width`.

`use_container_width` will be removed after 2025-12-31.

For `use_container_width=True`, use `width='stretch'`. For `use_container_width=False`, use `width='content'`.
2026-05-21 15:01:16.672 Please replace `st.components.v1.html` with `st.iframe`.

`st.components.v1.html` will be removed after 2026-06-01.
2026-05-21 15:01:16.760 Please replace `use_container_width` with `width`.

`use_container_width` will be removed after 2025-12-31.

For `use_container_width=True`, use `width='stretch'`. For `use_container_width=False`, use `width='content'`.
2026-05-21 15:01:18.390 Please replace `use_container_width` with `width`.

`use_container_width` will be removed after 2025-12-31.

For `use_container_width=True`, use `width='stretch'`. For `use_container_width=False`, use `width='content'`.
2026-05-21 15:01:18.467 Please replace `use_container_width` with `width`.

`use_container_width` will be removed after 2025-12-31.

For `use_container_width=True`, use `width='stretch'`. For `use_container_width=False`, use `width='content'`.
2026-05-21 15:01:18.576 Please replace `use_container_width` with `width`.

`use_container_width` will be removed after 2025-12-31.

For `use_container_width=True`, use `width='stretch'`. For `use_container_width=False`, use `width='content'`.
2026-05-21 15:01:18.659 Please replace `st.components.v1.html` with `st.iframe`.

`st.components.v1.html` will be removed after 2026-06-01.
2026-05-21 15:01:18.769 Please replace `use_container_width` with `width`.

`use_container_width` will be removed after 2025-12-31.

For `use_container_width=True`, use `width='stretch'`. For `use_container_width=False`, use `width='content'`.
2026-05-21 15:01:20.412 Please replace `use_container_width` with `width`.

`use_container_width` will be removed after 2025-12-31.

For `use_container_width=True`, use `width='stretch'`. For `use_container_width=False`, use `width='content'`.
2026-05-21 15:01:20.516 Please replace `use_container_width` with `width`.

`use_container_width` will be removed after 2025-12-31.

For `use_container_width=True`, use `width='stretch'`. For `use_container_width=False`, use `width='content'`.
2026-05-21 15:01:20.632 Please replace `use_container_width` with `width`.

`use_container_width` will be removed after 2025-12-31.

For `use_container_width=True`, use `width='stretch'`. For `use_container_width=False`, use `width='content'`.
2026-05-21 15:01:20.703 Please replace `st.components.v1.html` with `st.iframe`.

`st.components.v1.html` will be removed after 2026-06-01.
2026-05-21 15:01:20.815 Please replace `use_container_width` with `width`.

`use_container_width` will be removed after 2025-12-31.

For `use_container_width=True`, use `width='stretch'`. For `use_container_width=False`, use `width='content'`.
2026-05-21 15:01:22.378 Please replace `use_container_width` with `width`.

`use_container_width` will be removed after 2025-12-31.

For `use_container_width=True`, use `width='stretch'`. For `use_container_width=False`, use `width='content'`.
2026-05-21 15:01:22.479 Please replace `use_container_width` with `width`.

`use_container_width` will be removed after 2025-12-31.

For `use_container_width=True`, use `width='stretch'`. For `use_container_width=False`, use `width='content'`.
2026-05-21 15:01:22.604 Please replace `use_container_width` with `width`.

`use_container_width` will be removed after 2025-12-31.

For `use_container_width=True`, use `width='stretch'`. For `use_container_width=False`, use `width='content'`.
2026-05-21 15:01:22.693 Please replace `st.components.v1.html` with `st.iframe`.

`st.components.v1.html` will be removed after 2026-06-01.
2026-05-21 15:01:22.791 Please replace `use_container_width` with `width`.

`use_container_width` will be removed after 2025-12-31.

For `use_container_width=True`, use `width='stretch'`. For `use_container_width=False`, use `width='content'`.
2026-05-21 15:01:24.397 Please replace `use_container_width` with `width`.

`use_container_width` will be removed after 2025-12-31.

For `use_container_width=True`, use `width='stretch'`. For `use_container_width=False`, use `width='content'`.
2026-05-21 15:01:24.504 Please replace `use_container_width` with `width`.

`use_container_width` will be removed after 2025-12-31.

For `use_container_width=True`, use `width='stretch'`. For `use_container_width=False`, use `width='content'`.
2026-05-21 15:01:24.615 Please replace `use_container_width` with `width`.

`use_container_width` will be removed after 2025-12-31.

For `use_container_width=True`, use `width='stretch'`. For `use_container_width=False`, use `width='content'`.
2026-05-21 15:01:24.688 Please replace `st.components.v1.html` with `st.iframe`.

`st.components.v1.html` will be removed after 2026-06-01.
2026-05-21 15:01:24.792 Please replace `use_container_width` with `width`.

`use_container_width` will be removed after 2025-12-31.

For `use_container_width=True`, use `width='stretch'`. For `use_container_width=False`, use `width='content'`.
2026-05-21 15:01:26.393 Please replace `use_container_width` with `width`.

`use_container_width` will be removed after 2025-12-31.

For `use_container_width=True`, use `width='stretch'`. For `use_container_width=False`, use `width='content'`.
2026-05-21 15:01:26.488 Please replace `use_container_width` with `width`.

`use_container_width` will be removed after 2025-12-31.

For `use_container_width=True`, use `width='stretch'`. For `use_container_width=False`, use `width='content'`.
2026-05-21 15:01:26.595 Please replace `use_container_width` with `width`.

`use_container_width` will be removed after 2025-12-31.

For `use_container_width=True`, use `width='stretch'`. For `use_container_width=False`, use `width='content'`.
2026-05-21 15:01:26.664 Please replace `st.components.v1.html` with `st.iframe`.

`st.components.v1.html` will be removed after 2026-06-01.
2026-05-21 15:01:26.760 Please replace `use_container_width` with `width`.

`use_container_width` will be removed after 2025-12-31.

For `use_container_width=True`, use `width='stretch'`. For `use_container_width=False`, use `width='content'`.
2026-05-21 15:01:28.404 Please replace `use_container_width` with `width`.

`use_container_width` will be removed after 2025-12-31.

For `use_container_width=True`, use `width='stretch'`. For `use_container_width=False`, use `width='content'`.
2026-05-21 15:01:28.515 Please replace `use_container_width` with `width`.

`use_container_width` will be removed after 2025-12-31.

For `use_container_width=True`, use `width='stretch'`. For `use_container_width=False`, use `width='content'`.
2026-05-21 15:01:28.616 Please replace `use_container_width` with `width`.

`use_container_width` will be removed after 2025-12-31.

For `use_container_width=True`, use `width='stretch'`. For `use_container_width=False`, use `width='content'`.
2026-05-21 15:01:28.701 Please replace `st.components.v1.html` with `st.iframe`.

`st.components.v1.html` will be removed after 2026-06-01.
2026-05-21 15:01:28.785 Please replace `use_container_width` with `width`.

`use_container_width` will be removed after 2025-12-31.

For `use_container_width=True`, use `width='stretch'`. For `use_container_width=False`, use `width='content'`.
2026-05-21 15:01:30.396 Please replace `use_container_width` with `width`.

`use_container_width` will be removed after 2025-12-31.

For `use_container_width=True`, use `width='stretch'`. For `use_container_width=False`, use `width='content'`.
2026-05-21 15:01:30.504 Please replace `use_container_width` with `width`.

`use_container_width` will be removed after 2025-12-31.

For `use_container_width=True`, use `width='stretch'`. For `use_container_width=False`, use `width='content'`.
2026-05-21 15:01:30.598 Please replace `use_container_width` with `width`.

`use_container_width` will be removed after 2025-12-31.

For `use_container_width=True`, use `width='stretch'`. For `use_container_width=False`, use `width='content'`.
2026-05-21 15:01:30.676 Please replace `st.components.v1.html` with `st.iframe`.

`st.components.v1.html` will be removed after 2026-06-01.
2026-05-21 15:01:30.777 Please replace `use_container_width` with `width`.

`use_container_width` will be removed after 2025-12-31.

For `use_container_width=True`, use `width='stretch'`. For `use_container_width=False`, use `width='content'`.
2026-05-21 15:01:32.397 Please replace `use_container_width` with `width`.

`use_container_width` will be removed after 2025-12-31.

For `use_container_width=True`, use `width='stretch'`. For `use_container_width=False`, use `width='content'`.
2026-05-21 15:01:32.499 Please replace `use_container_width` with `width`.

`use_container_width` will be removed after 2025-12-31.

For `use_container_width=True`, use `width='stretch'`. For `use_container_width=False`, use `width='content'`.
2026-05-21 15:01:32.608 Please replace `use_container_width` with `width`.

`use_container_width` will be removed after 2025-12-31.

For `use_container_width=True`, use `width='stretch'`. For `use_container_width=False`, use `width='content'`.
2026-05-21 15:01:32.683 Please replace `st.components.v1.html` with `st.iframe`.

`st.components.v1.html` will be removed after 2026-06-01.
2026-05-21 15:01:32.762 Please replace `use_container_width` with `width`.

`use_container_width` will be removed after 2025-12-31.

For `use_container_width=True`, use `width='stretch'`. For `use_container_width=False`, use `width='content'`.
2026-05-21 15:01:34.378 Please replace `use_container_width` with `width`.

`use_container_width` will be removed after 2025-12-31.

For `use_container_width=True`, use `width='stretch'`. For `use_container_width=False`, use `width='content'`.
2026-05-21 15:01:34.478 Please replace `use_container_width` with `width`.

`use_container_width` will be removed after 2025-12-31.

For `use_container_width=True`, use `width='stretch'`. For `use_container_width=False`, use `width='content'`.
2026-05-21 15:01:34.592 Please replace `use_container_width` with `width`.

`use_container_width` will be removed after 2025-12-31.

For `use_container_width=True`, use `width='stretch'`. For `use_container_width=False`, use `width='content'`.
2026-05-21 15:01:34.663 Please replace `st.components.v1.html` with `st.iframe`.

`st.components.v1.html` will be removed after 2026-06-01.
2026-05-21 15:01:34.756 Please replace `use_container_width` with `width`.

`use_container_width` will be removed after 2025-12-31.

For `use_container_width=True`, use `width='stretch'`. For `use_container_width=False`, use `width='content'`.
2026-05-21 15:01:36.403 Please replace `use_container_width` with `width`.

`use_container_width` will be removed after 2025-12-31.

For `use_container_width=True`, use `width='stretch'`. For `use_container_width=False`, use `width='content'`.
2026-05-21 15:01:36.494 Please replace `use_container_width` with `width`.

`use_container_width` will be removed after 2025-12-31.

For `use_container_width=True`, use `width='stretch'`. For `use_container_width=False`, use `width='content'`.
2026-05-21 15:01:36.603 Please replace `use_container_width` with `width`.

`use_container_width` will be removed after 2025-12-31.

For `use_container_width=True`, use `width='stretch'`. For `use_container_width=False`, use `width='content'`.
2026-05-21 15:01:36.669 Please replace `st.components.v1.html` with `st.iframe`.

`st.components.v1.html` will be removed after 2026-06-01.
2026-05-21 15:01:36.763 Please replace `use_container_width` with `width`.

`use_container_width` will be removed after 2025-12-31.

For `use_container_width=True`, use `width='stretch'`. For `use_container_width=False`, use `width='content'`.
2026-05-21 15:01:38.391 Please replace `use_container_width` with `width`.

`use_container_width` will be removed after 2025-12-31.

For `use_container_width=True`, use `width='stretch'`. For `use_container_width=False`, use `width='content'`.
2026-05-21 15:01:38.484 Please replace `use_container_width` with `width`.

`use_container_width` will be removed after 2025-12-31.

For `use_container_width=True`, use `width='stretch'`. For `use_container_width=False`, use `width='content'`.
2026-05-21 15:01:38.598 Please replace `use_container_width` with `width`.

`use_container_width` will be removed after 2025-12-31.

For `use_container_width=True`, use `width='stretch'`. For `use_container_width=False`, use `width='content'`.
2026-05-21 15:01:38.668 Please replace `st.components.v1.html` with `st.iframe`.

`st.components.v1.html` will be removed after 2026-06-01.
2026-05-21 15:01:38.767 Please replace `use_container_width` with `width`.

`use_container_width` will be removed after 2025-12-31.

For `use_container_width=True`, use `width='stretch'`. For `use_container_width=False`, use `width='content'`.
2026-05-21 15:01:40.411 Please replace `use_container_width` with `width`.

`use_container_width` will be removed after 2025-12-31.

For `use_container_width=True`, use `width='stretch'`. For `use_container_width=False`, use `width='content'`.
2026-05-21 15:01:40.502 Please replace `use_container_width` with `width`.

`use_container_width` will be removed after 2025-12-31.

For `use_container_width=True`, use `width='stretch'`. For `use_container_width=False`, use `width='content'`.
2026-05-21 15:01:40.600 Please replace `use_container_width` with `width`.

`use_container_width` will be removed after 2025-12-31.

For `use_container_width=True`, use `width='stretch'`. For `use_container_width=False`, use `width='content'`.
2026-05-21 15:01:40.679 Please replace `st.components.v1.html` with `st.iframe`.

`st.components.v1.html` will be removed after 2026-06-01.
2026-05-21 15:01:40.795 Please replace `use_container_width` with `width`.

`use_container_width` will be removed after 2025-12-31.

For `use_container_width=True`, use `width='stretch'`. For `use_container_width=False`, use `width='content'`.
2026-05-21 15:01:42.385 Please replace `use_container_width` with `width`.

`use_container_width` will be removed after 2025-12-31.

For `use_container_width=True`, use `width='stretch'`. For `use_container_width=False`, use `width='content'`.
2026-05-21 15:01:42.489 Please replace `use_container_width` with `width`.

`use_container_width` will be removed after 2025-12-31.

For `use_container_width=True`, use `width='stretch'`. For `use_container_width=False`, use `width='content'`.
2026-05-21 15:01:42.612 Please replace `use_container_width` with `width`.

`use_container_width` will be removed after 2025-12-31.

For `use_container_width=True`, use `width='stretch'`. For `use_container_width=False`, use `width='content'`.
2026-05-21 15:01:42.677 Please replace `st.components.v1.html` with `st.iframe`.

`st.components.v1.html` will be removed after 2026-06-01.
2026-05-21 15:01:42.779 Please replace `use_container_width` with `width`.

`use_container_width` will be removed after 2025-12-31.

For `use_container_width=True`, use `width='stretch'`. For `use_container_width=False`, use `width='content'`.
2026-05-21 15:01:44.403 Please replace `use_container_width` with `width`.

`use_container_width` will be removed after 2025-12-31.

For `use_container_width=True`, use `width='stretch'`. For `use_container_width=False`, use `width='content'`.
2026-05-21 15:01:44.510 Please replace `use_container_width` with `width`.

`use_container_width` will be removed after 2025-12-31.

For `use_container_width=True`, use `width='stretch'`. For `use_container_width=False`, use `width='content'`.
2026-05-21 15:01:44.607 Please replace `use_container_width` with `width`.

`use_container_width` will be removed after 2025-12-31.

For `use_container_width=True`, use `width='stretch'`. For `use_container_width=False`, use `width='content'`.
2026-05-21 15:01:44.669 Please replace `st.components.v1.html` with `st.iframe`.

`st.components.v1.html` will be removed after 2026-06-01.
2026-05-21 15:01:44.772 Please replace `use_container_width` with `width`.

`use_container_width` will be removed after 2025-12-31.

For `use_container_width=True`, use `width='stretch'`. For `use_container_width=False`, use `width='content'`.
2026-05-21 15:01:46.383 Please replace `use_container_width` with `width`.

`use_container_width` will be removed after 2025-12-31.

For `use_container_width=True`, use `width='stretch'`. For `use_container_width=False`, use `width='content'`.
2026-05-21 15:01:46.475 Please replace `use_container_width` with `width`.

`use_container_width` will be removed after 2025-12-31.

For `use_container_width=True`, use `width='stretch'`. For `use_container_width=False`, use `width='content'`.
2026-05-21 15:01:46.577 Please replace `use_container_width` with `width`.

`use_container_width` will be removed after 2025-12-31.

For `use_container_width=True`, use `width='stretch'`. For `use_container_width=False`, use `width='content'`.
2026-05-21 15:01:46.649 Please replace `st.components.v1.html` with `st.iframe`.

`st.components.v1.html` will be removed after 2026-06-01.
2026-05-21 15:01:46.733 Please replace `use_container_width` with `width`.

`use_container_width` will be removed after 2025-12-31.

For `use_container_width=True`, use `width='stretch'`. For `use_container_width=False`, use `width='content'`.
2026-05-21 15:01:48.463 Please replace `use_container_width` with `width`.

`use_container_width` will be removed after 2025-12-31.

For `use_container_width=True`, use `width='stretch'`. For `use_container_width=False`, use `width='content'`.
2026-05-21 15:01:48.546 Please replace `use_container_width` with `width`.

`use_container_width` will be removed after 2025-12-31.

For `use_container_width=True`, use `width='stretch'`. For `use_container_width=False`, use `width='content'`.
2026-05-21 15:01:48.634 Please replace `use_container_width` with `width`.

`use_container_width` will be removed after 2025-12-31.

For `use_container_width=True`, use `width='stretch'`. For `use_container_width=False`, use `width='content'`.
2026-05-21 15:01:48.706 Please replace `st.components.v1.html` with `st.iframe`.

`st.components.v1.html` will be removed after 2026-06-01.
2026-05-21 15:01:48.789 Please replace `use_container_width` with `width`.

`use_container_width` will be removed after 2025-12-31.

For `use_container_width=True`, use `width='stretch'`. For `use_container_width=False`, use `width='content'`.
2026-05-21 15:01:50.381 Please replace `use_container_width` with `width`.

`use_container_width` will be removed after 2025-12-31.

For `use_container_width=True`, use `width='stretch'`. For `use_container_width=False`, use `width='content'`.
2026-05-21 15:01:50.488 Please replace `use_container_width` with `width`.

`use_container_width` will be removed after 2025-12-31.

For `use_container_width=True`, use `width='stretch'`. For `use_container_width=False`, use `width='content'`.
2026-05-21 15:01:50.588 Please replace `use_container_width` with `width`.

`use_container_width` will be removed after 2025-12-31.

For `use_container_width=True`, use `width='stretch'`. For `use_container_width=False`, use `width='content'`.
2026-05-21 15:01:50.662 Please replace `st.components.v1.html` with `st.iframe`.

`st.components.v1.html` will be removed after 2026-06-01.
2026-05-21 15:01:50.774 Please replace `use_container_width` with `width`.

`use_container_width` will be removed after 2025-12-31.

For `use_container_width=True`, use `width='stretch'`. For `use_container_width=False`, use `width='content'`.
2026-05-21 15:01:52.405 Please replace `use_container_width` with `width`.

`use_container_width` will be removed after 2025-12-31.

For `use_container_width=True`, use `width='stretch'`. For `use_container_width=False`, use `width='content'`.
2026-05-21 15:01:52.513 Please replace `use_container_width` with `width`.

`use_container_width` will be removed after 2025-12-31.

For `use_container_width=True`, use `width='stretch'`. For `use_container_width=False`, use `width='content'`.
2026-05-21 15:01:52.634 Please replace `use_container_width` with `width`.

`use_container_width` will be removed after 2025-12-31.

For `use_container_width=True`, use `width='stretch'`. For `use_container_width=False`, use `width='content'`.
2026-05-21 15:01:52.714 Please replace `st.components.v1.html` with `st.iframe`.

`st.components.v1.html` will be removed after 2026-06-01.
2026-05-21 15:01:52.813 Please replace `use_container_width` with `width`.

`use_container_width` will be removed after 2025-12-31.

For `use_container_width=True`, use `width='stretch'`. For `use_container_width=False`, use `width='content'`.
2026-05-21 15:01:54.391 Please replace `use_container_width` with `width`.

`use_container_width` will be removed after 2025-12-31.

For `use_container_width=True`, use `width='stretch'`. For `use_container_width=False`, use `width='content'`.
2026-05-21 15:01:54.488 Please replace `use_container_width` with `width`.

`use_container_width` will be removed after 2025-12-31.

For `use_container_width=True`, use `width='stretch'`. For `use_container_width=False`, use `width='content'`.
2026-05-21 15:01:54.588 Please replace `use_container_width` with `width`.

`use_container_width` will be removed after 2025-12-31.

For `use_container_width=True`, use `width='stretch'`. For `use_container_width=False`, use `width='content'`.
2026-05-21 15:01:54.654 Please replace `st.components.v1.html` with `st.iframe`.

`st.components.v1.html` will be removed after 2026-06-01.
2026-05-21 15:01:54.757 Please replace `use_container_width` with `width`.

`use_container_width` will be removed after 2025-12-31.

For `use_container_width=True`, use `width='stretch'`. For `use_container_width=False`, use `width='content'`.
2026-05-21 15:01:56.400 Please replace `use_container_width` with `width`.

`use_container_width` will be removed after 2025-12-31.

For `use_container_width=True`, use `width='stretch'`. For `use_container_width=False`, use `width='content'`.
2026-05-21 15:01:56.497 Please replace `use_container_width` with `width`.

`use_container_width` will be removed after 2025-12-31.

For `use_container_width=True`, use `width='stretch'`. For `use_container_width=False`, use `width='content'`.
2026-05-21 15:01:56.608 Please replace `use_container_width` with `width`.

`use_container_width` will be removed after 2025-12-31.

For `use_container_width=True`, use `width='stretch'`. For `use_container_width=False`, use `width='content'`.
2026-05-21 15:01:56.691 Please replace `st.components.v1.html` with `st.iframe`.

`st.components.v1.html` will be removed after 2026-06-01.
2026-05-21 15:01:56.798 Please replace `use_container_width` with `width`.

`use_container_width` will be removed after 2025-12-31.

For `use_container_width=True`, use `width='stretch'`. For `use_container_width=False`, use `width='content'`.
2026-05-21 15:01:58.382 Please replace `use_container_width` with `width`.

`use_container_width` will be removed after 2025-12-31.

For `use_container_width=True`, use `width='stretch'`. For `use_container_width=False`, use `width='content'`.
2026-05-21 15:01:58.485 Please replace `use_container_width` with `width`.

`use_container_width` will be removed after 2025-12-31.

For `use_container_width=True`, use `width='stretch'`. For `use_container_width=False`, use `width='content'`.
2026-05-21 15:01:58.589 Please replace `use_container_width` with `width`.

`use_container_width` will be removed after 2025-12-31.

For `use_container_width=True`, use `width='stretch'`. For `use_container_width=False`, use `width='content'`.
2026-05-21 15:01:58.661 Please replace `st.components.v1.html` with `st.iframe`.

`st.components.v1.html` will be removed after 2026-06-01.
2026-05-21 15:01:58.772 Please replace `use_container_width` with `width`.

`use_container_width` will be removed after 2025-12-31.

For `use_container_width=True`, use `width='stretch'`. For `use_container_width=False`, use `width='content'`.
2026-05-21 15:02:00.403 Please replace `use_container_width` with `width`.

`use_container_width` will be removed after 2025-12-31.

For `use_container_width=True`, use `width='stretch'`. For `use_container_width=False`, use `width='content'`.
2026-05-21 15:02:00.515 Please replace `use_container_width` with `width`.

`use_container_width` will be removed after 2025-12-31.

For `use_container_width=True`, use `width='stretch'`. For `use_container_width=False`, use `width='content'`.
2026-05-21 15:02:00.620 Please replace `use_container_width` with `width`.

`use_container_width` will be removed after 2025-12-31.

For `use_container_width=True`, use `width='stretch'`. For `use_container_width=False`, use `width='content'`.
2026-05-21 15:02:00.698 Please replace `st.components.v1.html` with `st.iframe`.

`st.components.v1.html` will be removed after 2026-06-01.
2026-05-21 15:02:00.803 Please replace `use_container_width` with `width`.

`use_container_width` will be removed after 2025-12-31.

For `use_container_width=True`, use `width='stretch'`. For `use_container_width=False`, use `width='content'`.
2026-05-21 15:02:02.393 Please replace `use_container_width` with `width`.

`use_container_width` will be removed after 2025-12-31.

For `use_container_width=True`, use `width='stretch'`. For `use_container_width=False`, use `width='content'`.
2026-05-21 15:02:02.484 Please replace `use_container_width` with `width`.

`use_container_width` will be removed after 2025-12-31.

For `use_container_width=True`, use `width='stretch'`. For `use_container_width=False`, use `width='content'`.
2026-05-21 15:02:02.603 Please replace `use_container_width` with `width`.

`use_container_width` will be removed after 2025-12-31.

For `use_container_width=True`, use `width='stretch'`. For `use_container_width=False`, use `width='content'`.
2026-05-21 15:02:02.671 Please replace `st.components.v1.html` with `st.iframe`.

`st.components.v1.html` will be removed after 2026-06-01.
2026-05-21 15:02:02.759 Please replace `use_container_width` with `width`.

`use_container_width` will be removed after 2025-12-31.

For `use_container_width=True`, use `width='stretch'`. For `use_container_width=False`, use `width='content'`.
2026-05-21 15:02:04.405 Please replace `use_container_width` with `width`.

`use_container_width` will be removed after 2025-12-31.

For `use_container_width=True`, use `width='stretch'`. For `use_container_width=False`, use `width='content'`.
2026-05-21 15:02:04.515 Please replace `use_container_width` with `width`.

`use_container_width` will be removed after 2025-12-31.

For `use_container_width=True`, use `width='stretch'`. For `use_container_width=False`, use `width='content'`.
2026-05-21 15:02:04.638 Please replace `use_container_width` with `width`.

`use_container_width` will be removed after 2025-12-31.

For `use_container_width=True`, use `width='stretch'`. For `use_container_width=False`, use `width='content'`.
2026-05-21 15:02:04.737 Please replace `st.components.v1.html` with `st.iframe`.

`st.components.v1.html` will be removed after 2026-06-01.
2026-05-21 15:02:04.838 Please replace `use_container_width` with `width`.

`use_container_width` will be removed after 2025-12-31.

For `use_container_width=True`, use `width='stretch'`. For `use_container_width=False`, use `width='content'`.
2026-05-21 15:02:06.385 Please replace `use_container_width` with `width`.

`use_container_width` will be removed after 2025-12-31.

For `use_container_width=True`, use `width='stretch'`. For `use_container_width=False`, use `width='content'`.
2026-05-21 15:02:06.476 Please replace `use_container_width` with `width`.

`use_container_width` will be removed after 2025-12-31.

For `use_container_width=True`, use `width='stretch'`. For `use_container_width=False`, use `width='content'`.
2026-05-21 15:02:06.584 Please replace `use_container_width` with `width`.

`use_container_width` will be removed after 2025-12-31.

For `use_container_width=True`, use `width='stretch'`. For `use_container_width=False`, use `width='content'`.
2026-05-21 15:02:06.665 Please replace `st.components.v1.html` with `st.iframe`.

`st.components.v1.html` will be removed after 2026-06-01.
2026-05-21 15:02:06.757 Please replace `use_container_width` with `width`.

`use_container_width` will be removed after 2025-12-31.

For `use_container_width=True`, use `width='stretch'`. For `use_container_width=False`, use `width='content'`.
2026-05-21 15:02:08.408 Please replace `use_container_width` with `width`.

`use_container_width` will be removed after 2025-12-31.

For `use_container_width=True`, use `width='stretch'`. For `use_container_width=False`, use `width='content'`.
2026-05-21 15:02:08.513 Please replace `use_container_width` with `width`.

`use_container_width` will be removed after 2025-12-31.

For `use_container_width=True`, use `width='stretch'`. For `use_container_width=False`, use `width='content'`.
2026-05-21 15:02:08.628 Please replace `use_container_width` with `width`.

`use_container_width` will be removed after 2025-12-31.

For `use_container_width=True`, use `width='stretch'`. For `use_container_width=False`, use `width='content'`.
2026-05-21 15:02:08.698 Please replace `st.components.v1.html` with `st.iframe`.

`st.components.v1.html` will be removed after 2026-06-01.
2026-05-21 15:02:08.789 Please replace `use_container_width` with `width`.

`use_container_width` will be removed after 2025-12-31.

For `use_container_width=True`, use `width='stretch'`. For `use_container_width=False`, use `width='content'`.
2026-05-21 15:02:10.383 Please replace `use_container_width` with `width`.

`use_container_width` will be removed after 2025-12-31.

For `use_container_width=True`, use `width='stretch'`. For `use_container_width=False`, use `width='content'`.
2026-05-21 15:02:10.492 Please replace `use_container_width` with `width`.

`use_container_width` will be removed after 2025-12-31.

For `use_container_width=True`, use `width='stretch'`. For `use_container_width=False`, use `width='content'`.
2026-05-21 15:02:10.592 Please replace `use_container_width` with `width`.

`use_container_width` will be removed after 2025-12-31.

For `use_container_width=True`, use `width='stretch'`. For `use_container_width=False`, use `width='content'`.
2026-05-21 15:02:10.660 Please replace `st.components.v1.html` with `st.iframe`.

`st.components.v1.html` will be removed after 2026-06-01.
2026-05-21 15:02:10.768 Please replace `use_container_width` with `width`.

`use_container_width` will be removed after 2025-12-31.

For `use_container_width=True`, use `width='stretch'`. For `use_container_width=False`, use `width='content'`.
2026-05-21 15:02:12.400 Please replace `use_container_width` with `width`.

`use_container_width` will be removed after 2025-12-31.

For `use_container_width=True`, use `width='stretch'`. For `use_container_width=False`, use `width='content'`.
2026-05-21 15:02:12.513 Please replace `use_container_width` with `width`.

`use_container_width` will be removed after 2025-12-31.

For `use_container_width=True`, use `width='stretch'`. For `use_container_width=False`, use `width='content'`.
2026-05-21 15:02:12.609 Please replace `use_container_width` with `width`.

`use_container_width` will be removed after 2025-12-31.

For `use_container_width=True`, use `width='stretch'`. For `use_container_width=False`, use `width='content'`.
2026-05-21 15:02:12.674 Please replace `st.components.v1.html` with `st.iframe`.

`st.components.v1.html` will be removed after 2026-06-01.
2026-05-21 15:02:12.764 Please replace `use_container_width` with `width`.

`use_container_width` will be removed after 2025-12-31.

For `use_container_width=True`, use `width='stretch'`. For `use_container_width=False`, use `width='content'`.
2026-05-21 15:02:14.380 Please replace `use_container_width` with `width`.

`use_container_width` will be removed after 2025-12-31.

For `use_container_width=True`, use `width='stretch'`. For `use_container_width=False`, use `width='content'`.
2026-05-21 15:02:14.498 Please replace `use_container_width` with `width`.

`use_container_width` will be removed after 2025-12-31.

For `use_container_width=True`, use `width='stretch'`. For `use_container_width=False`, use `width='content'`.
2026-05-21 15:02:14.606 Please replace `use_container_width` with `width`.

`use_container_width` will be removed after 2025-12-31.

For `use_container_width=True`, use `width='stretch'`. For `use_container_width=False`, use `width='content'`.
2026-05-21 15:02:14.712 Please replace `st.components.v1.html` with `st.iframe`.

`st.components.v1.html` will be removed after 2026-06-01.
2026-05-21 15:02:14.803 Please replace `use_container_width` with `width`.

`use_container_width` will be removed after 2025-12-31.

For `use_container_width=True`, use `width='stretch'`. For `use_container_width=False`, use `width='content'`.
2026-05-21 15:02:16.406 Please replace `use_container_width` with `width`.

`use_container_width` will be removed after 2025-12-31.

For `use_container_width=True`, use `width='stretch'`. For `use_container_width=False`, use `width='content'`.
2026-05-21 15:02:16.486 Please replace `use_container_width` with `width`.

`use_container_width` will be removed after 2025-12-31.

For `use_container_width=True`, use `width='stretch'`. For `use_container_width=False`, use `width='content'`.
2026-05-21 15:02:16.584 Please replace `use_container_width` with `width`.

`use_container_width` will be removed after 2025-12-31.

For `use_container_width=True`, use `width='stretch'`. For `use_container_width=False`, use `width='content'`.
2026-05-21 15:02:16.680 Please replace `st.components.v1.html` with `st.iframe`.

`st.components.v1.html` will be removed after 2026-06-01.
2026-05-21 15:02:16.776 Please replace `use_container_width` with `width`.

`use_container_width` will be removed after 2025-12-31.

For `use_container_width=True`, use `width='stretch'`. For `use_container_width=False`, use `width='content'`.
2026-05-21 15:02:18.378 Please replace `use_container_width` with `width`.

`use_container_width` will be removed after 2025-12-31.

For `use_container_width=True`, use `width='stretch'`. For `use_container_width=False`, use `width='content'`.
2026-05-21 15:02:18.475 Please replace `use_container_width` with `width`.

`use_container_width` will be removed after 2025-12-31.

For `use_container_width=True`, use `width='stretch'`. For `use_container_width=False`, use `width='content'`.
2026-05-21 15:02:18.583 Please replace `use_container_width` with `width`.

`use_container_width` will be removed after 2025-12-31.

For `use_container_width=True`, use `width='stretch'`. For `use_container_width=False`, use `width='content'`.
2026-05-21 15:02:18.653 Please replace `st.components.v1.html` with `st.iframe`.

`st.components.v1.html` will be removed after 2026-06-01.
2026-05-21 15:02:18.753 Please replace `use_container_width` with `width`.

`use_container_width` will be removed after 2025-12-31.

For `use_container_width=True`, use `width='stretch'`. For `use_container_width=False`, use `width='content'`.
2026-05-21 15:02:20.405 Please replace `use_container_width` with `width`.

`use_container_width` will be removed after 2025-12-31.

For `use_container_width=True`, use `width='stretch'`. For `use_container_width=False`, use `width='content'`.
2026-05-21 15:02:20.515 Please replace `use_container_width` with `width`.

`use_container_width` will be removed after 2025-12-31.

For `use_container_width=True`, use `width='stretch'`. For `use_container_width=False`, use `width='content'`.
2026-05-21 15:02:20.634 Please replace `use_container_width` with `width`.

`use_container_width` will be removed after 2025-12-31.

For `use_container_width=True`, use `width='stretch'`. For `use_container_width=False`, use `width='content'`.
2026-05-21 15:02:20.713 Please replace `st.components.v1.html` with `st.iframe`.

`st.components.v1.html` will be removed after 2026-06-01.
2026-05-21 15:02:20.807 Please replace `use_container_width` with `width`.

`use_container_width` will be removed after 2025-12-31.

For `use_container_width=True`, use `width='stretch'`. For `use_container_width=False`, use `width='content'`.
2026-05-21 15:02:22.378 Please replace `use_container_width` with `width`.

`use_container_width` will be removed after 2025-12-31.

For `use_container_width=True`, use `width='stretch'`. For `use_container_width=False`, use `width='content'`.
2026-05-21 15:02:22.485 Please replace `use_container_width` with `width`.

`use_container_width` will be removed after 2025-12-31.

For `use_container_width=True`, use `width='stretch'`. For `use_container_width=False`, use `width='content'`.
2026-05-21 15:02:22.599 Please replace `use_container_width` with `width`.

`use_container_width` will be removed after 2025-12-31.

For `use_container_width=True`, use `width='stretch'`. For `use_container_width=False`, use `width='content'`.
2026-05-21 15:02:22.676 Please replace `st.components.v1.html` with `st.iframe`.

`st.components.v1.html` will be removed after 2026-06-01.
2026-05-21 15:02:22.769 Please replace `use_container_width` with `width`.

`use_container_width` will be removed after 2025-12-31.

For `use_container_width=True`, use `width='stretch'`. For `use_container_width=False`, use `width='content'`.
2026-05-21 15:02:24.397 Please replace `use_container_width` with `width`.

`use_container_width` will be removed after 2025-12-31.

For `use_container_width=True`, use `width='stretch'`. For `use_container_width=False`, use `width='content'`.
2026-05-21 15:02:24.495 Please replace `use_container_width` with `width`.

`use_container_width` will be removed after 2025-12-31.

For `use_container_width=True`, use `width='stretch'`. For `use_container_width=False`, use `width='content'`.
2026-05-21 15:02:24.591 Please replace `use_container_width` with `width`.

`use_container_width` will be removed after 2025-12-31.

For `use_container_width=True`, use `width='stretch'`. For `use_container_width=False`, use `width='content'`.
2026-05-21 15:02:24.689 Please replace `st.components.v1.html` with `st.iframe`.

`st.components.v1.html` will be removed after 2026-06-01.
2026-05-21 15:02:24.785 Please replace `use_container_width` with `width`.

`use_container_width` will be removed after 2025-12-31.

For `use_container_width=True`, use `width='stretch'`. For `use_container_width=False`, use `width='content'`.
2026-05-21 15:02:26.387 Please replace `use_container_width` with `width`.

`use_container_width` will be removed after 2025-12-31.

For `use_container_width=True`, use `width='stretch'`. For `use_container_width=False`, use `width='content'`.
2026-05-21 15:02:26.488 Please replace `use_container_width` with `width`.

`use_container_width` will be removed after 2025-12-31.

For `use_container_width=True`, use `width='stretch'`. For `use_container_width=False`, use `width='content'`.
2026-05-21 15:02:26.610 Please replace `use_container_width` with `width`.

`use_container_width` will be removed after 2025-12-31.

For `use_container_width=True`, use `width='stretch'`. For `use_container_width=False`, use `width='content'`.
2026-05-21 15:02:26.672 Please replace `st.components.v1.html` with `st.iframe`.

`st.components.v1.html` will be removed after 2026-06-01.
2026-05-21 15:02:26.787 Please replace `use_container_width` with `width`.

`use_container_width` will be removed after 2025-12-31.

For `use_container_width=True`, use `width='stretch'`. For `use_container_width=False`, use `width='content'`.
2026-05-21 15:02:28.404 Please replace `use_container_width` with `width`.

`use_container_width` will be removed after 2025-12-31.

For `use_container_width=True`, use `width='stretch'`. For `use_container_width=False`, use `width='content'`.
2026-05-21 15:02:28.505 Please replace `use_container_width` with `width`.

`use_container_width` will be removed after 2025-12-31.

For `use_container_width=True`, use `width='stretch'`. For `use_container_width=False`, use `width='content'`.
2026-05-21 15:02:28.621 Please replace `use_container_width` with `width`.

`use_container_width` will be removed after 2025-12-31.

For `use_container_width=True`, use `width='stretch'`. For `use_container_width=False`, use `width='content'`.
2026-05-21 15:02:28.685 Please replace `st.components.v1.html` with `st.iframe`.

`st.components.v1.html` will be removed after 2026-06-01.
2026-05-21 15:02:28.776 Please replace `use_container_width` with `width`.

`use_container_width` will be removed after 2025-12-31.

For `use_container_width=True`, use `width='stretch'`. For `use_container_width=False`, use `width='content'`.
2026-05-21 15:02:30.483 Please replace `use_container_width` with `width`.

`use_container_width` will be removed after 2025-12-31.

For `use_container_width=True`, use `width='stretch'`. For `use_container_width=False`, use `width='content'`.
2026-05-21 15:02:30.571 Please replace `use_container_width` with `width`.

`use_container_width` will be removed after 2025-12-31.

For `use_container_width=True`, use `width='stretch'`. For `use_container_width=False`, use `width='content'`.
2026-05-21 15:02:30.688 Please replace `use_container_width` with `width`.

`use_container_width` will be removed after 2025-12-31.

For `use_container_width=True`, use `width='stretch'`. For `use_container_width=False`, use `width='content'`.
2026-05-21 15:02:30.789 Please replace `st.components.v1.html` with `st.iframe`.

`st.components.v1.html` will be removed after 2026-06-01.
2026-05-21 15:02:30.867 Please replace `use_container_width` with `width`.

`use_container_width` will be removed after 2025-12-31.

For `use_container_width=True`, use `width='stretch'`. For `use_container_width=False`, use `width='content'`.
2026-05-21 15:02:32.391 Please replace `use_container_width` with `width`.

`use_container_width` will be removed after 2025-12-31.

For `use_container_width=True`, use `width='stretch'`. For `use_container_width=False`, use `width='content'`.
2026-05-21 15:02:32.485 Please replace `use_container_width` with `width`.

`use_container_width` will be removed after 2025-12-31.

For `use_container_width=True`, use `width='stretch'`. For `use_container_width=False`, use `width='content'`.
2026-05-21 15:02:32.585 Please replace `use_container_width` with `width`.

`use_container_width` will be removed after 2025-12-31.

For `use_container_width=True`, use `width='stretch'`. For `use_container_width=False`, use `width='content'`.
2026-05-21 15:02:32.664 Please replace `st.components.v1.html` with `st.iframe`.

`st.components.v1.html` will be removed after 2026-06-01.
2026-05-21 15:02:32.775 Please replace `use_container_width` with `width`.

`use_container_width` will be removed after 2025-12-31.

For `use_container_width=True`, use `width='stretch'`. For `use_container_width=False`, use `width='content'`.
2026-05-21 15:02:34.404 Please replace `use_container_width` with `width`.

`use_container_width` will be removed after 2025-12-31.

For `use_container_width=True`, use `width='stretch'`. For `use_container_width=False`, use `width='content'`.
2026-05-21 15:02:34.505 Please replace `use_container_width` with `width`.

`use_container_width` will be removed after 2025-12-31.

For `use_container_width=True`, use `width='stretch'`. For `use_container_width=False`, use `width='content'`.
2026-05-21 15:02:34.613 Please replace `use_container_width` with `width`.

`use_container_width` will be removed after 2025-12-31.

For `use_container_width=True`, use `width='stretch'`. For `use_container_width=False`, use `width='content'`.
2026-05-21 15:02:34.682 Please replace `st.components.v1.html` with `st.iframe`.

`st.components.v1.html` will be removed after 2026-06-01.
2026-05-21 15:02:34.767 Please replace `use_container_width` with `width`.

`use_container_width` will be removed after 2025-12-31.

For `use_container_width=True`, use `width='stretch'`. For `use_container_width=False`, use `width='content'`.
2026-05-21 15:02:36.387 Please replace `use_container_width` with `width`.

`use_container_width` will be removed after 2025-12-31.

For `use_container_width=True`, use `width='stretch'`. For `use_container_width=False`, use `width='content'`.
2026-05-21 15:02:36.488 Please replace `use_container_width` with `width`.

`use_container_width` will be removed after 2025-12-31.

For `use_container_width=True`, use `width='stretch'`. For `use_container_width=False`, use `width='content'`.
2026-05-21 15:02:36.591 Please replace `use_container_width` with `width`.

`use_container_width` will be removed after 2025-12-31.

For `use_container_width=True`, use `width='stretch'`. For `use_container_width=False`, use `width='content'`.
2026-05-21 15:02:36.675 Please replace `st.components.v1.html` with `st.iframe`.

`st.components.v1.html` will be removed after 2026-06-01.
2026-05-21 15:02:36.765 Please replace `use_container_width` with `width`.

`use_container_width` will be removed after 2025-12-31.

For `use_container_width=True`, use `width='stretch'`. For `use_container_width=False`, use `width='content'`.
2026-05-21 15:02:38.397 Please replace `use_container_width` with `width`.

`use_container_width` will be removed after 2025-12-31.

For `use_container_width=True`, use `width='stretch'`. For `use_container_width=False`, use `width='content'`.
2026-05-21 15:02:38.509 Please replace `use_container_width` with `width`.

`use_container_width` will be removed after 2025-12-31.

For `use_container_width=True`, use `width='stretch'`. For `use_container_width=False`, use `width='content'`.
2026-05-21 15:02:38.628 Please replace `use_container_width` with `width`.

`use_container_width` will be removed after 2025-12-31.

For `use_container_width=True`, use `width='stretch'`. For `use_container_width=False`, use `width='content'`.
2026-05-21 15:02:38.718 Please replace `st.components.v1.html` with `st.iframe`.

`st.components.v1.html` will be removed after 2026-06-01.
2026-05-21 15:02:38.827 Please replace `use_container_width` with `width`.

`use_container_width` will be removed after 2025-12-31.

For `use_container_width=True`, use `width='stretch'`. For `use_container_width=False`, use `width='content'`.
2026-05-21 15:02:40.379 Please replace `use_container_width` with `width`.

`use_container_width` will be removed after 2025-12-31.

For `use_container_width=True`, use `width='stretch'`. For `use_container_width=False`, use `width='content'`.
2026-05-21 15:02:40.494 Please replace `use_container_width` with `width`.

`use_container_width` will be removed after 2025-12-31.

For `use_container_width=True`, use `width='stretch'`. For `use_container_width=False`, use `width='content'`.
2026-05-21 15:02:40.615 Please replace `use_container_width` with `width`.

`use_container_width` will be removed after 2025-12-31.

For `use_container_width=True`, use `width='stretch'`. For `use_container_width=False`, use `width='content'`.
2026-05-21 15:02:40.743 Please replace `st.components.v1.html` with `st.iframe`.

`st.components.v1.html` will be removed after 2026-06-01.
2026-05-21 15:02:40.881 Please replace `use_container_width` with `width`.

`use_container_width` will be removed after 2025-12-31.

For `use_container_width=True`, use `width='stretch'`. For `use_container_width=False`, use `width='content'`.
2026-05-21 15:02:42.397 Please replace `use_container_width` with `width`.

`use_container_width` will be removed after 2025-12-31.

For `use_container_width=True`, use `width='stretch'`. For `use_container_width=False`, use `width='content'`.
2026-05-21 15:02:42.501 Please replace `use_container_width` with `width`.

`use_container_width` will be removed after 2025-12-31.

For `use_container_width=True`, use `width='stretch'`. For `use_container_width=False`, use `width='content'`.
2026-05-21 15:02:42.624 Please replace `use_container_width` with `width`.

`use_container_width` will be removed after 2025-12-31.

For `use_container_width=True`, use `width='stretch'`. For `use_container_width=False`, use `width='content'`.
2026-05-21 15:02:42.720 Please replace `st.components.v1.html` with `st.iframe`.

`st.components.v1.html` will be removed after 2026-06-01.
2026-05-21 15:02:42.810 Please replace `use_container_width` with `width`.

`use_container_width` will be removed after 2025-12-31.

For `use_container_width=True`, use `width='stretch'`. For `use_container_width=False`, use `width='content'`.
2026-05-21 15:02:44.382 Please replace `use_container_width` with `width`.

`use_container_width` will be removed after 2025-12-31.

For `use_container_width=True`, use `width='stretch'`. For `use_container_width=False`, use `width='content'`.
2026-05-21 15:02:44.491 Please replace `use_container_width` with `width`.

`use_container_width` will be removed after 2025-12-31.

For `use_container_width=True`, use `width='stretch'`. For `use_container_width=False`, use `width='content'`.
2026-05-21 15:02:44.620 Please replace `use_container_width` with `width`.

`use_container_width` will be removed after 2025-12-31.

For `use_container_width=True`, use `width='stretch'`. For `use_container_width=False`, use `width='content'`.
2026-05-21 15:02:44.715 Please replace `st.components.v1.html` with `st.iframe`.

`st.components.v1.html` will be removed after 2026-06-01.
2026-05-21 15:02:44.792 Please replace `use_container_width` with `width`.

`use_container_width` will be removed after 2025-12-31.

For `use_container_width=True`, use `width='stretch'`. For `use_container_width=False`, use `width='content'`.
2026-05-21 15:02:46.390 Please replace `use_container_width` with `width`.

`use_container_width` will be removed after 2025-12-31.

For `use_container_width=True`, use `width='stretch'`. For `use_container_width=False`, use `width='content'`.
2026-05-21 15:02:46.505 Please replace `use_container_width` with `width`.

`use_container_width` will be removed after 2025-12-31.

For `use_container_width=True`, use `width='stretch'`. For `use_container_width=False`, use `width='content'`.
2026-05-21 15:02:46.608 Please replace `use_container_width` with `width`.

`use_container_width` will be removed after 2025-12-31.

For `use_container_width=True`, use `width='stretch'`. For `use_container_width=False`, use `width='content'`.
2026-05-21 15:02:46.690 Please replace `st.components.v1.html` with `st.iframe`.

`st.components.v1.html` will be removed after 2026-06-01.
2026-05-21 15:02:46.761 Please replace `use_container_width` with `width`.

`use_container_width` will be removed after 2025-12-31.

For `use_container_width=True`, use `width='stretch'`. For `use_container_width=False`, use `width='content'`.
2026-05-21 15:02:48.379 Please replace `use_container_width` with `width`.

`use_container_width` will be removed after 2025-12-31.

For `use_container_width=True`, use `width='stretch'`. For `use_container_width=False`, use `width='content'`.
2026-05-21 15:02:48.484 Please replace `use_container_width` with `width`.

`use_container_width` will be removed after 2025-12-31.

For `use_container_width=True`, use `width='stretch'`. For `use_container_width=False`, use `width='content'`.
2026-05-21 15:02:48.597 Please replace `use_container_width` with `width`.

`use_container_width` will be removed after 2025-12-31.

For `use_container_width=True`, use `width='stretch'`. For `use_container_width=False`, use `width='content'`.
2026-05-21 15:02:48.680 Please replace `st.components.v1.html` with `st.iframe`.

`st.components.v1.html` will be removed after 2026-06-01.
2026-05-21 15:02:48.772 Please replace `use_container_width` with `width`.

`use_container_width` will be removed after 2025-12-31.

For `use_container_width=True`, use `width='stretch'`. For `use_container_width=False`, use `width='content'`.
2026-05-21 15:02:50.407 Please replace `use_container_width` with `width`.

`use_container_width` will be removed after 2025-12-31.

For `use_container_width=True`, use `width='stretch'`. For `use_container_width=False`, use `width='content'`.
2026-05-21 15:02:50.494 Please replace `use_container_width` with `width`.

`use_container_width` will be removed after 2025-12-31.

For `use_container_width=True`, use `width='stretch'`. For `use_container_width=False`, use `width='content'`.
2026-05-21 15:02:50.592 Please replace `use_container_width` with `width`.

`use_container_width` will be removed after 2025-12-31.

For `use_container_width=True`, use `width='stretch'`. For `use_container_width=False`, use `width='content'`.
2026-05-21 15:02:50.674 Please replace `st.components.v1.html` with `st.iframe`.

`st.components.v1.html` will be removed after 2026-06-01.
2026-05-21 15:02:50.768 Please replace `use_container_width` with `width`.

`use_container_width` will be removed after 2025-12-31.

For `use_container_width=True`, use `width='stretch'`. For `use_container_width=False`, use `width='content'`.
2026-05-21 15:02:52.379 Please replace `use_container_width` with `width`.

`use_container_width` will be removed after 2025-12-31.

For `use_container_width=True`, use `width='stretch'`. For `use_container_width=False`, use `width='content'`.
2026-05-21 15:02:52.472 Please replace `use_container_width` with `width`.

`use_container_width` will be removed after 2025-12-31.

For `use_container_width=True`, use `width='stretch'`. For `use_container_width=False`, use `width='content'`.
2026-05-21 15:02:52.576 Please replace `use_container_width` with `width`.

`use_container_width` will be removed after 2025-12-31.

For `use_container_width=True`, use `width='stretch'`. For `use_container_width=False`, use `width='content'`.
2026-05-21 15:02:52.643 Please replace `st.components.v1.html` with `st.iframe`.

`st.components.v1.html` will be removed after 2026-06-01.
2026-05-21 15:02:52.737 Please replace `use_container_width` with `width`.

`use_container_width` will be removed after 2025-12-31.

For `use_container_width=True`, use `width='stretch'`. For `use_container_width=False`, use `width='content'`.
2026-05-21 15:02:54.406 Please replace `use_container_width` with `width`.

`use_container_width` will be removed after 2025-12-31.

For `use_container_width=True`, use `width='stretch'`. For `use_container_width=False`, use `width='content'`.
2026-05-21 15:02:54.512 Please replace `use_container_width` with `width`.

`use_container_width` will be removed after 2025-12-31.

For `use_container_width=True`, use `width='stretch'`. For `use_container_width=False`, use `width='content'`.
2026-05-21 15:02:54.611 Please replace `use_container_width` with `width`.

`use_container_width` will be removed after 2025-12-31.

For `use_container_width=True`, use `width='stretch'`. For `use_container_width=False`, use `width='content'`.
2026-05-21 15:02:54.685 Please replace `st.components.v1.html` with `st.iframe`.

`st.components.v1.html` will be removed after 2026-06-01.
2026-05-21 15:02:54.765 Please replace `use_container_width` with `width`.

`use_container_width` will be removed after 2025-12-31.

For `use_container_width=True`, use `width='stretch'`. For `use_container_width=False`, use `width='content'`.
2026-05-21 15:02:56.378 Please replace `use_container_width` with `width`.

`use_container_width` will be removed after 2025-12-31.

For `use_container_width=True`, use `width='stretch'`. For `use_container_width=False`, use `width='content'`.
2026-05-21 15:02:56.476 Please replace `use_container_width` with `width`.

`use_container_width` will be removed after 2025-12-31.

For `use_container_width=True`, use `width='stretch'`. For `use_container_width=False`, use `width='content'`.
2026-05-21 15:02:56.574 Please replace `use_container_width` with `width`.

`use_container_width` will be removed after 2025-12-31.

For `use_container_width=True`, use `width='stretch'`. For `use_container_width=False`, use `width='content'`.
2026-05-21 15:02:56.672 Please replace `st.components.v1.html` with `st.iframe`.

`st.components.v1.html` will be removed after 2026-06-01.
2026-05-21 15:02:56.774 Please replace `use_container_width` with `width`.

`use_container_width` will be removed after 2025-12-31.

For `use_container_width=True`, use `width='stretch'`. For `use_container_width=False`, use `width='content'`.
2026-05-21 15:02:58.399 Please replace `use_container_width` with `width`.

`use_container_width` will be removed after 2025-12-31.

For `use_container_width=True`, use `width='stretch'`. For `use_container_width=False`, use `width='content'`.
2026-05-21 15:02:58.497 Please replace `use_container_width` with `width`.

`use_container_width` will be removed after 2025-12-31.

For `use_container_width=True`, use `width='stretch'`. For `use_container_width=False`, use `width='content'`.
2026-05-21 15:02:58.608 Please replace `use_container_width` with `width`.

`use_container_width` will be removed after 2025-12-31.

For `use_container_width=True`, use `width='stretch'`. For `use_container_width=False`, use `width='content'`.
2026-05-21 15:02:58.680 Please replace `st.components.v1.html` with `st.iframe`.

`st.components.v1.html` will be removed after 2026-06-01.
2026-05-21 15:02:58.766 Please replace `use_container_width` with `width`.

`use_container_width` will be removed after 2025-12-31.

For `use_container_width=True`, use `width='stretch'`. For `use_container_width=False`, use `width='content'`.
2026-05-21 15:03:00.385 Please replace `use_container_width` with `width`.

`use_container_width` will be removed after 2025-12-31.

For `use_container_width=True`, use `width='stretch'`. For `use_container_width=False`, use `width='content'`.
2026-05-21 15:03:00.480 Please replace `use_container_width` with `width`.

`use_container_width` will be removed after 2025-12-31.

For `use_container_width=True`, use `width='stretch'`. For `use_container_width=False`, use `width='content'`.
2026-05-21 15:03:00.581 Please replace `use_container_width` with `width`.

`use_container_width` will be removed after 2025-12-31.

For `use_container_width=True`, use `width='stretch'`. For `use_container_width=False`, use `width='content'`.
2026-05-21 15:03:00.670 Please replace `st.components.v1.html` with `st.iframe`.

`st.components.v1.html` will be removed after 2026-06-01.
2026-05-21 15:03:00.782 Please replace `use_container_width` with `width`.

`use_container_width` will be removed after 2025-12-31.

For `use_container_width=True`, use `width='stretch'`. For `use_container_width=False`, use `width='content'`.
2026-05-21 15:03:02.394 Please replace `use_container_width` with `width`.

`use_container_width` will be removed after 2025-12-31.

For `use_container_width=True`, use `width='stretch'`. For `use_container_width=False`, use `width='content'`.
2026-05-21 15:03:02.487 Please replace `use_container_width` with `width`.

`use_container_width` will be removed after 2025-12-31.

For `use_container_width=True`, use `width='stretch'`. For `use_container_width=False`, use `width='content'`.
2026-05-21 15:03:02.594 Please replace `use_container_width` with `width`.

`use_container_width` will be removed after 2025-12-31.

For `use_container_width=True`, use `width='stretch'`. For `use_container_width=False`, use `width='content'`.
2026-05-21 15:03:02.677 Please replace `st.components.v1.html` with `st.iframe`.

`st.components.v1.html` will be removed after 2026-06-01.
2026-05-21 15:03:02.755 Please replace `use_container_width` with `width`.

`use_container_width` will be removed after 2025-12-31.

For `use_container_width=True`, use `width='stretch'`. For `use_container_width=False`, use `width='content'`.
2026-05-21 15:03:04.381 Please replace `use_container_width` with `width`.

`use_container_width` will be removed after 2025-12-31.

For `use_container_width=True`, use `width='stretch'`. For `use_container_width=False`, use `width='content'`.
2026-05-21 15:03:04.485 Please replace `use_container_width` with `width`.

`use_container_width` will be removed after 2025-12-31.

For `use_container_width=True`, use `width='stretch'`. For `use_container_width=False`, use `width='content'`.
2026-05-21 15:03:04.603 Please replace `use_container_width` with `width`.

`use_container_width` will be removed after 2025-12-31.

For `use_container_width=True`, use `width='stretch'`. For `use_container_width=False`, use `width='content'`.
2026-05-21 15:03:04.669 Please replace `st.components.v1.html` with `st.iframe`.

`st.components.v1.html` will be removed after 2026-06-01.
2026-05-21 15:03:04.770 Please replace `use_container_width` with `width`.

`use_container_width` will be removed after 2025-12-31.

For `use_container_width=True`, use `width='stretch'`. For `use_container_width=False`, use `width='content'`.
2026-05-21 15:03:06.420 Please replace `use_container_width` with `width`.

`use_container_width` will be removed after 2025-12-31.

For `use_container_width=True`, use `width='stretch'`. For `use_container_width=False`, use `width='content'`.
2026-05-21 15:03:06.530 Please replace `use_container_width` with `width`.

`use_container_width` will be removed after 2025-12-31.

For `use_container_width=True`, use `width='stretch'`. For `use_container_width=False`, use `width='content'`.
2026-05-21 15:03:06.653 Please replace `use_container_width` with `width`.

`use_container_width` will be removed after 2025-12-31.

For `use_container_width=True`, use `width='stretch'`. For `use_container_width=False`, use `width='content'`.
2026-05-21 15:03:06.734 Please replace `st.components.v1.html` with `st.iframe`.

`st.components.v1.html` will be removed after 2026-06-01.
2026-05-21 15:03:06.820 Please replace `use_container_width` with `width`.

`use_container_width` will be removed after 2025-12-31.

For `use_container_width=True`, use `width='stretch'`. For `use_container_width=False`, use `width='content'`.
2026-05-21 15:03:08.384 Please replace `use_container_width` with `width`.

`use_container_width` will be removed after 2025-12-31.

For `use_container_width=True`, use `width='stretch'`. For `use_container_width=False`, use `width='content'`.
2026-05-21 15:03:08.478 Please replace `use_container_width` with `width`.

`use_container_width` will be removed after 2025-12-31.

For `use_container_width=True`, use `width='stretch'`. For `use_container_width=False`, use `width='content'`.
2026-05-21 15:03:08.587 Please replace `use_container_width` with `width`.

`use_container_width` will be removed after 2025-12-31.

For `use_container_width=True`, use `width='stretch'`. For `use_container_width=False`, use `width='content'`.
2026-05-21 15:03:08.668 Please replace `st.components.v1.html` with `st.iframe`.

`st.components.v1.html` will be removed after 2026-06-01.
2026-05-21 15:03:08.756 Please replace `use_container_width` with `width`.

`use_container_width` will be removed after 2025-12-31.

For `use_container_width=True`, use `width='stretch'`. For `use_container_width=False`, use `width='content'`.
2026-05-21 15:03:10.401 Please replace `use_container_width` with `width`.

`use_container_width` will be removed after 2025-12-31.

For `use_container_width=True`, use `width='stretch'`. For `use_container_width=False`, use `width='content'`.
2026-05-21 15:03:10.503 Please replace `use_container_width` with `width`.

`use_container_width` will be removed after 2025-12-31.

For `use_container_width=True`, use `width='stretch'`. For `use_container_width=False`, use `width='content'`.
2026-05-21 15:03:10.609 Please replace `use_container_width` with `width`.

`use_container_width` will be removed after 2025-12-31.

For `use_container_width=True`, use `width='stretch'`. For `use_container_width=False`, use `width='content'`.
2026-05-21 15:03:10.686 Please replace `st.components.v1.html` with `st.iframe`.

`st.components.v1.html` will be removed after 2026-06-01.
2026-05-21 15:03:10.789 Please replace `use_container_width` with `width`.

`use_container_width` will be removed after 2025-12-31.

For `use_container_width=True`, use `width='stretch'`. For `use_container_width=False`, use `width='content'`.
2026-05-21 15:03:12.486 Please replace `use_container_width` with `width`.

`use_container_width` will be removed after 2025-12-31.

For `use_container_width=True`, use `width='stretch'`. For `use_container_width=False`, use `width='content'`.
2026-05-21 15:03:12.575 Please replace `use_container_width` with `width`.

`use_container_width` will be removed after 2025-12-31.

For `use_container_width=True`, use `width='stretch'`. For `use_container_width=False`, use `width='content'`.
2026-05-21 15:03:12.654 Please replace `use_container_width` with `width`.

`use_container_width` will be removed after 2025-12-31.

For `use_container_width=True`, use `width='stretch'`. For `use_container_width=False`, use `width='content'`.
2026-05-21 15:03:12.750 Please replace `st.components.v1.html` with `st.iframe`.

`st.components.v1.html` will be removed after 2026-06-01.
2026-05-21 15:03:12.846 Please replace `use_container_width` with `width`.

`use_container_width` will be removed after 2025-12-31.

For `use_container_width=True`, use `width='stretch'`. For `use_container_width=False`, use `width='content'`.
2026-05-21 15:03:14.392 Please replace `use_container_width` with `width`.

`use_container_width` will be removed after 2025-12-31.

For `use_container_width=True`, use `width='stretch'`. For `use_container_width=False`, use `width='content'`.
2026-05-21 15:03:14.479 Please replace `use_container_width` with `width`.

`use_container_width` will be removed after 2025-12-31.

For `use_container_width=True`, use `width='stretch'`. For `use_container_width=False`, use `width='content'`.
2026-05-21 15:03:14.610 Please replace `use_container_width` with `width`.

`use_container_width` will be removed after 2025-12-31.

For `use_container_width=True`, use `width='stretch'`. For `use_container_width=False`, use `width='content'`.
2026-05-21 15:03:14.704 Please replace `st.components.v1.html` with `st.iframe`.

`st.components.v1.html` will be removed after 2026-06-01.
2026-05-21 15:03:14.783 Please replace `use_container_width` with `width`.

`use_container_width` will be removed after 2025-12-31.

For `use_container_width=True`, use `width='stretch'`. For `use_container_width=False`, use `width='content'`.
2026-05-21 15:03:16.407 Please replace `use_container_width` with `width`.

`use_container_width` will be removed after 2025-12-31.

For `use_container_width=True`, use `width='stretch'`. For `use_container_width=False`, use `width='content'`.
2026-05-21 15:03:16.509 Please replace `use_container_width` with `width`.

`use_container_width` will be removed after 2025-12-31.

For `use_container_width=True`, use `width='stretch'`. For `use_container_width=False`, use `width='content'`.
2026-05-21 15:03:16.621 Please replace `use_container_width` with `width`.

`use_container_width` will be removed after 2025-12-31.

For `use_container_width=True`, use `width='stretch'`. For `use_container_width=False`, use `width='content'`.
2026-05-21 15:03:16.696 Please replace `st.components.v1.html` with `st.iframe`.

`st.components.v1.html` will be removed after 2026-06-01.
2026-05-21 15:03:16.780 Please replace `use_container_width` with `width`.

`use_container_width` will be removed after 2025-12-31.

For `use_container_width=True`, use `width='stretch'`. For `use_container_width=False`, use `width='content'`.
2026-05-21 15:03:18.385 Please replace `use_container_width` with `width`.

`use_container_width` will be removed after 2025-12-31.

For `use_container_width=True`, use `width='stretch'`. For `use_container_width=False`, use `width='content'`.
2026-05-21 15:03:18.521 Please replace `use_container_width` with `width`.

`use_container_width` will be removed after 2025-12-31.

For `use_container_width=True`, use `width='stretch'`. For `use_container_width=False`, use `width='content'`.
2026-05-21 15:03:18.632 Please replace `use_container_width` with `width`.

`use_container_width` will be removed after 2025-12-31.

For `use_container_width=True`, use `width='stretch'`. For `use_container_width=False`, use `width='content'`.
2026-05-21 15:03:18.700 Please replace `st.components.v1.html` with `st.iframe`.

`st.components.v1.html` will be removed after 2026-06-01.
2026-05-21 15:03:18.783 Please replace `use_container_width` with `width`.

`use_container_width` will be removed after 2025-12-31.

For `use_container_width=True`, use `width='stretch'`. For `use_container_width=False`, use `width='content'`.
2026-05-21 15:03:20.414 Please replace `use_container_width` with `width`.

`use_container_width` will be removed after 2025-12-31.

For `use_container_width=True`, use `width='stretch'`. For `use_container_width=False`, use `width='content'`.
2026-05-21 15:03:20.517 Please replace `use_container_width` with `width`.

`use_container_width` will be removed after 2025-12-31.

For `use_container_width=True`, use `width='stretch'`. For `use_container_width=False`, use `width='content'`.
2026-05-21 15:03:20.617 Please replace `use_container_width` with `width`.

`use_container_width` will be removed after 2025-12-31.

For `use_container_width=True`, use `width='stretch'`. For `use_container_width=False`, use `width='content'`.
2026-05-21 15:03:20.716 Please replace `st.components.v1.html` with `st.iframe`.

`st.components.v1.html` will be removed after 2026-06-01.
2026-05-21 15:03:20.817 Please replace `use_container_width` with `width`.

`use_container_width` will be removed after 2025-12-31.

For `use_container_width=True`, use `width='stretch'`. For `use_container_width=False`, use `width='content'`.
2026-05-21 15:03:22.357 Please replace `use_container_width` with `width`.

`use_container_width` will be removed after 2025-12-31.

For `use_container_width=True`, use `width='stretch'`. For `use_container_width=False`, use `width='content'`.
2026-05-21 15:03:22.433 Please replace `use_container_width` with `width`.

`use_container_width` will be removed after 2025-12-31.

For `use_container_width=True`, use `width='stretch'`. For `use_container_width=False`, use `width='content'`.
2026-05-21 15:03:22.532 Please replace `use_container_width` with `width`.

`use_container_width` will be removed after 2025-12-31.

For `use_container_width=True`, use `width='stretch'`. For `use_container_width=False`, use `width='content'`.
2026-05-21 15:03:22.603 Please replace `st.components.v1.html` with `st.iframe`.

`st.components.v1.html` will be removed after 2026-06-01.
2026-05-21 15:03:22.662 Please replace `use_container_width` with `width`.

`use_container_width` will be removed after 2025-12-31.

For `use_container_width=True`, use `width='stretch'`. For `use_container_width=False`, use `width='content'`.
2026-05-21 15:03:24.368 Please replace `use_container_width` with `width`.

`use_container_width` will be removed after 2025-12-31.

For `use_container_width=True`, use `width='stretch'`. For `use_container_width=False`, use `width='content'`.
2026-05-21 15:03:24.432 Please replace `use_container_width` with `width`.

`use_container_width` will be removed after 2025-12-31.

For `use_container_width=True`, use `width='stretch'`. For `use_container_width=False`, use `width='content'`.
2026-05-21 15:03:24.522 Please replace `use_container_width` with `width`.

`use_container_width` will be removed after 2025-12-31.

For `use_container_width=True`, use `width='stretch'`. For `use_container_width=False`, use `width='content'`.
2026-05-21 15:03:24.562 Please replace `st.components.v1.html` with `st.iframe`.

`st.components.v1.html` will be removed after 2026-06-01.
2026-05-21 15:03:24.612 Please replace `use_container_width` with `width`.

`use_container_width` will be removed after 2025-12-31.

For `use_container_width=True`, use `width='stretch'`. For `use_container_width=False`, use `width='content'`.
2026-05-21 15:03:26.353 Please replace `use_container_width` with `width`.

`use_container_width` will be removed after 2025-12-31.

For `use_container_width=True`, use `width='stretch'`. For `use_container_width=False`, use `width='content'`.
2026-05-21 15:03:26.408 Please replace `use_container_width` with `width`.

`use_container_width` will be removed after 2025-12-31.

For `use_container_width=True`, use `width='stretch'`. For `use_container_width=False`, use `width='content'`.
2026-05-21 15:03:26.482 Please replace `use_container_width` with `width`.

`use_container_width` will be removed after 2025-12-31.

For `use_container_width=True`, use `width='stretch'`. For `use_container_width=False`, use `width='content'`.
2026-05-21 15:03:26.567 Please replace `st.components.v1.html` with `st.iframe`.

`st.components.v1.html` will be removed after 2026-06-01.
2026-05-21 15:03:26.639 Please replace `use_container_width` with `width`.

`use_container_width` will be removed after 2025-12-31.

For `use_container_width=True`, use `width='stretch'`. For `use_container_width=False`, use `width='content'`.
2026-05-21 15:03:28.397 Please replace `use_container_width` with `width`.

`use_container_width` will be removed after 2025-12-31.

For `use_container_width=True`, use `width='stretch'`. For `use_container_width=False`, use `width='content'`.
2026-05-21 15:03:28.476 Please replace `use_container_width` with `width`.

`use_container_width` will be removed after 2025-12-31.

For `use_container_width=True`, use `width='stretch'`. For `use_container_width=False`, use `width='content'`.
2026-05-21 15:03:28.563 Please replace `use_container_width` with `width`.

`use_container_width` will be removed after 2025-12-31.

For `use_container_width=True`, use `width='stretch'`. For `use_container_width=False`, use `width='content'`.
2026-05-21 15:03:28.612 Please replace `st.components.v1.html` with `st.iframe`.

`st.components.v1.html` will be removed after 2026-06-01.
2026-05-21 15:03:28.676 Please replace `use_container_width` with `width`.

`use_container_width` will be removed after 2025-12-31.

For `use_container_width=True`, use `width='stretch'`. For `use_container_width=False`, use `width='content'`.
2026-05-21 15:03:30.352 Please replace `use_container_width` with `width`.

`use_container_width` will be removed after 2025-12-31.

For `use_container_width=True`, use `width='stretch'`. For `use_container_width=False`, use `width='content'`.
2026-05-21 15:03:30.412 Please replace `use_container_width` with `width`.

`use_container_width` will be removed after 2025-12-31.

For `use_container_width=True`, use `width='stretch'`. For `use_container_width=False`, use `width='content'`.
2026-05-21 15:03:30.504 Please replace `use_container_width` with `width`.

`use_container_width` will be removed after 2025-12-31.

For `use_container_width=True`, use `width='stretch'`. For `use_container_width=False`, use `width='content'`.
2026-05-21 15:03:30.568 Please replace `st.components.v1.html` with `st.iframe`.

`st.components.v1.html` will be removed after 2026-06-01.
2026-05-21 15:03:30.627 Please replace `use_container_width` with `width`.

`use_container_width` will be removed after 2025-12-31.

For `use_container_width=True`, use `width='stretch'`. For `use_container_width=False`, use `width='content'`.
2026-05-21 15:03:32.364 Please replace `use_container_width` with `width`.

`use_container_width` will be removed after 2025-12-31.

For `use_container_width=True`, use `width='stretch'`. For `use_container_width=False`, use `width='content'`.
2026-05-21 15:03:32.432 Please replace `use_container_width` with `width`.

`use_container_width` will be removed after 2025-12-31.

For `use_container_width=True`, use `width='stretch'`. For `use_container_width=False`, use `width='content'`.
2026-05-21 15:03:32.508 Please replace `use_container_width` with `width`.

`use_container_width` will be removed after 2025-12-31.

For `use_container_width=True`, use `width='stretch'`. For `use_container_width=False`, use `width='content'`.
2026-05-21 15:03:32.548 Please replace `st.components.v1.html` with `st.iframe`.

`st.components.v1.html` will be removed after 2026-06-01.
2026-05-21 15:03:32.599 Please replace `use_container_width` with `width`.

`use_container_width` will be removed after 2025-12-31.

For `use_container_width=True`, use `width='stretch'`. For `use_container_width=False`, use `width='content'`.
2026-05-21 15:03:34.397 Please replace `use_container_width` with `width`.

`use_container_width` will be removed after 2025-12-31.

For `use_container_width=True`, use `width='stretch'`. For `use_container_width=False`, use `width='content'`.
2026-05-21 15:03:34.479 Please replace `use_container_width` with `width`.

`use_container_width` will be removed after 2025-12-31.

For `use_container_width=True`, use `width='stretch'`. For `use_container_width=False`, use `width='content'`.
2026-05-21 15:03:34.564 Please replace `use_container_width` with `width`.

`use_container_width` will be removed after 2025-12-31.

For `use_container_width=True`, use `width='stretch'`. For `use_container_width=False`, use `width='content'`.
2026-05-21 15:03:34.606 Please replace `st.components.v1.html` with `st.iframe`.

`st.components.v1.html` will be removed after 2026-06-01.
2026-05-21 15:03:34.655 Please replace `use_container_width` with `width`.

`use_container_width` will be removed after 2025-12-31.

For `use_container_width=True`, use `width='stretch'`. For `use_container_width=False`, use `width='content'`.
2026-05-21 15:03:36.353 Please replace `use_container_width` with `width`.

`use_container_width` will be removed after 2025-12-31.

For `use_container_width=True`, use `width='stretch'`. For `use_container_width=False`, use `width='content'`.
2026-05-21 15:03:36.412 Please replace `use_container_width` with `width`.

`use_container_width` will be removed after 2025-12-31.

For `use_container_width=True`, use `width='stretch'`. For `use_container_width=False`, use `width='content'`.
2026-05-21 15:03:36.494 Please replace `use_container_width` with `width`.

`use_container_width` will be removed after 2025-12-31.

For `use_container_width=True`, use `width='stretch'`. For `use_container_width=False`, use `width='content'`.
2026-05-21 15:03:36.535 Please replace `st.components.v1.html` with `st.iframe`.

`st.components.v1.html` will be removed after 2026-06-01.
2026-05-21 15:03:36.606 Please replace `use_container_width` with `width`.

`use_container_width` will be removed after 2025-12-31.

For `use_container_width=True`, use `width='stretch'`. For `use_container_width=False`, use `width='content'`.
2026-05-21 15:03:38.364 Please replace `use_container_width` with `width`.

`use_container_width` will be removed after 2025-12-31.

For `use_container_width=True`, use `width='stretch'`. For `use_container_width=False`, use `width='content'`.
2026-05-21 15:03:38.428 Please replace `use_container_width` with `width`.

`use_container_width` will be removed after 2025-12-31.

For `use_container_width=True`, use `width='stretch'`. For `use_container_width=False`, use `width='content'`.
2026-05-21 15:03:38.489 Please replace `use_container_width` with `width`.

`use_container_width` will be removed after 2025-12-31.

For `use_container_width=True`, use `width='stretch'`. For `use_container_width=False`, use `width='content'`.
2026-05-21 15:03:38.581 Please replace `st.components.v1.html` with `st.iframe`.

`st.components.v1.html` will be removed after 2026-06-01.
2026-05-21 15:03:38.633 Please replace `use_container_width` with `width`.

`use_container_width` will be removed after 2025-12-31.

For `use_container_width=True`, use `width='stretch'`. For `use_container_width=False`, use `width='content'`.
2026-05-21 15:03:40.394 Please replace `use_container_width` with `width`.

`use_container_width` will be removed after 2025-12-31.

For `use_container_width=True`, use `width='stretch'`. For `use_container_width=False`, use `width='content'`.
2026-05-21 15:03:40.461 Please replace `use_container_width` with `width`.

`use_container_width` will be removed after 2025-12-31.

For `use_container_width=True`, use `width='stretch'`. For `use_container_width=False`, use `width='content'`.
2026-05-21 15:03:40.545 Please replace `use_container_width` with `width`.

`use_container_width` will be removed after 2025-12-31.

For `use_container_width=True`, use `width='stretch'`. For `use_container_width=False`, use `width='content'`.
2026-05-21 15:03:40.586 Please replace `st.components.v1.html` with `st.iframe`.

`st.components.v1.html` will be removed after 2026-06-01.
2026-05-21 15:03:40.636 Please replace `use_container_width` with `width`.

`use_container_width` will be removed after 2025-12-31.

For `use_container_width=True`, use `width='stretch'`. For `use_container_width=False`, use `width='content'`.
2026-05-21 15:03:42.351 Please replace `use_container_width` with `width`.

`use_container_width` will be removed after 2025-12-31.

For `use_container_width=True`, use `width='stretch'`. For `use_container_width=False`, use `width='content'`.
2026-05-21 15:03:42.412 Please replace `use_container_width` with `width`.

`use_container_width` will be removed after 2025-12-31.

For `use_container_width=True`, use `width='stretch'`. For `use_container_width=False`, use `width='content'`.
2026-05-21 15:03:42.498 Please replace `use_container_width` with `width`.

`use_container_width` will be removed after 2025-12-31.

For `use_container_width=True`, use `width='stretch'`. For `use_container_width=False`, use `width='content'`.
2026-05-21 15:03:42.545 Please replace `st.components.v1.html` with `st.iframe`.

`st.components.v1.html` will be removed after 2026-06-01.
2026-05-21 15:03:42.623 Please replace `use_container_width` with `width`.

`use_container_width` will be removed after 2025-12-31.

For `use_container_width=True`, use `width='stretch'`. For `use_container_width=False`, use `width='content'`.
2026-05-21 15:03:44.363 Please replace `use_container_width` with `width`.

`use_container_width` will be removed after 2025-12-31.

For `use_container_width=True`, use `width='stretch'`. For `use_container_width=False`, use `width='content'`.
2026-05-21 15:03:44.433 Please replace `use_container_width` with `width`.

`use_container_width` will be removed after 2025-12-31.

For `use_container_width=True`, use `width='stretch'`. For `use_container_width=False`, use `width='content'`.
2026-05-21 15:03:44.511 Please replace `use_container_width` with `width`.

`use_container_width` will be removed after 2025-12-31.

For `use_container_width=True`, use `width='stretch'`. For `use_container_width=False`, use `width='content'`.
2026-05-21 15:03:44.551 Please replace `st.components.v1.html` with `st.iframe`.

`st.components.v1.html` will be removed after 2026-06-01.
2026-05-21 15:03:44.630 Please replace `use_container_width` with `width`.

`use_container_width` will be removed after 2025-12-31.

For `use_container_width=True`, use `width='stretch'`. For `use_container_width=False`, use `width='content'`.
2026-05-21 15:03:46.410 Please replace `use_container_width` with `width`.

`use_container_width` will be removed after 2025-12-31.

For `use_container_width=True`, use `width='stretch'`. For `use_container_width=False`, use `width='content'`.
2026-05-21 15:03:46.473 Please replace `use_container_width` with `width`.

`use_container_width` will be removed after 2025-12-31.

For `use_container_width=True`, use `width='stretch'`. For `use_container_width=False`, use `width='content'`.
2026-05-21 15:03:46.562 Please replace `use_container_width` with `width`.

`use_container_width` will be removed after 2025-12-31.

For `use_container_width=True`, use `width='stretch'`. For `use_container_width=False`, use `width='content'`.
2026-05-21 15:03:46.609 Please replace `st.components.v1.html` with `st.iframe`.

`st.components.v1.html` will be removed after 2026-06-01.
2026-05-21 15:03:46.678 Please replace `use_container_width` with `width`.

`use_container_width` will be removed after 2025-12-31.

For `use_container_width=True`, use `width='stretch'`. For `use_container_width=False`, use `width='content'`.
2026-05-21 15:03:48.354 Please replace `use_container_width` with `width`.

`use_container_width` will be removed after 2025-12-31.

For `use_container_width=True`, use `width='stretch'`. For `use_container_width=False`, use `width='content'`.
2026-05-21 15:03:48.413 Please replace `use_container_width` with `width`.

`use_container_width` will be removed after 2025-12-31.

For `use_container_width=True`, use `width='stretch'`. For `use_container_width=False`, use `width='content'`.
2026-05-21 15:03:48.504 Please replace `use_container_width` with `width`.

`use_container_width` will be removed after 2025-12-31.

For `use_container_width=True`, use `width='stretch'`. For `use_container_width=False`, use `width='content'`.
2026-05-21 15:03:48.581 Please replace `st.components.v1.html` with `st.iframe`.

`st.components.v1.html` will be removed after 2026-06-01.
2026-05-21 15:03:48.643 Please replace `use_container_width` with `width`.

`use_container_width` will be removed after 2025-12-31.

For `use_container_width=True`, use `width='stretch'`. For `use_container_width=False`, use `width='content'`.
2026-05-21 15:03:50.364 Please replace `use_container_width` with `width`.

`use_container_width` will be removed after 2025-12-31.

For `use_container_width=True`, use `width='stretch'`. For `use_container_width=False`, use `width='content'`.
2026-05-21 15:03:50.434 Please replace `use_container_width` with `width`.

`use_container_width` will be removed after 2025-12-31.

For `use_container_width=True`, use `width='stretch'`. For `use_container_width=False`, use `width='content'`.
2026-05-21 15:03:50.513 Please replace `use_container_width` with `width`.

`use_container_width` will be removed after 2025-12-31.

For `use_container_width=True`, use `width='stretch'`. For `use_container_width=False`, use `width='content'`.
2026-05-21 15:03:50.560 Please replace `st.components.v1.html` with `st.iframe`.

`st.components.v1.html` will be removed after 2026-06-01.
2026-05-21 15:03:50.633 Please replace `use_container_width` with `width`.

`use_container_width` will be removed after 2025-12-31.

For `use_container_width=True`, use `width='stretch'`. For `use_container_width=False`, use `width='content'`.
2026-05-21 15:03:52.411 Please replace `use_container_width` with `width`.

`use_container_width` will be removed after 2025-12-31.

For `use_container_width=True`, use `width='stretch'`. For `use_container_width=False`, use `width='content'`.
2026-05-21 15:03:52.479 Please replace `use_container_width` with `width`.

`use_container_width` will be removed after 2025-12-31.

For `use_container_width=True`, use `width='stretch'`. For `use_container_width=False`, use `width='content'`.
2026-05-21 15:03:52.565 Please replace `use_container_width` with `width`.

`use_container_width` will be removed after 2025-12-31.

For `use_container_width=True`, use `width='stretch'`. For `use_container_width=False`, use `width='content'`.
2026-05-21 15:03:52.605 Please replace `st.components.v1.html` with `st.iframe`.

`st.components.v1.html` will be removed after 2026-06-01.
2026-05-21 15:03:52.653 Please replace `use_container_width` with `width`.

`use_container_width` will be removed after 2025-12-31.

For `use_container_width=True`, use `width='stretch'`. For `use_container_width=False`, use `width='content'`.
2026-05-21 15:03:54.354 Please replace `use_container_width` with `width`.

`use_container_width` will be removed after 2025-12-31.

For `use_container_width=True`, use `width='stretch'`. For `use_container_width=False`, use `width='content'`.
2026-05-21 15:03:54.411 Please replace `use_container_width` with `width`.

`use_container_width` will be removed after 2025-12-31.

For `use_container_width=True`, use `width='stretch'`. For `use_container_width=False`, use `width='content'`.
2026-05-21 15:03:54.500 Please replace `use_container_width` with `width`.

`use_container_width` will be removed after 2025-12-31.

For `use_container_width=True`, use `width='stretch'`. For `use_container_width=False`, use `width='content'`.
2026-05-21 15:03:54.595 Please replace `st.components.v1.html` with `st.iframe`.

`st.components.v1.html` will be removed after 2026-06-01.
2026-05-21 15:03:54.651 Please replace `use_container_width` with `width`.

`use_container_width` will be removed after 2025-12-31.

For `use_container_width=True`, use `width='stretch'`. For `use_container_width=False`, use `width='content'`.
2026-05-21 15:03:56.363 Please replace `use_container_width` with `width`.

`use_container_width` will be removed after 2025-12-31.

For `use_container_width=True`, use `width='stretch'`. For `use_container_width=False`, use `width='content'`.
2026-05-21 15:03:56.430 Please replace `use_container_width` with `width`.

`use_container_width` will be removed after 2025-12-31.

For `use_container_width=True`, use `width='stretch'`. For `use_container_width=False`, use `width='content'`.
2026-05-21 15:03:56.517 Please replace `use_container_width` with `width`.

`use_container_width` will be removed after 2025-12-31.

For `use_container_width=True`, use `width='stretch'`. For `use_container_width=False`, use `width='content'`.
2026-05-21 15:03:56.556 Please replace `st.components.v1.html` with `st.iframe`.

`st.components.v1.html` will be removed after 2026-06-01.
2026-05-21 15:03:56.606 Please replace `use_container_width` with `width`.

`use_container_width` will be removed after 2025-12-31.

For `use_container_width=True`, use `width='stretch'`. For `use_container_width=False`, use `width='content'`.
2026-05-21 15:03:58.413 Please replace `use_container_width` with `width`.

`use_container_width` will be removed after 2025-12-31.

For `use_container_width=True`, use `width='stretch'`. For `use_container_width=False`, use `width='content'`.
2026-05-21 15:03:58.484 Please replace `use_container_width` with `width`.

`use_container_width` will be removed after 2025-12-31.

For `use_container_width=True`, use `width='stretch'`. For `use_container_width=False`, use `width='content'`.
2026-05-21 15:03:58.567 Please replace `use_container_width` with `width`.

`use_container_width` will be removed after 2025-12-31.

For `use_container_width=True`, use `width='stretch'`. For `use_container_width=False`, use `width='content'`.
2026-05-21 15:03:58.608 Please replace `st.components.v1.html` with `st.iframe`.

`st.components.v1.html` will be removed after 2026-06-01.
2026-05-21 15:03:58.660 Please replace `use_container_width` with `width`.

`use_container_width` will be removed after 2025-12-31.

For `use_container_width=True`, use `width='stretch'`. For `use_container_width=False`, use `width='content'`.
2026-05-21 15:04:00.354 Please replace `use_container_width` with `width`.

`use_container_width` will be removed after 2025-12-31.

For `use_container_width=True`, use `width='stretch'`. For `use_container_width=False`, use `width='content'`.
2026-05-21 15:04:00.415 Please replace `use_container_width` with `width`.

`use_container_width` will be removed after 2025-12-31.

For `use_container_width=True`, use `width='stretch'`. For `use_container_width=False`, use `width='content'`.
2026-05-21 15:04:00.509 Please replace `use_container_width` with `width`.

`use_container_width` will be removed after 2025-12-31.

For `use_container_width=True`, use `width='stretch'`. For `use_container_width=False`, use `width='content'`.
2026-05-21 15:04:00.585 Please replace `st.components.v1.html` with `st.iframe`.

`st.components.v1.html` will be removed after 2026-06-01.
2026-05-21 15:04:00.635 Please replace `use_container_width` with `width`.

`use_container_width` will be removed after 2025-12-31.

For `use_container_width=True`, use `width='stretch'`. For `use_container_width=False`, use `width='content'`.
2026-05-21 15:04:02.363 Please replace `use_container_width` with `width`.

`use_container_width` will be removed after 2025-12-31.

For `use_container_width=True`, use `width='stretch'`. For `use_container_width=False`, use `width='content'`.
2026-05-21 15:04:02.434 Please replace `use_container_width` with `width`.

`use_container_width` will be removed after 2025-12-31.

For `use_container_width=True`, use `width='stretch'`. For `use_container_width=False`, use `width='content'`.
2026-05-21 15:04:02.518 Please replace `use_container_width` with `width`.

`use_container_width` will be removed after 2025-12-31.

For `use_container_width=True`, use `width='stretch'`. For `use_container_width=False`, use `width='content'`.
2026-05-21 15:04:02.560 Please replace `st.components.v1.html` with `st.iframe`.

`st.components.v1.html` will be removed after 2026-06-01.
2026-05-21 15:04:02.607 Please replace `use_container_width` with `width`.

`use_container_width` will be removed after 2025-12-31.

For `use_container_width=True`, use `width='stretch'`. For `use_container_width=False`, use `width='content'`.
2026-05-21 15:04:04.351 Please replace `use_container_width` with `width`.

`use_container_width` will be removed after 2025-12-31.

For `use_container_width=True`, use `width='stretch'`. For `use_container_width=False`, use `width='content'`.
2026-05-21 15:04:04.412 Please replace `use_container_width` with `width`.

`use_container_width` will be removed after 2025-12-31.

For `use_container_width=True`, use `width='stretch'`. For `use_container_width=False`, use `width='content'`.
2026-05-21 15:04:04.499 Please replace `use_container_width` with `width`.

`use_container_width` will be removed after 2025-12-31.

For `use_container_width=True`, use `width='stretch'`. For `use_container_width=False`, use `width='content'`.
2026-05-21 15:04:04.556 Please replace `st.components.v1.html` with `st.iframe`.

`st.components.v1.html` will be removed after 2026-06-01.
2026-05-21 15:04:04.618 Please replace `use_container_width` with `width`.

`use_container_width` will be removed after 2025-12-31.

For `use_container_width=True`, use `width='stretch'`. For `use_container_width=False`, use `width='content'`.
2026-05-21 15:04:06.364 Please replace `use_container_width` with `width`.

`use_container_width` will be removed after 2025-12-31.

For `use_container_width=True`, use `width='stretch'`. For `use_container_width=False`, use `width='content'`.
2026-05-21 15:04:06.427 Please replace `use_container_width` with `width`.

`use_container_width` will be removed after 2025-12-31.

For `use_container_width=True`, use `width='stretch'`. For `use_container_width=False`, use `width='content'`.
2026-05-21 15:04:06.518 Please replace `use_container_width` with `width`.

`use_container_width` will be removed after 2025-12-31.

For `use_container_width=True`, use `width='stretch'`. For `use_container_width=False`, use `width='content'`.
2026-05-21 15:04:06.572 Please replace `st.components.v1.html` with `st.iframe`.

`st.components.v1.html` will be removed after 2026-06-01.
2026-05-21 15:04:06.636 Please replace `use_container_width` with `width`.

`use_container_width` will be removed after 2025-12-31.

For `use_container_width=True`, use `width='stretch'`. For `use_container_width=False`, use `width='content'`.
2026-05-21 15:04:08.353 Please replace `use_container_width` with `width`.

`use_container_width` will be removed after 2025-12-31.

For `use_container_width=True`, use `width='stretch'`. For `use_container_width=False`, use `width='content'`.
2026-05-21 15:04:08.409 Please replace `use_container_width` with `width`.

`use_container_width` will be removed after 2025-12-31.

For `use_container_width=True`, use `width='stretch'`. For `use_container_width=False`, use `width='content'`.
2026-05-21 15:04:08.505 Please replace `use_container_width` with `width`.

`use_container_width` will be removed after 2025-12-31.

For `use_container_width=True`, use `width='stretch'`. For `use_container_width=False`, use `width='content'`.
2026-05-21 15:04:08.572 Please replace `st.components.v1.html` with `st.iframe`.

`st.components.v1.html` will be removed after 2026-06-01.
2026-05-21 15:04:08.643 Please replace `use_container_width` with `width`.

`use_container_width` will be removed after 2025-12-31.

For `use_container_width=True`, use `width='stretch'`. For `use_container_width=False`, use `width='content'`.
2026-05-21 15:04:10.363 Please replace `use_container_width` with `width`.

`use_container_width` will be removed after 2025-12-31.

For `use_container_width=True`, use `width='stretch'`. For `use_container_width=False`, use `width='content'`.
2026-05-21 15:04:10.424 Please replace `use_container_width` with `width`.

`use_container_width` will be removed after 2025-12-31.

For `use_container_width=True`, use `width='stretch'`. For `use_container_width=False`, use `width='content'`.
2026-05-21 15:04:10.513 Please replace `use_container_width` with `width`.

`use_container_width` will be removed after 2025-12-31.

For `use_container_width=True`, use `width='stretch'`. For `use_container_width=False`, use `width='content'`.
2026-05-21 15:04:10.556 Please replace `st.components.v1.html` with `st.iframe`.

`st.components.v1.html` will be removed after 2026-06-01.
2026-05-21 15:04:10.632 Please replace `use_container_width` with `width`.

`use_container_width` will be removed after 2025-12-31.

For `use_container_width=True`, use `width='stretch'`. For `use_container_width=False`, use `width='content'`.
2026-05-21 15:04:12.351 Please replace `use_container_width` with `width`.

`use_container_width` will be removed after 2025-12-31.

For `use_container_width=True`, use `width='stretch'`. For `use_container_width=False`, use `width='content'`.
2026-05-21 15:04:12.409 Please replace `use_container_width` with `width`.

`use_container_width` will be removed after 2025-12-31.

For `use_container_width=True`, use `width='stretch'`. For `use_container_width=False`, use `width='content'`.
2026-05-21 15:04:12.497 Please replace `use_container_width` with `width`.

`use_container_width` will be removed after 2025-12-31.

For `use_container_width=True`, use `width='stretch'`. For `use_container_width=False`, use `width='content'`.
2026-05-21 15:04:12.573 Please replace `st.components.v1.html` with `st.iframe`.

`st.components.v1.html` will be removed after 2026-06-01.
2026-05-21 15:04:12.618 Please replace `use_container_width` with `width`.

`use_container_width` will be removed after 2025-12-31.

For `use_container_width=True`, use `width='stretch'`. For `use_container_width=False`, use `width='content'`.
2026-05-21 15:04:14.399 Please replace `use_container_width` with `width`.

`use_container_width` will be removed after 2025-12-31.

For `use_container_width=True`, use `width='stretch'`. For `use_container_width=False`, use `width='content'`.
2026-05-21 15:04:14.487 Please replace `use_container_width` with `width`.

`use_container_width` will be removed after 2025-12-31.

For `use_container_width=True`, use `width='stretch'`. For `use_container_width=False`, use `width='content'`.
2026-05-21 15:04:14.589 Please replace `use_container_width` with `width`.

`use_container_width` will be removed after 2025-12-31.

For `use_container_width=True`, use `width='stretch'`. For `use_container_width=False`, use `width='content'`.
2026-05-21 15:04:14.648 Please replace `st.components.v1.html` with `st.iframe`.

`st.components.v1.html` will be removed after 2026-06-01.
2026-05-21 15:04:14.732 Please replace `use_container_width` with `width`.

`use_container_width` will be removed after 2025-12-31.

For `use_container_width=True`, use `width='stretch'`. For `use_container_width=False`, use `width='content'`.
2026-05-21 15:04:16.354 Please replace `use_container_width` with `width`.

`use_container_width` will be removed after 2025-12-31.

For `use_container_width=True`, use `width='stretch'`. For `use_container_width=False`, use `width='content'`.
2026-05-21 15:04:16.410 Please replace `use_container_width` with `width`.

`use_container_width` will be removed after 2025-12-31.

For `use_container_width=True`, use `width='stretch'`. For `use_container_width=False`, use `width='content'`.
2026-05-21 15:04:16.505 Please replace `use_container_width` with `width`.

`use_container_width` will be removed after 2025-12-31.

For `use_container_width=True`, use `width='stretch'`. For `use_container_width=False`, use `width='content'`.
2026-05-21 15:04:16.573 Please replace `st.components.v1.html` with `st.iframe`.

`st.components.v1.html` will be removed after 2026-06-01.
2026-05-21 15:04:16.633 Please replace `use_container_width` with `width`.

`use_container_width` will be removed after 2025-12-31.

For `use_container_width=True`, use `width='stretch'`. For `use_container_width=False`, use `width='content'`.
2026-05-21 15:04:18.363 Please replace `use_container_width` with `width`.

`use_container_width` will be removed after 2025-12-31.

For `use_container_width=True`, use `width='stretch'`. For `use_container_width=False`, use `width='content'`.
2026-05-21 15:04:18.434 Please replace `use_container_width` with `width`.

`use_container_width` will be removed after 2025-12-31.

For `use_container_width=True`, use `width='stretch'`. For `use_container_width=False`, use `width='content'`.
2026-05-21 15:04:18.513 Please replace `use_container_width` with `width`.

`use_container_width` will be removed after 2025-12-31.

For `use_container_width=True`, use `width='stretch'`. For `use_container_width=False`, use `width='content'`.
2026-05-21 15:04:18.571 Please replace `st.components.v1.html` with `st.iframe`.

`st.components.v1.html` will be removed after 2026-06-01.
2026-05-21 15:04:18.626 Please replace `use_container_width` with `width`.

`use_container_width` will be removed after 2025-12-31.

For `use_container_width=True`, use `width='stretch'`. For `use_container_width=False`, use `width='content'`.
2026-05-21 15:04:20.401 Please replace `use_container_width` with `width`.

`use_container_width` will be removed after 2025-12-31.

For `use_container_width=True`, use `width='stretch'`. For `use_container_width=False`, use `width='content'`.
2026-05-21 15:04:20.476 Please replace `use_container_width` with `width`.

`use_container_width` will be removed after 2025-12-31.

For `use_container_width=True`, use `width='stretch'`. For `use_container_width=False`, use `width='content'`.
2026-05-21 15:04:20.563 Please replace `use_container_width` with `width`.

`use_container_width` will be removed after 2025-12-31.

For `use_container_width=True`, use `width='stretch'`. For `use_container_width=False`, use `width='content'`.
2026-05-21 15:04:20.603 Please replace `st.components.v1.html` with `st.iframe`.

`st.components.v1.html` will be removed after 2026-06-01.
2026-05-21 15:04:20.684 Please replace `use_container_width` with `width`.

`use_container_width` will be removed after 2025-12-31.

For `use_container_width=True`, use `width='stretch'`. For `use_container_width=False`, use `width='content'`.
2026-05-21 15:04:22.354 Please replace `use_container_width` with `width`.

`use_container_width` will be removed after 2025-12-31.

For `use_container_width=True`, use `width='stretch'`. For `use_container_width=False`, use `width='content'`.
2026-05-21 15:04:22.413 Please replace `use_container_width` with `width`.

`use_container_width` will be removed after 2025-12-31.

For `use_container_width=True`, use `width='stretch'`. For `use_container_width=False`, use `width='content'`.
2026-05-21 15:04:22.494 Please replace `use_container_width` with `width`.

`use_container_width` will be removed after 2025-12-31.

For `use_container_width=True`, use `width='stretch'`. For `use_container_width=False`, use `width='content'`.
2026-05-21 15:04:22.540 Please replace `st.components.v1.html` with `st.iframe`.

`st.components.v1.html` will be removed after 2026-06-01.
2026-05-21 15:04:22.606 Please replace `use_container_width` with `width`.

`use_container_width` will be removed after 2025-12-31.

For `use_container_width=True`, use `width='stretch'`. For `use_container_width=False`, use `width='content'`.
2026-05-21 15:04:24.410 Please replace `use_container_width` with `width`.

`use_container_width` will be removed after 2025-12-31.

For `use_container_width=True`, use `width='stretch'`. For `use_container_width=False`, use `width='content'`.
2026-05-21 15:04:24.481 Please replace `use_container_width` with `width`.

`use_container_width` will be removed after 2025-12-31.

For `use_container_width=True`, use `width='stretch'`. For `use_container_width=False`, use `width='content'`.
2026-05-21 15:04:24.563 Please replace `use_container_width` with `width`.

`use_container_width` will be removed after 2025-12-31.

For `use_container_width=True`, use `width='stretch'`. For `use_container_width=False`, use `width='content'`.
2026-05-21 15:04:24.603 Please replace `st.components.v1.html` with `st.iframe`.

`st.components.v1.html` will be removed after 2026-06-01.
2026-05-21 15:04:24.671 Please replace `use_container_width` with `width`.

`use_container_width` will be removed after 2025-12-31.

For `use_container_width=True`, use `width='stretch'`. For `use_container_width=False`, use `width='content'`.
2026-05-21 15:04:26.386 Please replace `use_container_width` with `width`.

`use_container_width` will be removed after 2025-12-31.

For `use_container_width=True`, use `width='stretch'`. For `use_container_width=False`, use `width='content'`.
2026-05-21 15:04:26.441 Please replace `use_container_width` with `width`.

`use_container_width` will be removed after 2025-12-31.

For `use_container_width=True`, use `width='stretch'`. For `use_container_width=False`, use `width='content'`.
2026-05-21 15:04:26.535 Please replace `use_container_width` with `width`.

`use_container_width` will be removed after 2025-12-31.

For `use_container_width=True`, use `width='stretch'`. For `use_container_width=False`, use `width='content'`.
2026-05-21 15:04:26.582 Please replace `st.components.v1.html` with `st.iframe`.

`st.components.v1.html` will be removed after 2026-06-01.
2026-05-21 15:04:26.634 Please replace `use_container_width` with `width`.

`use_container_width` will be removed after 2025-12-31.

For `use_container_width=True`, use `width='stretch'`. For `use_container_width=False`, use `width='content'`.
2026-05-21 15:04:28.365 Please replace `use_container_width` with `width`.

`use_container_width` will be removed after 2025-12-31.

For `use_container_width=True`, use `width='stretch'`. For `use_container_width=False`, use `width='content'`.
2026-05-21 15:04:28.426 Please replace `use_container_width` with `width`.

`use_container_width` will be removed after 2025-12-31.

For `use_container_width=True`, use `width='stretch'`. For `use_container_width=False`, use `width='content'`.
2026-05-21 15:04:28.518 Please replace `use_container_width` with `width`.

`use_container_width` will be removed after 2025-12-31.

For `use_container_width=True`, use `width='stretch'`. For `use_container_width=False`, use `width='content'`.
2026-05-21 15:04:28.561 Please replace `st.components.v1.html` with `st.iframe`.

`st.components.v1.html` will be removed after 2026-06-01.
2026-05-21 15:04:28.618 Please replace `use_container_width` with `width`.

`use_container_width` will be removed after 2025-12-31.

For `use_container_width=True`, use `width='stretch'`. For `use_container_width=False`, use `width='content'`.
2026-05-21 15:04:30.352 Please replace `use_container_width` with `width`.

`use_container_width` will be removed after 2025-12-31.

For `use_container_width=True`, use `width='stretch'`. For `use_container_width=False`, use `width='content'`.
2026-05-21 15:04:30.425 Please replace `use_container_width` with `width`.

`use_container_width` will be removed after 2025-12-31.

For `use_container_width=True`, use `width='stretch'`. For `use_container_width=False`, use `width='content'`.
2026-05-21 15:04:30.509 Please replace `use_container_width` with `width`.

`use_container_width` will be removed after 2025-12-31.

For `use_container_width=True`, use `width='stretch'`. For `use_container_width=False`, use `width='content'`.
2026-05-21 15:04:30.551 Please replace `st.components.v1.html` with `st.iframe`.

`st.components.v1.html` will be removed after 2026-06-01.
2026-05-21 15:04:30.606 Please replace `use_container_width` with `width`.

`use_container_width` will be removed after 2025-12-31.

For `use_container_width=True`, use `width='stretch'`. For `use_container_width=False`, use `width='content'`.
2026-05-21 15:04:32.410 Please replace `use_container_width` with `width`.

`use_container_width` will be removed after 2025-12-31.

For `use_container_width=True`, use `width='stretch'`. For `use_container_width=False`, use `width='content'`.
2026-05-21 15:04:32.468 Please replace `use_container_width` with `width`.

`use_container_width` will be removed after 2025-12-31.

For `use_container_width=True`, use `width='stretch'`. For `use_container_width=False`, use `width='content'`.
2026-05-21 15:04:32.556 Please replace `use_container_width` with `width`.

`use_container_width` will be removed after 2025-12-31.

For `use_container_width=True`, use `width='stretch'`. For `use_container_width=False`, use `width='content'`.
2026-05-21 15:04:32.594 Please replace `st.components.v1.html` with `st.iframe`.

`st.components.v1.html` will be removed after 2026-06-01.
2026-05-21 15:04:32.662 Please replace `use_container_width` with `width`.

`use_container_width` will be removed after 2025-12-31.

For `use_container_width=True`, use `width='stretch'`. For `use_container_width=False`, use `width='content'`.
2026-05-21 15:04:34.352 Please replace `use_container_width` with `width`.

`use_container_width` will be removed after 2025-12-31.

For `use_container_width=True`, use `width='stretch'`. For `use_container_width=False`, use `width='content'`.
2026-05-21 15:04:34.408 Please replace `use_container_width` with `width`.

`use_container_width` will be removed after 2025-12-31.

For `use_container_width=True`, use `width='stretch'`. For `use_container_width=False`, use `width='content'`.
2026-05-21 15:04:34.496 Please replace `use_container_width` with `width`.

`use_container_width` will be removed after 2025-12-31.

For `use_container_width=True`, use `width='stretch'`. For `use_container_width=False`, use `width='content'`.
2026-05-21 15:04:34.549 Please replace `st.components.v1.html` with `st.iframe`.

`st.components.v1.html` will be removed after 2026-06-01.
2026-05-21 15:04:34.601 Please replace `use_container_width` with `width`.

`use_container_width` will be removed after 2025-12-31.

For `use_container_width=True`, use `width='stretch'`. For `use_container_width=False`, use `width='content'`.
2026-05-21 15:04:36.364 Please replace `use_container_width` with `width`.

`use_container_width` will be removed after 2025-12-31.

For `use_container_width=True`, use `width='stretch'`. For `use_container_width=False`, use `width='content'`.
2026-05-21 15:04:36.427 Please replace `use_container_width` with `width`.

`use_container_width` will be removed after 2025-12-31.

For `use_container_width=True`, use `width='stretch'`. For `use_container_width=False`, use `width='content'`.
2026-05-21 15:04:36.512 Please replace `use_container_width` with `width`.

`use_container_width` will be removed after 2025-12-31.

For `use_container_width=True`, use `width='stretch'`. For `use_container_width=False`, use `width='content'`.
2026-05-21 15:04:36.557 Please replace `st.components.v1.html` with `st.iframe`.

`st.components.v1.html` will be removed after 2026-06-01.
2026-05-21 15:04:36.603 Please replace `use_container_width` with `width`.

`use_container_width` will be removed after 2025-12-31.

For `use_container_width=True`, use `width='stretch'`. For `use_container_width=False`, use `width='content'`.
2026-05-21 15:04:38.416 Please replace `use_container_width` with `width`.

`use_container_width` will be removed after 2025-12-31.

For `use_container_width=True`, use `width='stretch'`. For `use_container_width=False`, use `width='content'`.
2026-05-21 15:04:38.480 Please replace `use_container_width` with `width`.

`use_container_width` will be removed after 2025-12-31.

For `use_container_width=True`, use `width='stretch'`. For `use_container_width=False`, use `width='content'`.
2026-05-21 15:04:38.568 Please replace `use_container_width` with `width`.

`use_container_width` will be removed after 2025-12-31.

For `use_container_width=True`, use `width='stretch'`. For `use_container_width=False`, use `width='content'`.
2026-05-21 15:04:38.608 Please replace `st.components.v1.html` with `st.iframe`.

`st.components.v1.html` will be removed after 2026-06-01.
2026-05-21 15:04:38.682 Please replace `use_container_width` with `width`.

`use_container_width` will be removed after 2025-12-31.

For `use_container_width=True`, use `width='stretch'`. For `use_container_width=False`, use `width='content'`.
2026-05-21 15:04:40.354 Please replace `use_container_width` with `width`.

`use_container_width` will be removed after 2025-12-31.

For `use_container_width=True`, use `width='stretch'`. For `use_container_width=False`, use `width='content'`.
2026-05-21 15:04:40.408 Please replace `use_container_width` with `width`.

`use_container_width` will be removed after 2025-12-31.

For `use_container_width=True`, use `width='stretch'`. For `use_container_width=False`, use `width='content'`.
2026-05-21 15:04:40.498 Please replace `use_container_width` with `width`.

`use_container_width` will be removed after 2025-12-31.

For `use_container_width=True`, use `width='stretch'`. For `use_container_width=False`, use `width='content'`.
2026-05-21 15:04:40.540 Please replace `st.components.v1.html` with `st.iframe`.

`st.components.v1.html` will be removed after 2026-06-01.
2026-05-21 15:04:40.605 Please replace `use_container_width` with `width`.

`use_container_width` will be removed after 2025-12-31.

For `use_container_width=True`, use `width='stretch'`. For `use_container_width=False`, use `width='content'`.
2026-05-21 15:04:42.361 Please replace `use_container_width` with `width`.

`use_container_width` will be removed after 2025-12-31.

For `use_container_width=True`, use `width='stretch'`. For `use_container_width=False`, use `width='content'`.
2026-05-21 15:04:42.430 Please replace `use_container_width` with `width`.

`use_container_width` will be removed after 2025-12-31.

For `use_container_width=True`, use `width='stretch'`. For `use_container_width=False`, use `width='content'`.
2026-05-21 15:04:42.517 Please replace `use_container_width` with `width`.

`use_container_width` will be removed after 2025-12-31.

For `use_container_width=True`, use `width='stretch'`. For `use_container_width=False`, use `width='content'`.
2026-05-21 15:04:42.579 Please replace `st.components.v1.html` with `st.iframe`.

`st.components.v1.html` will be removed after 2026-06-01.
2026-05-21 15:04:42.639 Please replace `use_container_width` with `width`.

`use_container_width` will be removed after 2025-12-31.

For `use_container_width=True`, use `width='stretch'`. For `use_container_width=False`, use `width='content'`.
2026-05-21 15:04:44.412 Please replace `use_container_width` with `width`.

`use_container_width` will be removed after 2025-12-31.

For `use_container_width=True`, use `width='stretch'`. For `use_container_width=False`, use `width='content'`.
2026-05-21 15:04:44.473 Please replace `use_container_width` with `width`.

`use_container_width` will be removed after 2025-12-31.

For `use_container_width=True`, use `width='stretch'`. For `use_container_width=False`, use `width='content'`.
2026-05-21 15:04:44.560 Please replace `use_container_width` with `width`.

`use_container_width` will be removed after 2025-12-31.

For `use_container_width=True`, use `width='stretch'`. For `use_container_width=False`, use `width='content'`.
2026-05-21 15:04:44.601 Please replace `st.components.v1.html` with `st.iframe`.

`st.components.v1.html` will be removed after 2026-06-01.
2026-05-21 15:04:44.682 Please replace `use_container_width` with `width`.

`use_container_width` will be removed after 2025-12-31.

For `use_container_width=True`, use `width='stretch'`. For `use_container_width=False`, use `width='content'`.
2026-05-21 15:04:46.356 Please replace `use_container_width` with `width`.

`use_container_width` will be removed after 2025-12-31.

For `use_container_width=True`, use `width='stretch'`. For `use_container_width=False`, use `width='content'`.
2026-05-21 15:04:46.414 Please replace `use_container_width` with `width`.

`use_container_width` will be removed after 2025-12-31.

For `use_container_width=True`, use `width='stretch'`. For `use_container_width=False`, use `width='content'`.
2026-05-21 15:04:46.510 Please replace `use_container_width` with `width`.

`use_container_width` will be removed after 2025-12-31.

For `use_container_width=True`, use `width='stretch'`. For `use_container_width=False`, use `width='content'`.
2026-05-21 15:04:46.553 Please replace `st.components.v1.html` with `st.iframe`.

`st.components.v1.html` will be removed after 2026-06-01.
2026-05-21 15:04:46.617 Please replace `use_container_width` with `width`.

`use_container_width` will be removed after 2025-12-31.

For `use_container_width=True`, use `width='stretch'`. For `use_container_width=False`, use `width='content'`.
2026-05-21 15:04:48.363 Please replace `use_container_width` with `width`.

`use_container_width` will be removed after 2025-12-31.

For `use_container_width=True`, use `width='stretch'`. For `use_container_width=False`, use `width='content'`.
2026-05-21 15:04:48.429 Please replace `use_container_width` with `width`.

`use_container_width` will be removed after 2025-12-31.

For `use_container_width=True`, use `width='stretch'`. For `use_container_width=False`, use `width='content'`.
2026-05-21 15:04:48.507 Please replace `use_container_width` with `width`.

`use_container_width` will be removed after 2025-12-31.

For `use_container_width=True`, use `width='stretch'`. For `use_container_width=False`, use `width='content'`.
2026-05-21 15:04:48.547 Please replace `st.components.v1.html` with `st.iframe`.

`st.components.v1.html` will be removed after 2026-06-01.
2026-05-21 15:04:48.598 Please replace `use_container_width` with `width`.

`use_container_width` will be removed after 2025-12-31.

For `use_container_width=True`, use `width='stretch'`. For `use_container_width=False`, use `width='content'`.
2026-05-21 15:04:50.407 Please replace `use_container_width` with `width`.

`use_container_width` will be removed after 2025-12-31.

For `use_container_width=True`, use `width='stretch'`. For `use_container_width=False`, use `width='content'`.
2026-05-21 15:04:50.472 Please replace `use_container_width` with `width`.

`use_container_width` will be removed after 2025-12-31.

For `use_container_width=True`, use `width='stretch'`. For `use_container_width=False`, use `width='content'`.
2026-05-21 15:04:50.565 Please replace `use_container_width` with `width`.

`use_container_width` will be removed after 2025-12-31.

For `use_container_width=True`, use `width='stretch'`. For `use_container_width=False`, use `width='content'`.
2026-05-21 15:04:50.607 Please replace `st.components.v1.html` with `st.iframe`.

`st.components.v1.html` will be removed after 2026-06-01.
2026-05-21 15:04:50.660 Please replace `use_container_width` with `width`.

`use_container_width` will be removed after 2025-12-31.

For `use_container_width=True`, use `width='stretch'`. For `use_container_width=False`, use `width='content'`.
2026-05-21 15:04:52.353 Please replace `use_container_width` with `width`.

`use_container_width` will be removed after 2025-12-31.

For `use_container_width=True`, use `width='stretch'`. For `use_container_width=False`, use `width='content'`.
2026-05-21 15:04:52.410 Please replace `use_container_width` with `width`.

`use_container_width` will be removed after 2025-12-31.

For `use_container_width=True`, use `width='stretch'`. For `use_container_width=False`, use `width='content'`.
2026-05-21 15:04:52.503 Please replace `use_container_width` with `width`.

`use_container_width` will be removed after 2025-12-31.

For `use_container_width=True`, use `width='stretch'`. For `use_container_width=False`, use `width='content'`.
2026-05-21 15:04:52.573 Please replace `st.components.v1.html` with `st.iframe`.

`st.components.v1.html` will be removed after 2026-06-01.
2026-05-21 15:04:52.641 Please replace `use_container_width` with `width`.

`use_container_width` will be removed after 2025-12-31.

For `use_container_width=True`, use `width='stretch'`. For `use_container_width=False`, use `width='content'`.
2026-05-21 15:04:54.363 Please replace `use_container_width` with `width`.

`use_container_width` will be removed after 2025-12-31.

For `use_container_width=True`, use `width='stretch'`. For `use_container_width=False`, use `width='content'`.
2026-05-21 15:04:54.431 Please replace `use_container_width` with `width`.

`use_container_width` will be removed after 2025-12-31.

For `use_container_width=True`, use `width='stretch'`. For `use_container_width=False`, use `width='content'`.
2026-05-21 15:04:54.513 Please replace `use_container_width` with `width`.

`use_container_width` will be removed after 2025-12-31.

For `use_container_width=True`, use `width='stretch'`. For `use_container_width=False`, use `width='content'`.
2026-05-21 15:04:54.554 Please replace `st.components.v1.html` with `st.iframe`.

`st.components.v1.html` will be removed after 2026-06-01.
2026-05-21 15:04:54.630 Please replace `use_container_width` with `width`.

`use_container_width` will be removed after 2025-12-31.

For `use_container_width=True`, use `width='stretch'`. For `use_container_width=False`, use `width='content'`.
2026-05-21 15:04:56.352 Please replace `use_container_width` with `width`.

`use_container_width` will be removed after 2025-12-31.

For `use_container_width=True`, use `width='stretch'`. For `use_container_width=False`, use `width='content'`.
2026-05-21 15:04:56.410 Please replace `use_container_width` with `width`.

`use_container_width` will be removed after 2025-12-31.

For `use_container_width=True`, use `width='stretch'`. For `use_container_width=False`, use `width='content'`.
2026-05-21 15:04:56.505 Please replace `use_container_width` with `width`.

`use_container_width` will be removed after 2025-12-31.

For `use_container_width=True`, use `width='stretch'`. For `use_container_width=False`, use `width='content'`.
2026-05-21 15:04:56.566 Please replace `st.components.v1.html` with `st.iframe`.

`st.components.v1.html` will be removed after 2026-06-01.
2026-05-21 15:04:56.640 Please replace `use_container_width` with `width`.

`use_container_width` will be removed after 2025-12-31.

For `use_container_width=True`, use `width='stretch'`. For `use_container_width=False`, use `width='content'`.
2026-05-21 15:04:58.363 Please replace `use_container_width` with `width`.

`use_container_width` will be removed after 2025-12-31.

For `use_container_width=True`, use `width='stretch'`. For `use_container_width=False`, use `width='content'`.
2026-05-21 15:04:58.431 Please replace `use_container_width` with `width`.

`use_container_width` will be removed after 2025-12-31.

For `use_container_width=True`, use `width='stretch'`. For `use_container_width=False`, use `width='content'`.
2026-05-21 15:04:58.510 Please replace `use_container_width` with `width`.

`use_container_width` will be removed after 2025-12-31.

For `use_container_width=True`, use `width='stretch'`. For `use_container_width=False`, use `width='content'`.
2026-05-21 15:04:58.553 Please replace `st.components.v1.html` with `st.iframe`.

`st.components.v1.html` will be removed after 2026-06-01.
2026-05-21 15:04:58.600 Please replace `use_container_width` with `width`.

`use_container_width` will be removed after 2025-12-31.

For `use_container_width=True`, use `width='stretch'`. For `use_container_width=False`, use `width='content'`.
2026-05-21 15:05:00.370 Please replace `use_container_width` with `width`.

`use_container_width` will be removed after 2025-12-31.

For `use_container_width=True`, use `width='stretch'`. For `use_container_width=False`, use `width='content'`.
2026-05-21 15:05:00.436 Please replace `use_container_width` with `width`.

`use_container_width` will be removed after 2025-12-31.

For `use_container_width=True`, use `width='stretch'`. For `use_container_width=False`, use `width='content'`.
2026-05-21 15:05:00.521 Please replace `use_container_width` with `width`.

`use_container_width` will be removed after 2025-12-31.

For `use_container_width=True`, use `width='stretch'`. For `use_container_width=False`, use `width='content'`.
2026-05-21 15:05:00.562 Please replace `st.components.v1.html` with `st.iframe`.

`st.components.v1.html` will be removed after 2026-06-01.
2026-05-21 15:05:00.616 Please replace `use_container_width` with `width`.

`use_container_width` will be removed after 2025-12-31.

For `use_container_width=True`, use `width='stretch'`. For `use_container_width=False`, use `width='content'`.
2026-05-21 15:05:02.388 Please replace `use_container_width` with `width`.

`use_container_width` will be removed after 2025-12-31.

For `use_container_width=True`, use `width='stretch'`. For `use_container_width=False`, use `width='content'`.
2026-05-21 15:05:02.462 Please replace `use_container_width` with `width`.

`use_container_width` will be removed after 2025-12-31.

For `use_container_width=True`, use `width='stretch'`. For `use_container_width=False`, use `width='content'`.
2026-05-21 15:05:02.552 Please replace `use_container_width` with `width`.

`use_container_width` will be removed after 2025-12-31.

For `use_container_width=True`, use `width='stretch'`. For `use_container_width=False`, use `width='content'`.
2026-05-21 15:05:02.605 Please replace `st.components.v1.html` with `st.iframe`.

`st.components.v1.html` will be removed after 2026-06-01.
2026-05-21 15:05:02.698 Please replace `use_container_width` with `width`.

`use_container_width` will be removed after 2025-12-31.

For `use_container_width=True`, use `width='stretch'`. For `use_container_width=False`, use `width='content'`.
2026-05-21 15:05:04.353 Please replace `use_container_width` with `width`.

`use_container_width` will be removed after 2025-12-31.

For `use_container_width=True`, use `width='stretch'`. For `use_container_width=False`, use `width='content'`.
2026-05-21 15:05:04.431 Please replace `use_container_width` with `width`.

`use_container_width` will be removed after 2025-12-31.

For `use_container_width=True`, use `width='stretch'`. For `use_container_width=False`, use `width='content'`.
2026-05-21 15:05:04.524 Please replace `use_container_width` with `width`.

`use_container_width` will be removed after 2025-12-31.

For `use_container_width=True`, use `width='stretch'`. For `use_container_width=False`, use `width='content'`.
2026-05-21 15:05:04.570 Please replace `st.components.v1.html` with `st.iframe`.

`st.components.v1.html` will be removed after 2026-06-01.
2026-05-21 15:05:04.656 Please replace `use_container_width` with `width`.

`use_container_width` will be removed after 2025-12-31.

For `use_container_width=True`, use `width='stretch'`. For `use_container_width=False`, use `width='content'`.
2026-05-21 15:05:06.410 Please replace `use_container_width` with `width`.

`use_container_width` will be removed after 2025-12-31.

For `use_container_width=True`, use `width='stretch'`. For `use_container_width=False`, use `width='content'`.
2026-05-21 15:05:06.534 Please replace `use_container_width` with `width`.

`use_container_width` will be removed after 2025-12-31.

For `use_container_width=True`, use `width='stretch'`. For `use_container_width=False`, use `width='content'`.
2026-05-21 15:05:06.640 Please replace `use_container_width` with `width`.

`use_container_width` will be removed after 2025-12-31.

For `use_container_width=True`, use `width='stretch'`. For `use_container_width=False`, use `width='content'`.
2026-05-21 15:05:06.716 Please replace `st.components.v1.html` with `st.iframe`.

`st.components.v1.html` will be removed after 2026-06-01.
2026-05-21 15:05:06.784 Please replace `use_container_width` with `width`.

`use_container_width` will be removed after 2025-12-31.

For `use_container_width=True`, use `width='stretch'`. For `use_container_width=False`, use `width='content'`.
2026-05-21 15:05:08.356 Please replace `use_container_width` with `width`.

`use_container_width` will be removed after 2025-12-31.

For `use_container_width=True`, use `width='stretch'`. For `use_container_width=False`, use `width='content'`.
2026-05-21 15:05:08.432 Please replace `use_container_width` with `width`.

`use_container_width` will be removed after 2025-12-31.

For `use_container_width=True`, use `width='stretch'`. For `use_container_width=False`, use `width='content'`.
2026-05-21 15:05:08.538 Please replace `use_container_width` with `width`.

`use_container_width` will be removed after 2025-12-31.

For `use_container_width=True`, use `width='stretch'`. For `use_container_width=False`, use `width='content'`.
2026-05-21 15:05:08.616 Please replace `st.components.v1.html` with `st.iframe`.

`st.components.v1.html` will be removed after 2026-06-01.
2026-05-21 15:05:08.672 Please replace `use_container_width` with `width`.

`use_container_width` will be removed after 2025-12-31.

For `use_container_width=True`, use `width='stretch'`. For `use_container_width=False`, use `width='content'`.
2026-05-21 15:05:10.361 Please replace `use_container_width` with `width`.

`use_container_width` will be removed after 2025-12-31.

For `use_container_width=True`, use `width='stretch'`. For `use_container_width=False`, use `width='content'`.
2026-05-21 15:05:10.433 Please replace `use_container_width` with `width`.

`use_container_width` will be removed after 2025-12-31.

For `use_container_width=True`, use `width='stretch'`. For `use_container_width=False`, use `width='content'`.
2026-05-21 15:05:10.525 Please replace `use_container_width` with `width`.

`use_container_width` will be removed after 2025-12-31.

For `use_container_width=True`, use `width='stretch'`. For `use_container_width=False`, use `width='content'`.
2026-05-21 15:05:10.586 Please replace `st.components.v1.html` with `st.iframe`.

`st.components.v1.html` will be removed after 2026-06-01.
2026-05-21 15:05:10.668 Please replace `use_container_width` with `width`.

`use_container_width` will be removed after 2025-12-31.

For `use_container_width=True`, use `width='stretch'`. For `use_container_width=False`, use `width='content'`.
2026-05-21 15:05:12.398 Please replace `use_container_width` with `width`.

`use_container_width` will be removed after 2025-12-31.

For `use_container_width=True`, use `width='stretch'`. For `use_container_width=False`, use `width='content'`.
2026-05-21 15:05:12.482 Please replace `use_container_width` with `width`.

`use_container_width` will be removed after 2025-12-31.

For `use_container_width=True`, use `width='stretch'`. For `use_container_width=False`, use `width='content'`.
2026-05-21 15:05:12.572 Please replace `use_container_width` with `width`.

`use_container_width` will be removed after 2025-12-31.

For `use_container_width=True`, use `width='stretch'`. For `use_container_width=False`, use `width='content'`.
2026-05-21 15:05:12.617 Please replace `st.components.v1.html` with `st.iframe`.

`st.components.v1.html` will be removed after 2026-06-01.
2026-05-21 15:05:12.720 Please replace `use_container_width` with `width`.

`use_container_width` will be removed after 2025-12-31.

For `use_container_width=True`, use `width='stretch'`. For `use_container_width=False`, use `width='content'`.
2026-05-21 15:05:14.352 Please replace `use_container_width` with `width`.

`use_container_width` will be removed after 2025-12-31.

For `use_container_width=True`, use `width='stretch'`. For `use_container_width=False`, use `width='content'`.
2026-05-21 15:05:14.428 Please replace `use_container_width` with `width`.

`use_container_width` will be removed after 2025-12-31.

For `use_container_width=True`, use `width='stretch'`. For `use_container_width=False`, use `width='content'`.
2026-05-21 15:05:14.519 Please replace `use_container_width` with `width`.

`use_container_width` will be removed after 2025-12-31.

For `use_container_width=True`, use `width='stretch'`. For `use_container_width=False`, use `width='content'`.
2026-05-21 15:05:14.594 Please replace `st.components.v1.html` with `st.iframe`.

`st.components.v1.html` will be removed after 2026-06-01.
2026-05-21 15:05:14.656 Please replace `use_container_width` with `width`.

`use_container_width` will be removed after 2025-12-31.

For `use_container_width=True`, use `width='stretch'`. For `use_container_width=False`, use `width='content'`.
2026-05-21 15:05:16.363 Please replace `use_container_width` with `width`.

`use_container_width` will be removed after 2025-12-31.

For `use_container_width=True`, use `width='stretch'`. For `use_container_width=False`, use `width='content'`.
2026-05-21 15:05:16.457 Please replace `use_container_width` with `width`.

`use_container_width` will be removed after 2025-12-31.

For `use_container_width=True`, use `width='stretch'`. For `use_container_width=False`, use `width='content'`.
2026-05-21 15:05:16.538 Please replace `use_container_width` with `width`.

`use_container_width` will be removed after 2025-12-31.

For `use_container_width=True`, use `width='stretch'`. For `use_container_width=False`, use `width='content'`.
2026-05-21 15:05:16.584 Please replace `st.components.v1.html` with `st.iframe`.

`st.components.v1.html` will be removed after 2026-06-01.
2026-05-21 15:05:16.651 Please replace `use_container_width` with `width`.

`use_container_width` will be removed after 2025-12-31.

For `use_container_width=True`, use `width='stretch'`. For `use_container_width=False`, use `width='content'`.
2026-05-21 15:05:18.396 Please replace `use_container_width` with `width`.

`use_container_width` will be removed after 2025-12-31.

For `use_container_width=True`, use `width='stretch'`. For `use_container_width=False`, use `width='content'`.
2026-05-21 15:05:18.460 Please replace `use_container_width` with `width`.

`use_container_width` will be removed after 2025-12-31.

For `use_container_width=True`, use `width='stretch'`. For `use_container_width=False`, use `width='content'`.
2026-05-21 15:05:18.556 Please replace `use_container_width` with `width`.

`use_container_width` will be removed after 2025-12-31.

For `use_container_width=True`, use `width='stretch'`. For `use_container_width=False`, use `width='content'`.
2026-05-21 15:05:18.613 Please replace `st.components.v1.html` with `st.iframe`.

`st.components.v1.html` will be removed after 2026-06-01.
2026-05-21 15:05:18.671 Please replace `use_container_width` with `width`.

`use_container_width` will be removed after 2025-12-31.

For `use_container_width=True`, use `width='stretch'`. For `use_container_width=False`, use `width='content'`.
2026-05-21 15:05:20.355 Please replace `use_container_width` with `width`.

`use_container_width` will be removed after 2025-12-31.

For `use_container_width=True`, use `width='stretch'`. For `use_container_width=False`, use `width='content'`.
2026-05-21 15:05:20.420 Please replace `use_container_width` with `width`.

`use_container_width` will be removed after 2025-12-31.

For `use_container_width=True`, use `width='stretch'`. For `use_container_width=False`, use `width='content'`.
2026-05-21 15:05:20.520 Please replace `use_container_width` with `width`.

`use_container_width` will be removed after 2025-12-31.

For `use_container_width=True`, use `width='stretch'`. For `use_container_width=False`, use `width='content'`.
2026-05-21 15:05:20.595 Please replace `st.components.v1.html` with `st.iframe`.

`st.components.v1.html` will be removed after 2026-06-01.
2026-05-21 15:05:20.668 Please replace `use_container_width` with `width`.

`use_container_width` will be removed after 2025-12-31.

For `use_container_width=True`, use `width='stretch'`. For `use_container_width=False`, use `width='content'`.
2026-05-21 15:05:22.366 Please replace `use_container_width` with `width`.

`use_container_width` will be removed after 2025-12-31.

For `use_container_width=True`, use `width='stretch'`. For `use_container_width=False`, use `width='content'`.
2026-05-21 15:05:22.457 Please replace `use_container_width` with `width`.

`use_container_width` will be removed after 2025-12-31.

For `use_container_width=True`, use `width='stretch'`. For `use_container_width=False`, use `width='content'`.
2026-05-21 15:05:22.541 Please replace `use_container_width` with `width`.

`use_container_width` will be removed after 2025-12-31.

For `use_container_width=True`, use `width='stretch'`. For `use_container_width=False`, use `width='content'`.
2026-05-21 15:05:22.607 Please replace `st.components.v1.html` with `st.iframe`.

`st.components.v1.html` will be removed after 2026-06-01.
2026-05-21 15:05:22.673 Please replace `use_container_width` with `width`.

`use_container_width` will be removed after 2025-12-31.

For `use_container_width=True`, use `width='stretch'`. For `use_container_width=False`, use `width='content'`.
2026-05-21 15:05:24.407 Please replace `use_container_width` with `width`.

`use_container_width` will be removed after 2025-12-31.

For `use_container_width=True`, use `width='stretch'`. For `use_container_width=False`, use `width='content'`.
2026-05-21 15:05:24.479 Please replace `use_container_width` with `width`.

`use_container_width` will be removed after 2025-12-31.

For `use_container_width=True`, use `width='stretch'`. For `use_container_width=False`, use `width='content'`.
2026-05-21 15:05:24.590 Please replace `use_container_width` with `width`.

`use_container_width` will be removed after 2025-12-31.

For `use_container_width=True`, use `width='stretch'`. For `use_container_width=False`, use `width='content'`.
2026-05-21 15:05:24.642 Please replace `st.components.v1.html` with `st.iframe`.

`st.components.v1.html` will be removed after 2026-06-01.
2026-05-21 15:05:24.716 Please replace `use_container_width` with `width`.

`use_container_width` will be removed after 2025-12-31.

For `use_container_width=True`, use `width='stretch'`. For `use_container_width=False`, use `width='content'`.
2026-05-21 15:05:26.352 Please replace `use_container_width` with `width`.

`use_container_width` will be removed after 2025-12-31.

For `use_container_width=True`, use `width='stretch'`. For `use_container_width=False`, use `width='content'`.
2026-05-21 15:05:26.425 Please replace `use_container_width` with `width`.

`use_container_width` will be removed after 2025-12-31.

For `use_container_width=True`, use `width='stretch'`. For `use_container_width=False`, use `width='content'`.
2026-05-21 15:05:26.515 Please replace `use_container_width` with `width`.

`use_container_width` will be removed after 2025-12-31.

For `use_container_width=True`, use `width='stretch'`. For `use_container_width=False`, use `width='content'`.
2026-05-21 15:05:26.587 Please replace `st.components.v1.html` with `st.iframe`.

`st.components.v1.html` will be removed after 2026-06-01.
2026-05-21 15:05:26.641 Please replace `use_container_width` with `width`.

`use_container_width` will be removed after 2025-12-31.

For `use_container_width=True`, use `width='stretch'`. For `use_container_width=False`, use `width='content'`.
2026-05-21 15:05:28.363 Please replace `use_container_width` with `width`.

`use_container_width` will be removed after 2025-12-31.

For `use_container_width=True`, use `width='stretch'`. For `use_container_width=False`, use `width='content'`.
2026-05-21 15:05:28.442 Please replace `use_container_width` with `width`.

`use_container_width` will be removed after 2025-12-31.

For `use_container_width=True`, use `width='stretch'`. For `use_container_width=False`, use `width='content'`.
2026-05-21 15:05:28.527 Please replace `use_container_width` with `width`.

`use_container_width` will be removed after 2025-12-31.

For `use_container_width=True`, use `width='stretch'`. For `use_container_width=False`, use `width='content'`.
2026-05-21 15:05:28.575 Please replace `st.components.v1.html` with `st.iframe`.

`st.components.v1.html` will be removed after 2026-06-01.
2026-05-21 15:05:28.624 Please replace `use_container_width` with `width`.

`use_container_width` will be removed after 2025-12-31.

For `use_container_width=True`, use `width='stretch'`. For `use_container_width=False`, use `width='content'`.
2026-05-21 15:05:30.412 Please replace `use_container_width` with `width`.

`use_container_width` will be removed after 2025-12-31.

For `use_container_width=True`, use `width='stretch'`. For `use_container_width=False`, use `width='content'`.
2026-05-21 15:05:30.492 Please replace `use_container_width` with `width`.

`use_container_width` will be removed after 2025-12-31.

For `use_container_width=True`, use `width='stretch'`. For `use_container_width=False`, use `width='content'`.
2026-05-21 15:05:30.580 Please replace `use_container_width` with `width`.

`use_container_width` will be removed after 2025-12-31.

For `use_container_width=True`, use `width='stretch'`. For `use_container_width=False`, use `width='content'`.
2026-05-21 15:05:30.641 Please replace `st.components.v1.html` with `st.iframe`.

`st.components.v1.html` will be removed after 2026-06-01.
2026-05-21 15:05:30.705 Please replace `use_container_width` with `width`.

`use_container_width` will be removed after 2025-12-31.

For `use_container_width=True`, use `width='stretch'`. For `use_container_width=False`, use `width='content'`.
2026-05-21 15:05:32.352 Please replace `use_container_width` with `width`.

`use_container_width` will be removed after 2025-12-31.

For `use_container_width=True`, use `width='stretch'`. For `use_container_width=False`, use `width='content'`.
2026-05-21 15:05:32.434 Please replace `use_container_width` with `width`.

`use_container_width` will be removed after 2025-12-31.

For `use_container_width=True`, use `width='stretch'`. For `use_container_width=False`, use `width='content'`.
2026-05-21 15:05:32.523 Please replace `use_container_width` with `width`.

`use_container_width` will be removed after 2025-12-31.

For `use_container_width=True`, use `width='stretch'`. For `use_container_width=False`, use `width='content'`.
2026-05-21 15:05:32.612 Please replace `st.components.v1.html` with `st.iframe`.

`st.components.v1.html` will be removed after 2026-06-01.
2026-05-21 15:05:32.689 Please replace `use_container_width` with `width`.

`use_container_width` will be removed after 2025-12-31.

For `use_container_width=True`, use `width='stretch'`. For `use_container_width=False`, use `width='content'`.
2026-05-21 15:05:34.364 Please replace `use_container_width` with `width`.

`use_container_width` will be removed after 2025-12-31.

For `use_container_width=True`, use `width='stretch'`. For `use_container_width=False`, use `width='content'`.
2026-05-21 15:05:34.445 Please replace `use_container_width` with `width`.

`use_container_width` will be removed after 2025-12-31.

For `use_container_width=True`, use `width='stretch'`. For `use_container_width=False`, use `width='content'`.
2026-05-21 15:05:34.534 Please replace `use_container_width` with `width`.

`use_container_width` will be removed after 2025-12-31.

For `use_container_width=True`, use `width='stretch'`. For `use_container_width=False`, use `width='content'`.
2026-05-21 15:05:34.580 Please replace `st.components.v1.html` with `st.iframe`.

`st.components.v1.html` will be removed after 2026-06-01.
2026-05-21 15:05:34.634 Please replace `use_container_width` with `width`.

`use_container_width` will be removed after 2025-12-31.

For `use_container_width=True`, use `width='stretch'`. For `use_container_width=False`, use `width='content'`.
2026-05-21 15:05:36.397 Please replace `use_container_width` with `width`.

`use_container_width` will be removed after 2025-12-31.

For `use_container_width=True`, use `width='stretch'`. For `use_container_width=False`, use `width='content'`.
2026-05-21 15:05:36.489 Please replace `use_container_width` with `width`.

`use_container_width` will be removed after 2025-12-31.

For `use_container_width=True`, use `width='stretch'`. For `use_container_width=False`, use `width='content'`.
2026-05-21 15:05:36.567 Please replace `use_container_width` with `width`.

`use_container_width` will be removed after 2025-12-31.

For `use_container_width=True`, use `width='stretch'`. For `use_container_width=False`, use `width='content'`.
2026-05-21 15:05:36.613 Please replace `st.components.v1.html` with `st.iframe`.

`st.components.v1.html` will be removed after 2026-06-01.
2026-05-21 15:05:36.692 Please replace `use_container_width` with `width`.

`use_container_width` will be removed after 2025-12-31.

For `use_container_width=True`, use `width='stretch'`. For `use_container_width=False`, use `width='content'`.
2026-05-21 15:05:38.353 Please replace `use_container_width` with `width`.

`use_container_width` will be removed after 2025-12-31.

For `use_container_width=True`, use `width='stretch'`. For `use_container_width=False`, use `width='content'`.
2026-05-21 15:05:38.423 Please replace `use_container_width` with `width`.

`use_container_width` will be removed after 2025-12-31.

For `use_container_width=True`, use `width='stretch'`. For `use_container_width=False`, use `width='content'`.
2026-05-21 15:05:38.530 Please replace `use_container_width` with `width`.

`use_container_width` will be removed after 2025-12-31.

For `use_container_width=True`, use `width='stretch'`. For `use_container_width=False`, use `width='content'`.
2026-05-21 15:05:38.597 Please replace `st.components.v1.html` with `st.iframe`.

`st.components.v1.html` will be removed after 2026-06-01.
2026-05-21 15:05:38.662 Please replace `use_container_width` with `width`.

`use_container_width` will be removed after 2025-12-31.

For `use_container_width=True`, use `width='stretch'`. For `use_container_width=False`, use `width='content'`.
2026-05-21 15:05:40.363 Please replace `use_container_width` with `width`.

`use_container_width` will be removed after 2025-12-31.

For `use_container_width=True`, use `width='stretch'`. For `use_container_width=False`, use `width='content'`.
2026-05-21 15:05:40.432 Please replace `use_container_width` with `width`.

`use_container_width` will be removed after 2025-12-31.

For `use_container_width=True`, use `width='stretch'`. For `use_container_width=False`, use `width='content'`.
2026-05-21 15:05:40.528 Please replace `use_container_width` with `width`.

`use_container_width` will be removed after 2025-12-31.

For `use_container_width=True`, use `width='stretch'`. For `use_container_width=False`, use `width='content'`.
2026-05-21 15:05:40.574 Please replace `st.components.v1.html` with `st.iframe`.

`st.components.v1.html` will be removed after 2026-06-01.
2026-05-21 15:05:40.651 Please replace `use_container_width` with `width`.

`use_container_width` will be removed after 2025-12-31.

For `use_container_width=True`, use `width='stretch'`. For `use_container_width=False`, use `width='content'`.
2026-05-21 15:05:42.408 Please replace `use_container_width` with `width`.

`use_container_width` will be removed after 2025-12-31.

For `use_container_width=True`, use `width='stretch'`. For `use_container_width=False`, use `width='content'`.
2026-05-21 15:05:42.492 Please replace `use_container_width` with `width`.

`use_container_width` will be removed after 2025-12-31.

For `use_container_width=True`, use `width='stretch'`. For `use_container_width=False`, use `width='content'`.
2026-05-21 15:05:42.581 Please replace `use_container_width` with `width`.

`use_container_width` will be removed after 2025-12-31.

For `use_container_width=True`, use `width='stretch'`. For `use_container_width=False`, use `width='content'`.
2026-05-21 15:05:42.628 Please replace `st.components.v1.html` with `st.iframe`.

`st.components.v1.html` will be removed after 2026-06-01.
2026-05-21 15:05:42.687 Please replace `use_container_width` with `width`.

`use_container_width` will be removed after 2025-12-31.

For `use_container_width=True`, use `width='stretch'`. For `use_container_width=False`, use `width='content'`.
2026-05-21 15:05:44.352 Please replace `use_container_width` with `width`.

`use_container_width` will be removed after 2025-12-31.

For `use_container_width=True`, use `width='stretch'`. For `use_container_width=False`, use `width='content'`.
2026-05-21 15:05:44.416 Please replace `use_container_width` with `width`.

`use_container_width` will be removed after 2025-12-31.

For `use_container_width=True`, use `width='stretch'`. For `use_container_width=False`, use `width='content'`.
2026-05-21 15:05:44.512 Please replace `use_container_width` with `width`.

`use_container_width` will be removed after 2025-12-31.

For `use_container_width=True`, use `width='stretch'`. For `use_container_width=False`, use `width='content'`.
2026-05-21 15:05:44.601 Please replace `st.components.v1.html` with `st.iframe`.

`st.components.v1.html` will be removed after 2026-06-01.
2026-05-21 15:05:44.663 Please replace `use_container_width` with `width`.

`use_container_width` will be removed after 2025-12-31.

For `use_container_width=True`, use `width='stretch'`. For `use_container_width=False`, use `width='content'`.
2026-05-21 15:05:46.364 Please replace `use_container_width` with `width`.

`use_container_width` will be removed after 2025-12-31.

For `use_container_width=True`, use `width='stretch'`. For `use_container_width=False`, use `width='content'`.
2026-05-21 15:05:46.447 Please replace `use_container_width` with `width`.

`use_container_width` will be removed after 2025-12-31.

For `use_container_width=True`, use `width='stretch'`. For `use_container_width=False`, use `width='content'`.
2026-05-21 15:05:46.535 Please replace `use_container_width` with `width`.

`use_container_width` will be removed after 2025-12-31.

For `use_container_width=True`, use `width='stretch'`. For `use_container_width=False`, use `width='content'`.
2026-05-21 15:05:46.587 Please replace `st.components.v1.html` with `st.iframe`.

`st.components.v1.html` will be removed after 2026-06-01.
2026-05-21 15:05:46.646 Please replace `use_container_width` with `width`.

`use_container_width` will be removed after 2025-12-31.

For `use_container_width=True`, use `width='stretch'`. For `use_container_width=False`, use `width='content'`.
2026-05-21 15:05:48.359 Please replace `use_container_width` with `width`.

`use_container_width` will be removed after 2025-12-31.

For `use_container_width=True`, use `width='stretch'`. For `use_container_width=False`, use `width='content'`.
2026-05-21 15:05:48.436 Please replace `use_container_width` with `width`.

`use_container_width` will be removed after 2025-12-31.

For `use_container_width=True`, use `width='stretch'`. For `use_container_width=False`, use `width='content'`.
2026-05-21 15:05:48.541 Please replace `use_container_width` with `width`.

`use_container_width` will be removed after 2025-12-31.

For `use_container_width=True`, use `width='stretch'`. For `use_container_width=False`, use `width='content'`.
2026-05-21 15:05:48.591 Please replace `st.components.v1.html` with `st.iframe`.

`st.components.v1.html` will be removed after 2026-06-01.
2026-05-21 15:05:48.674 Please replace `use_container_width` with `width`.

`use_container_width` will be removed after 2025-12-31.

For `use_container_width=True`, use `width='stretch'`. For `use_container_width=False`, use `width='content'`.
2026-05-21 15:05:50.380 Please replace `use_container_width` with `width`.

`use_container_width` will be removed after 2025-12-31.

For `use_container_width=True`, use `width='stretch'`. For `use_container_width=False`, use `width='content'`.
2026-05-21 15:05:50.463 Please replace `use_container_width` with `width`.

`use_container_width` will be removed after 2025-12-31.

For `use_container_width=True`, use `width='stretch'`. For `use_container_width=False`, use `width='content'`.
2026-05-21 15:05:50.556 Please replace `use_container_width` with `width`.

`use_container_width` will be removed after 2025-12-31.

For `use_container_width=True`, use `width='stretch'`. For `use_container_width=False`, use `width='content'`.
2026-05-21 15:05:50.611 Please replace `st.components.v1.html` with `st.iframe`.

`st.components.v1.html` will be removed after 2026-06-01.
2026-05-21 15:05:50.667 Please replace `use_container_width` with `width`.

`use_container_width` will be removed after 2025-12-31.

For `use_container_width=True`, use `width='stretch'`. For `use_container_width=False`, use `width='content'`.
2026-05-21 15:05:52.354 Please replace `use_container_width` with `width`.

`use_container_width` will be removed after 2025-12-31.

For `use_container_width=True`, use `width='stretch'`. For `use_container_width=False`, use `width='content'`.
2026-05-21 15:05:52.425 Please replace `use_container_width` with `width`.

`use_container_width` will be removed after 2025-12-31.

For `use_container_width=True`, use `width='stretch'`. For `use_container_width=False`, use `width='content'`.
2026-05-21 15:05:52.530 Please replace `use_container_width` with `width`.

`use_container_width` will be removed after 2025-12-31.

For `use_container_width=True`, use `width='stretch'`. For `use_container_width=False`, use `width='content'`.
2026-05-21 15:05:52.596 Please replace `st.components.v1.html` with `st.iframe`.

`st.components.v1.html` will be removed after 2026-06-01.
2026-05-21 15:05:52.674 Please replace `use_container_width` with `width`.

`use_container_width` will be removed after 2025-12-31.

For `use_container_width=True`, use `width='stretch'`. For `use_container_width=False`, use `width='content'`.
2026-05-21 15:05:54.363 Please replace `use_container_width` with `width`.

`use_container_width` will be removed after 2025-12-31.

For `use_container_width=True`, use `width='stretch'`. For `use_container_width=False`, use `width='content'`.
2026-05-21 15:05:54.437 Please replace `use_container_width` with `width`.

`use_container_width` will be removed after 2025-12-31.

For `use_container_width=True`, use `width='stretch'`. For `use_container_width=False`, use `width='content'`.
2026-05-21 15:05:54.525 Please replace `use_container_width` with `width`.

`use_container_width` will be removed after 2025-12-31.

For `use_container_width=True`, use `width='stretch'`. For `use_container_width=False`, use `width='content'`.
2026-05-21 15:05:54.580 Please replace `st.components.v1.html` with `st.iframe`.

`st.components.v1.html` will be removed after 2026-06-01.
2026-05-21 15:05:54.676 Please replace `use_container_width` with `width`.

`use_container_width` will be removed after 2025-12-31.

For `use_container_width=True`, use `width='stretch'`. For `use_container_width=False`, use `width='content'`.
2026-05-21 15:05:56.376 Please replace `use_container_width` with `width`.

`use_container_width` will be removed after 2025-12-31.

For `use_container_width=True`, use `width='stretch'`. For `use_container_width=False`, use `width='content'`.
2026-05-21 15:05:56.464 Please replace `use_container_width` with `width`.

`use_container_width` will be removed after 2025-12-31.

For `use_container_width=True`, use `width='stretch'`. For `use_container_width=False`, use `width='content'`.
2026-05-21 15:05:56.544 Please replace `use_container_width` with `width`.

`use_container_width` will be removed after 2025-12-31.

For `use_container_width=True`, use `width='stretch'`. For `use_container_width=False`, use `width='content'`.
2026-05-21 15:05:56.608 Please replace `st.components.v1.html` with `st.iframe`.

`st.components.v1.html` will be removed after 2026-06-01.
2026-05-21 15:05:56.682 Please replace `use_container_width` with `width`.

`use_container_width` will be removed after 2025-12-31.

For `use_container_width=True`, use `width='stretch'`. For `use_container_width=False`, use `width='content'`.
2026-05-21 15:05:58.416 Please replace `use_container_width` with `width`.

`use_container_width` will be removed after 2025-12-31.

For `use_container_width=True`, use `width='stretch'`. For `use_container_width=False`, use `width='content'`.
2026-05-21 15:05:58.494 Please replace `use_container_width` with `width`.

`use_container_width` will be removed after 2025-12-31.

For `use_container_width=True`, use `width='stretch'`. For `use_container_width=False`, use `width='content'`.
2026-05-21 15:05:58.608 Please replace `use_container_width` with `width`.

`use_container_width` will be removed after 2025-12-31.

For `use_container_width=True`, use `width='stretch'`. For `use_container_width=False`, use `width='content'`.
2026-05-21 15:05:58.673 Please replace `st.components.v1.html` with `st.iframe`.

`st.components.v1.html` will be removed after 2026-06-01.
2026-05-21 15:05:58.729 Please replace `use_container_width` with `width`.

`use_container_width` will be removed after 2025-12-31.

For `use_container_width=True`, use `width='stretch'`. For `use_container_width=False`, use `width='content'`.
2026-05-21 15:06:00.353 Please replace `use_container_width` with `width`.

`use_container_width` will be removed after 2025-12-31.

For `use_container_width=True`, use `width='stretch'`. For `use_container_width=False`, use `width='content'`.
2026-05-21 15:06:00.424 Please replace `use_container_width` with `width`.

`use_container_width` will be removed after 2025-12-31.

For `use_container_width=True`, use `width='stretch'`. For `use_container_width=False`, use `width='content'`.
2026-05-21 15:06:00.521 Please replace `use_container_width` with `width`.

`use_container_width` will be removed after 2025-12-31.

For `use_container_width=True`, use `width='stretch'`. For `use_container_width=False`, use `width='content'`.
2026-05-21 15:06:00.570 Please replace `st.components.v1.html` with `st.iframe`.

`st.components.v1.html` will be removed after 2026-06-01.
2026-05-21 15:06:00.654 Please replace `use_container_width` with `width`.

`use_container_width` will be removed after 2025-12-31.

For `use_container_width=True`, use `width='stretch'`. For `use_container_width=False`, use `width='content'`.
2026-05-21 15:06:02.364 Please replace `use_container_width` with `width`.

`use_container_width` will be removed after 2025-12-31.

For `use_container_width=True`, use `width='stretch'`. For `use_container_width=False`, use `width='content'`.
2026-05-21 15:06:02.445 Please replace `use_container_width` with `width`.

`use_container_width` will be removed after 2025-12-31.

For `use_container_width=True`, use `width='stretch'`. For `use_container_width=False`, use `width='content'`.
2026-05-21 15:06:02.535 Please replace `use_container_width` with `width`.

`use_container_width` will be removed after 2025-12-31.

For `use_container_width=True`, use `width='stretch'`. For `use_container_width=False`, use `width='content'`.
2026-05-21 15:06:02.586 Please replace `st.components.v1.html` with `st.iframe`.

`st.components.v1.html` will be removed after 2026-06-01.
2026-05-21 15:06:02.668 Please replace `use_container_width` with `width`.

`use_container_width` will be removed after 2025-12-31.

For `use_container_width=True`, use `width='stretch'`. For `use_container_width=False`, use `width='content'`.
2026-05-21 15:06:04.396 Please replace `use_container_width` with `width`.

`use_container_width` will be removed after 2025-12-31.

For `use_container_width=True`, use `width='stretch'`. For `use_container_width=False`, use `width='content'`.
2026-05-21 15:06:04.475 Please replace `use_container_width` with `width`.

`use_container_width` will be removed after 2025-12-31.

For `use_container_width=True`, use `width='stretch'`. For `use_container_width=False`, use `width='content'`.
2026-05-21 15:06:04.563 Please replace `use_container_width` with `width`.

`use_container_width` will be removed after 2025-12-31.

For `use_container_width=True`, use `width='stretch'`. For `use_container_width=False`, use `width='content'`.
2026-05-21 15:06:04.611 Please replace `st.components.v1.html` with `st.iframe`.

`st.components.v1.html` will be removed after 2026-06-01.
2026-05-21 15:06:04.695 Please replace `use_container_width` with `width`.

`use_container_width` will be removed after 2025-12-31.

For `use_container_width=True`, use `width='stretch'`. For `use_container_width=False`, use `width='content'`.
2026-05-21 15:06:06.353 Please replace `use_container_width` with `width`.

`use_container_width` will be removed after 2025-12-31.

For `use_container_width=True`, use `width='stretch'`. For `use_container_width=False`, use `width='content'`.
2026-05-21 15:06:06.429 Please replace `use_container_width` with `width`.

`use_container_width` will be removed after 2025-12-31.

For `use_container_width=True`, use `width='stretch'`. For `use_container_width=False`, use `width='content'`.
2026-05-21 15:06:06.516 Please replace `use_container_width` with `width`.

`use_container_width` will be removed after 2025-12-31.

For `use_container_width=True`, use `width='stretch'`. For `use_container_width=False`, use `width='content'`.
2026-05-21 15:06:06.566 Please replace `st.components.v1.html` with `st.iframe`.

`st.components.v1.html` will be removed after 2026-06-01.
2026-05-21 15:06:06.635 Please replace `use_container_width` with `width`.

`use_container_width` will be removed after 2025-12-31.

For `use_container_width=True`, use `width='stretch'`. For `use_container_width=False`, use `width='content'`.
2026-05-21 15:06:08.363 Please replace `use_container_width` with `width`.

`use_container_width` will be removed after 2025-12-31.

For `use_container_width=True`, use `width='stretch'`. For `use_container_width=False`, use `width='content'`.
2026-05-21 15:06:08.446 Please replace `use_container_width` with `width`.

`use_container_width` will be removed after 2025-12-31.

For `use_container_width=True`, use `width='stretch'`. For `use_container_width=False`, use `width='content'`.
2026-05-21 15:06:08.535 Please replace `use_container_width` with `width`.

`use_container_width` will be removed after 2025-12-31.

For `use_container_width=True`, use `width='stretch'`. For `use_container_width=False`, use `width='content'`.
2026-05-21 15:06:08.591 Please replace `st.components.v1.html` with `st.iframe`.

`st.components.v1.html` will be removed after 2026-06-01.
2026-05-21 15:06:08.655 Please replace `use_container_width` with `width`.

`use_container_width` will be removed after 2025-12-31.

For `use_container_width=True`, use `width='stretch'`. For `use_container_width=False`, use `width='content'`.
2026-05-21 15:06:10.352 Please replace `use_container_width` with `width`.

`use_container_width` will be removed after 2025-12-31.

For `use_container_width=True`, use `width='stretch'`. For `use_container_width=False`, use `width='content'`.
2026-05-21 15:06:10.416 Please replace `use_container_width` with `width`.

`use_container_width` will be removed after 2025-12-31.

For `use_container_width=True`, use `width='stretch'`. For `use_container_width=False`, use `width='content'`.
2026-05-21 15:06:10.517 Please replace `use_container_width` with `width`.

`use_container_width` will be removed after 2025-12-31.

For `use_container_width=True`, use `width='stretch'`. For `use_container_width=False`, use `width='content'`.
2026-05-21 15:06:10.584 Please replace `st.components.v1.html` with `st.iframe`.

`st.components.v1.html` will be removed after 2026-06-01.
2026-05-21 15:06:10.663 Please replace `use_container_width` with `width`.

`use_container_width` will be removed after 2025-12-31.

For `use_container_width=True`, use `width='stretch'`. For `use_container_width=False`, use `width='content'`.
2026-05-21 15:06:12.363 Please replace `use_container_width` with `width`.

`use_container_width` will be removed after 2025-12-31.

For `use_container_width=True`, use `width='stretch'`. For `use_container_width=False`, use `width='content'`.
2026-05-21 15:06:12.447 Please replace `use_container_width` with `width`.

`use_container_width` will be removed after 2025-12-31.

For `use_container_width=True`, use `width='stretch'`. For `use_container_width=False`, use `width='content'`.
2026-05-21 15:06:12.531 Please replace `use_container_width` with `width`.

`use_container_width` will be removed after 2025-12-31.

For `use_container_width=True`, use `width='stretch'`. For `use_container_width=False`, use `width='content'`.
2026-05-21 15:06:12.597 Please replace `st.components.v1.html` with `st.iframe`.

`st.components.v1.html` will be removed after 2026-06-01.
2026-05-21 15:06:12.666 Please replace `use_container_width` with `width`.

`use_container_width` will be removed after 2025-12-31.

For `use_container_width=True`, use `width='stretch'`. For `use_container_width=False`, use `width='content'`.
2026-05-21 15:06:14.355 Please replace `use_container_width` with `width`.

`use_container_width` will be removed after 2025-12-31.

For `use_container_width=True`, use `width='stretch'`. For `use_container_width=False`, use `width='content'`.
2026-05-21 15:06:14.439 Please replace `use_container_width` with `width`.

`use_container_width` will be removed after 2025-12-31.

For `use_container_width=True`, use `width='stretch'`. For `use_container_width=False`, use `width='content'`.
2026-05-21 15:06:14.535 Please replace `use_container_width` with `width`.

`use_container_width` will be removed after 2025-12-31.

For `use_container_width=True`, use `width='stretch'`. For `use_container_width=False`, use `width='content'`.
2026-05-21 15:06:14.599 Please replace `st.components.v1.html` with `st.iframe`.

`st.components.v1.html` will be removed after 2026-06-01.
2026-05-21 15:06:14.688 Please replace `use_container_width` with `width`.

`use_container_width` will be removed after 2025-12-31.

For `use_container_width=True`, use `width='stretch'`. For `use_container_width=False`, use `width='content'`.
2026-05-21 15:06:16.367 Please replace `use_container_width` with `width`.

`use_container_width` will be removed after 2025-12-31.

For `use_container_width=True`, use `width='stretch'`. For `use_container_width=False`, use `width='content'`.
2026-05-21 15:06:16.432 Please replace `use_container_width` with `width`.

`use_container_width` will be removed after 2025-12-31.

For `use_container_width=True`, use `width='stretch'`. For `use_container_width=False`, use `width='content'`.
2026-05-21 15:06:16.502 Please replace `use_container_width` with `width`.

`use_container_width` will be removed after 2025-12-31.

For `use_container_width=True`, use `width='stretch'`. For `use_container_width=False`, use `width='content'`.
2026-05-21 15:06:16.578 Please replace `st.components.v1.html` with `st.iframe`.

`st.components.v1.html` will be removed after 2026-06-01.
2026-05-21 15:06:16.659 Please replace `use_container_width` with `width`.

`use_container_width` will be removed after 2025-12-31.

For `use_container_width=True`, use `width='stretch'`. For `use_container_width=False`, use `width='content'`.
2026-05-21 15:06:18.354 Please replace `use_container_width` with `width`.

`use_container_width` will be removed after 2025-12-31.

For `use_container_width=True`, use `width='stretch'`. For `use_container_width=False`, use `width='content'`.
2026-05-21 15:06:18.421 Please replace `use_container_width` with `width`.

`use_container_width` will be removed after 2025-12-31.

For `use_container_width=True`, use `width='stretch'`. For `use_container_width=False`, use `width='content'`.
2026-05-21 15:06:18.517 Please replace `use_container_width` with `width`.

`use_container_width` will be removed after 2025-12-31.

For `use_container_width=True`, use `width='stretch'`. For `use_container_width=False`, use `width='content'`.
2026-05-21 15:06:18.581 Please replace `st.components.v1.html` with `st.iframe`.

`st.components.v1.html` will be removed after 2026-06-01.
2026-05-21 15:06:18.642 Please replace `use_container_width` with `width`.

`use_container_width` will be removed after 2025-12-31.

For `use_container_width=True`, use `width='stretch'`. For `use_container_width=False`, use `width='content'`.
2026-05-21 15:06:20.363 Please replace `use_container_width` with `width`.

`use_container_width` will be removed after 2025-12-31.

For `use_container_width=True`, use `width='stretch'`. For `use_container_width=False`, use `width='content'`.
2026-05-21 15:06:20.428 Please replace `use_container_width` with `width`.

`use_container_width` will be removed after 2025-12-31.

For `use_container_width=True`, use `width='stretch'`. For `use_container_width=False`, use `width='content'`.
2026-05-21 15:06:20.531 Please replace `use_container_width` with `width`.

`use_container_width` will be removed after 2025-12-31.

For `use_container_width=True`, use `width='stretch'`. For `use_container_width=False`, use `width='content'`.
2026-05-21 15:06:20.578 Please replace `st.components.v1.html` with `st.iframe`.

`st.components.v1.html` will be removed after 2026-06-01.
2026-05-21 15:06:20.653 Please replace `use_container_width` with `width`.

`use_container_width` will be removed after 2025-12-31.

For `use_container_width=True`, use `width='stretch'`. For `use_container_width=False`, use `width='content'`.
2026-05-21 15:06:22.352 Please replace `use_container_width` with `width`.

`use_container_width` will be removed after 2025-12-31.

For `use_container_width=True`, use `width='stretch'`. For `use_container_width=False`, use `width='content'`.
2026-05-21 15:06:22.413 Please replace `use_container_width` with `width`.

`use_container_width` will be removed after 2025-12-31.

For `use_container_width=True`, use `width='stretch'`. For `use_container_width=False`, use `width='content'`.
2026-05-21 15:06:22.495 Please replace `use_container_width` with `width`.

`use_container_width` will be removed after 2025-12-31.

For `use_container_width=True`, use `width='stretch'`. For `use_container_width=False`, use `width='content'`.
2026-05-21 15:06:22.586 Please replace `st.components.v1.html` with `st.iframe`.

`st.components.v1.html` will be removed after 2026-06-01.
2026-05-21 15:06:22.669 Please replace `use_container_width` with `width`.

`use_container_width` will be removed after 2025-12-31.

For `use_container_width=True`, use `width='stretch'`. For `use_container_width=False`, use `width='content'`.
2026-05-21 15:06:24.365 Please replace `use_container_width` with `width`.

`use_container_width` will be removed after 2025-12-31.

For `use_container_width=True`, use `width='stretch'`. For `use_container_width=False`, use `width='content'`.
2026-05-21 15:06:24.448 Please replace `use_container_width` with `width`.

`use_container_width` will be removed after 2025-12-31.

For `use_container_width=True`, use `width='stretch'`. For `use_container_width=False`, use `width='content'`.
2026-05-21 15:06:24.530 Please replace `use_container_width` with `width`.

`use_container_width` will be removed after 2025-12-31.

For `use_container_width=True`, use `width='stretch'`. For `use_container_width=False`, use `width='content'`.
2026-05-21 15:06:24.578 Please replace `st.components.v1.html` with `st.iframe`.

`st.components.v1.html` will be removed after 2026-06-01.
2026-05-21 15:06:24.664 Please replace `use_container_width` with `width`.

`use_container_width` will be removed after 2025-12-31.

For `use_container_width=True`, use `width='stretch'`. For `use_container_width=False`, use `width='content'`.
2026-05-21 15:06:26.354 Please replace `use_container_width` with `width`.

`use_container_width` will be removed after 2025-12-31.

For `use_container_width=True`, use `width='stretch'`. For `use_container_width=False`, use `width='content'`.
2026-05-21 15:06:26.414 Please replace `use_container_width` with `width`.

`use_container_width` will be removed after 2025-12-31.

For `use_container_width=True`, use `width='stretch'`. For `use_container_width=False`, use `width='content'`.
2026-05-21 15:06:26.530 Please replace `use_container_width` with `width`.

`use_container_width` will be removed after 2025-12-31.

For `use_container_width=True`, use `width='stretch'`. For `use_container_width=False`, use `width='content'`.
2026-05-21 15:06:26.577 Please replace `st.components.v1.html` with `st.iframe`.

`st.components.v1.html` will be removed after 2026-06-01.
2026-05-21 15:06:26.633 Please replace `use_container_width` with `width`.

`use_container_width` will be removed after 2025-12-31.

For `use_container_width=True`, use `width='stretch'`. For `use_container_width=False`, use `width='content'`.
2026-05-21 15:06:28.365 Please replace `use_container_width` with `width`.

`use_container_width` will be removed after 2025-12-31.

For `use_container_width=True`, use `width='stretch'`. For `use_container_width=False`, use `width='content'`.
2026-05-21 15:06:28.443 Please replace `use_container_width` with `width`.

`use_container_width` will be removed after 2025-12-31.

For `use_container_width=True`, use `width='stretch'`. For `use_container_width=False`, use `width='content'`.
2026-05-21 15:06:28.526 Please replace `use_container_width` with `width`.

`use_container_width` will be removed after 2025-12-31.

For `use_container_width=True`, use `width='stretch'`. For `use_container_width=False`, use `width='content'`.
2026-05-21 15:06:28.572 Please replace `st.components.v1.html` with `st.iframe`.

`st.components.v1.html` will be removed after 2026-06-01.
2026-05-21 15:06:28.658 Please replace `use_container_width` with `width`.

`use_container_width` will be removed after 2025-12-31.

For `use_container_width=True`, use `width='stretch'`. For `use_container_width=False`, use `width='content'`.
2026-05-21 15:06:30.353 Please replace `use_container_width` with `width`.

`use_container_width` will be removed after 2025-12-31.

For `use_container_width=True`, use `width='stretch'`. For `use_container_width=False`, use `width='content'`.
2026-05-21 15:06:30.422 Please replace `use_container_width` with `width`.

`use_container_width` will be removed after 2025-12-31.

For `use_container_width=True`, use `width='stretch'`. For `use_container_width=False`, use `width='content'`.
2026-05-21 15:06:30.515 Please replace `use_container_width` with `width`.

`use_container_width` will be removed after 2025-12-31.

For `use_container_width=True`, use `width='stretch'`. For `use_container_width=False`, use `width='content'`.
2026-05-21 15:06:30.588 Please replace `st.components.v1.html` with `st.iframe`.

`st.components.v1.html` will be removed after 2026-06-01.
2026-05-21 15:06:30.661 Please replace `use_container_width` with `width`.

`use_container_width` will be removed after 2025-12-31.

For `use_container_width=True`, use `width='stretch'`. For `use_container_width=False`, use `width='content'`.
2026-05-21 15:06:32.366 Please replace `use_container_width` with `width`.

`use_container_width` will be removed after 2025-12-31.

For `use_container_width=True`, use `width='stretch'`. For `use_container_width=False`, use `width='content'`.
2026-05-21 15:06:32.439 Please replace `use_container_width` with `width`.

`use_container_width` will be removed after 2025-12-31.

For `use_container_width=True`, use `width='stretch'`. For `use_container_width=False`, use `width='content'`.
2026-05-21 15:06:32.528 Please replace `use_container_width` with `width`.

`use_container_width` will be removed after 2025-12-31.

For `use_container_width=True`, use `width='stretch'`. For `use_container_width=False`, use `width='content'`.
2026-05-21 15:06:32.574 Please replace `st.components.v1.html` with `st.iframe`.

`st.components.v1.html` will be removed after 2026-06-01.
2026-05-21 15:06:32.630 Please replace `use_container_width` with `width`.

`use_container_width` will be removed after 2025-12-31.

For `use_container_width=True`, use `width='stretch'`. For `use_container_width=False`, use `width='content'`.
2026-05-21 15:06:34.354 Please replace `use_container_width` with `width`.

`use_container_width` will be removed after 2025-12-31.

For `use_container_width=True`, use `width='stretch'`. For `use_container_width=False`, use `width='content'`.
2026-05-21 15:06:34.423 Please replace `use_container_width` with `width`.

`use_container_width` will be removed after 2025-12-31.

For `use_container_width=True`, use `width='stretch'`. For `use_container_width=False`, use `width='content'`.
2026-05-21 15:06:34.522 Please replace `use_container_width` with `width`.

`use_container_width` will be removed after 2025-12-31.

For `use_container_width=True`, use `width='stretch'`. For `use_container_width=False`, use `width='content'`.
2026-05-21 15:06:34.578 Please replace `st.components.v1.html` with `st.iframe`.

`st.components.v1.html` will be removed after 2026-06-01.
2026-05-21 15:06:34.670 Please replace `use_container_width` with `width`.

`use_container_width` will be removed after 2025-12-31.

For `use_container_width=True`, use `width='stretch'`. For `use_container_width=False`, use `width='content'`.
2026-05-21 15:06:36.366 Please replace `use_container_width` with `width`.

`use_container_width` will be removed after 2025-12-31.

For `use_container_width=True`, use `width='stretch'`. For `use_container_width=False`, use `width='content'`.
2026-05-21 15:06:36.437 Please replace `use_container_width` with `width`.

`use_container_width` will be removed after 2025-12-31.

For `use_container_width=True`, use `width='stretch'`. For `use_container_width=False`, use `width='content'`.
2026-05-21 15:06:36.526 Please replace `use_container_width` with `width`.

`use_container_width` will be removed after 2025-12-31.

For `use_container_width=True`, use `width='stretch'`. For `use_container_width=False`, use `width='content'`.
2026-05-21 15:06:36.579 Please replace `st.components.v1.html` with `st.iframe`.

`st.components.v1.html` will be removed after 2026-06-01.
2026-05-21 15:06:36.657 Please replace `use_container_width` with `width`.

`use_container_width` will be removed after 2025-12-31.

For `use_container_width=True`, use `width='stretch'`. For `use_container_width=False`, use `width='content'`.
2026-05-21 15:06:38.364 Please replace `use_container_width` with `width`.

`use_container_width` will be removed after 2025-12-31.

For `use_container_width=True`, use `width='stretch'`. For `use_container_width=False`, use `width='content'`.
2026-05-21 15:06:38.429 Please replace `use_container_width` with `width`.

`use_container_width` will be removed after 2025-12-31.

For `use_container_width=True`, use `width='stretch'`. For `use_container_width=False`, use `width='content'`.
2026-05-21 15:06:38.535 Please replace `use_container_width` with `width`.

`use_container_width` will be removed after 2025-12-31.

For `use_container_width=True`, use `width='stretch'`. For `use_container_width=False`, use `width='content'`.
2026-05-21 15:06:38.585 Please replace `st.components.v1.html` with `st.iframe`.

`st.components.v1.html` will be removed after 2026-06-01.
2026-05-21 15:06:38.676 Please replace `use_container_width` with `width`.

`use_container_width` will be removed after 2025-12-31.

For `use_container_width=True`, use `width='stretch'`. For `use_container_width=False`, use `width='content'`.
2026-05-21 15:06:40.364 Please replace `use_container_width` with `width`.

`use_container_width` will be removed after 2025-12-31.

For `use_container_width=True`, use `width='stretch'`. For `use_container_width=False`, use `width='content'`.
2026-05-21 15:06:40.434 Please replace `use_container_width` with `width`.

`use_container_width` will be removed after 2025-12-31.

For `use_container_width=True`, use `width='stretch'`. For `use_container_width=False`, use `width='content'`.
2026-05-21 15:06:40.522 Please replace `use_container_width` with `width`.

`use_container_width` will be removed after 2025-12-31.

For `use_container_width=True`, use `width='stretch'`. For `use_container_width=False`, use `width='content'`.
2026-05-21 15:06:40.573 Please replace `st.components.v1.html` with `st.iframe`.

`st.components.v1.html` will be removed after 2026-06-01.
2026-05-21 15:06:40.654 Please replace `use_container_width` with `width`.

`use_container_width` will be removed after 2025-12-31.

For `use_container_width=True`, use `width='stretch'`. For `use_container_width=False`, use `width='content'`.
2026-05-21 15:06:42.353 Please replace `use_container_width` with `width`.

`use_container_width` will be removed after 2025-12-31.

For `use_container_width=True`, use `width='stretch'`. For `use_container_width=False`, use `width='content'`.
2026-05-21 15:06:42.422 Please replace `use_container_width` with `width`.

`use_container_width` will be removed after 2025-12-31.

For `use_container_width=True`, use `width='stretch'`. For `use_container_width=False`, use `width='content'`.
2026-05-21 15:06:42.516 Please replace `use_container_width` with `width`.

`use_container_width` will be removed after 2025-12-31.

For `use_container_width=True`, use `width='stretch'`. For `use_container_width=False`, use `width='content'`.
2026-05-21 15:06:42.569 Please replace `st.components.v1.html` with `st.iframe`.

`st.components.v1.html` will be removed after 2026-06-01.
2026-05-21 15:06:42.658 Please replace `use_container_width` with `width`.

`use_container_width` will be removed after 2025-12-31.

For `use_container_width=True`, use `width='stretch'`. For `use_container_width=False`, use `width='content'`.
2026-05-21 15:06:44.364 Please replace `use_container_width` with `width`.

`use_container_width` will be removed after 2025-12-31.

For `use_container_width=True`, use `width='stretch'`. For `use_container_width=False`, use `width='content'`.
2026-05-21 15:06:44.440 Please replace `use_container_width` with `width`.

`use_container_width` will be removed after 2025-12-31.

For `use_container_width=True`, use `width='stretch'`. For `use_container_width=False`, use `width='content'`.
2026-05-21 15:06:44.528 Please replace `use_container_width` with `width`.

`use_container_width` will be removed after 2025-12-31.

For `use_container_width=True`, use `width='stretch'`. For `use_container_width=False`, use `width='content'`.
2026-05-21 15:06:44.577 Please replace `st.components.v1.html` with `st.iframe`.

`st.components.v1.html` will be removed after 2026-06-01.
2026-05-21 15:06:44.635 Please replace `use_container_width` with `width`.

`use_container_width` will be removed after 2025-12-31.

For `use_container_width=True`, use `width='stretch'`. For `use_container_width=False`, use `width='content'`.
2026-05-21 15:06:46.353 Please replace `use_container_width` with `width`.

`use_container_width` will be removed after 2025-12-31.

For `use_container_width=True`, use `width='stretch'`. For `use_container_width=False`, use `width='content'`.
2026-05-21 15:06:46.415 Please replace `use_container_width` with `width`.

`use_container_width` will be removed after 2025-12-31.

For `use_container_width=True`, use `width='stretch'`. For `use_container_width=False`, use `width='content'`.
2026-05-21 15:06:46.520 Please replace `use_container_width` with `width`.

`use_container_width` will be removed after 2025-12-31.

For `use_container_width=True`, use `width='stretch'`. For `use_container_width=False`, use `width='content'`.
2026-05-21 15:06:46.598 Please replace `st.components.v1.html` with `st.iframe`.

`st.components.v1.html` will be removed after 2026-06-01.
2026-05-21 15:06:46.673 Please replace `use_container_width` with `width`.

`use_container_width` will be removed after 2025-12-31.

For `use_container_width=True`, use `width='stretch'`. For `use_container_width=False`, use `width='content'`.
2026-05-21 15:06:48.363 Please replace `use_container_width` with `width`.

`use_container_width` will be removed after 2025-12-31.

For `use_container_width=True`, use `width='stretch'`. For `use_container_width=False`, use `width='content'`.
2026-05-21 15:06:48.429 Please replace `use_container_width` with `width`.

`use_container_width` will be removed after 2025-12-31.

For `use_container_width=True`, use `width='stretch'`. For `use_container_width=False`, use `width='content'`.
2026-05-21 15:06:48.516 Please replace `use_container_width` with `width`.

`use_container_width` will be removed after 2025-12-31.

For `use_container_width=True`, use `width='stretch'`. For `use_container_width=False`, use `width='content'`.
2026-05-21 15:06:48.590 Please replace `st.components.v1.html` with `st.iframe`.

`st.components.v1.html` will be removed after 2026-06-01.
2026-05-21 15:06:48.665 Please replace `use_container_width` with `width`.

`use_container_width` will be removed after 2025-12-31.

For `use_container_width=True`, use `width='stretch'`. For `use_container_width=False`, use `width='content'`.
2026-05-21 15:06:50.404 Please replace `use_container_width` with `width`.

`use_container_width` will be removed after 2025-12-31.

For `use_container_width=True`, use `width='stretch'`. For `use_container_width=False`, use `width='content'`.
2026-05-21 15:06:50.500 Please replace `use_container_width` with `width`.

`use_container_width` will be removed after 2025-12-31.

For `use_container_width=True`, use `width='stretch'`. For `use_container_width=False`, use `width='content'`.
2026-05-21 15:06:50.598 Please replace `use_container_width` with `width`.

`use_container_width` will be removed after 2025-12-31.

For `use_container_width=True`, use `width='stretch'`. For `use_container_width=False`, use `width='content'`.
2026-05-21 15:06:50.683 Please replace `st.components.v1.html` with `st.iframe`.

`st.components.v1.html` will be removed after 2026-06-01.
2026-05-21 15:06:50.769 Please replace `use_container_width` with `width`.

`use_container_width` will be removed after 2025-12-31.

For `use_container_width=True`, use `width='stretch'`. For `use_container_width=False`, use `width='content'`.
2026-05-21 15:06:52.356 Please replace `use_container_width` with `width`.

`use_container_width` will be removed after 2025-12-31.

For `use_container_width=True`, use `width='stretch'`. For `use_container_width=False`, use `width='content'`.
2026-05-21 15:06:52.418 Please replace `use_container_width` with `width`.

`use_container_width` will be removed after 2025-12-31.

For `use_container_width=True`, use `width='stretch'`. For `use_container_width=False`, use `width='content'`.
2026-05-21 15:06:52.484 Please replace `use_container_width` with `width`.

`use_container_width` will be removed after 2025-12-31.

For `use_container_width=True`, use `width='stretch'`. For `use_container_width=False`, use `width='content'`.
2026-05-21 15:06:52.557 Please replace `st.components.v1.html` with `st.iframe`.

`st.components.v1.html` will be removed after 2026-06-01.
2026-05-21 15:06:52.631 Please replace `use_container_width` with `width`.

`use_container_width` will be removed after 2025-12-31.

For `use_container_width=True`, use `width='stretch'`. For `use_container_width=False`, use `width='content'`.
2026-05-21 15:06:54.364 Please replace `use_container_width` with `width`.

`use_container_width` will be removed after 2025-12-31.

For `use_container_width=True`, use `width='stretch'`. For `use_container_width=False`, use `width='content'`.
2026-05-21 15:06:54.446 Please replace `use_container_width` with `width`.

`use_container_width` will be removed after 2025-12-31.

For `use_container_width=True`, use `width='stretch'`. For `use_container_width=False`, use `width='content'`.
2026-05-21 15:06:54.530 Please replace `use_container_width` with `width`.

`use_container_width` will be removed after 2025-12-31.

For `use_container_width=True`, use `width='stretch'`. For `use_container_width=False`, use `width='content'`.
2026-05-21 15:06:54.573 Please replace `st.components.v1.html` with `st.iframe`.

`st.components.v1.html` will be removed after 2026-06-01.
2026-05-21 15:06:54.633 Please replace `use_container_width` with `width`.

`use_container_width` will be removed after 2025-12-31.

For `use_container_width=True`, use `width='stretch'`. For `use_container_width=False`, use `width='content'`.
2026-05-21 15:06:56.411 Please replace `use_container_width` with `width`.

`use_container_width` will be removed after 2025-12-31.

For `use_container_width=True`, use `width='stretch'`. For `use_container_width=False`, use `width='content'`.
2026-05-21 15:06:56.486 Please replace `use_container_width` with `width`.

`use_container_width` will be removed after 2025-12-31.

For `use_container_width=True`, use `width='stretch'`. For `use_container_width=False`, use `width='content'`.
2026-05-21 15:06:56.573 Please replace `use_container_width` with `width`.

`use_container_width` will be removed after 2025-12-31.

For `use_container_width=True`, use `width='stretch'`. For `use_container_width=False`, use `width='content'`.
2026-05-21 15:06:56.618 Please replace `st.components.v1.html` with `st.iframe`.

`st.components.v1.html` will be removed after 2026-06-01.
2026-05-21 15:06:56.695 Please replace `use_container_width` with `width`.

`use_container_width` will be removed after 2025-12-31.

For `use_container_width=True`, use `width='stretch'`. For `use_container_width=False`, use `width='content'`.
2026-05-21 15:06:58.353 Please replace `use_container_width` with `width`.

`use_container_width` will be removed after 2025-12-31.

For `use_container_width=True`, use `width='stretch'`. For `use_container_width=False`, use `width='content'`.
2026-05-21 15:06:58.418 Please replace `use_container_width` with `width`.

`use_container_width` will be removed after 2025-12-31.

For `use_container_width=True`, use `width='stretch'`. For `use_container_width=False`, use `width='content'`.
2026-05-21 15:06:58.517 Please replace `use_container_width` with `width`.

`use_container_width` will be removed after 2025-12-31.

For `use_container_width=True`, use `width='stretch'`. For `use_container_width=False`, use `width='content'`.
2026-05-21 15:06:58.585 Please replace `st.components.v1.html` with `st.iframe`.

`st.components.v1.html` will be removed after 2026-06-01.
2026-05-21 15:06:58.660 Please replace `use_container_width` with `width`.

`use_container_width` will be removed after 2025-12-31.

For `use_container_width=True`, use `width='stretch'`. For `use_container_width=False`, use `width='content'`.
2026-05-21 15:07:00.364 Please replace `use_container_width` with `width`.

`use_container_width` will be removed after 2025-12-31.

For `use_container_width=True`, use `width='stretch'`. For `use_container_width=False`, use `width='content'`.
2026-05-21 15:07:00.435 Please replace `use_container_width` with `width`.

`use_container_width` will be removed after 2025-12-31.

For `use_container_width=True`, use `width='stretch'`. For `use_container_width=False`, use `width='content'`.
2026-05-21 15:07:00.526 Please replace `use_container_width` with `width`.

`use_container_width` will be removed after 2025-12-31.

For `use_container_width=True`, use `width='stretch'`. For `use_container_width=False`, use `width='content'`.
2026-05-21 15:07:00.571 Please replace `st.components.v1.html` with `st.iframe`.

`st.components.v1.html` will be removed after 2026-06-01.
2026-05-21 15:07:00.654 Please replace `use_container_width` with `width`.

`use_container_width` will be removed after 2025-12-31.

For `use_container_width=True`, use `width='stretch'`. For `use_container_width=False`, use `width='content'`.
2026-05-21 15:07:02.417 Please replace `use_container_width` with `width`.

`use_container_width` will be removed after 2025-12-31.

For `use_container_width=True`, use `width='stretch'`. For `use_container_width=False`, use `width='content'`.
2026-05-21 15:07:02.500 Please replace `use_container_width` with `width`.

`use_container_width` will be removed after 2025-12-31.

For `use_container_width=True`, use `width='stretch'`. For `use_container_width=False`, use `width='content'`.
2026-05-21 15:07:02.583 Please replace `use_container_width` with `width`.

`use_container_width` will be removed after 2025-12-31.

For `use_container_width=True`, use `width='stretch'`. For `use_container_width=False`, use `width='content'`.
2026-05-21 15:07:02.628 Please replace `st.components.v1.html` with `st.iframe`.

`st.components.v1.html` will be removed after 2026-06-01.
2026-05-21 15:07:02.717 Please replace `use_container_width` with `width`.

`use_container_width` will be removed after 2025-12-31.

For `use_container_width=True`, use `width='stretch'`. For `use_container_width=False`, use `width='content'`.
2026-05-21 15:07:04.354 Please replace `use_container_width` with `width`.

`use_container_width` will be removed after 2025-12-31.

For `use_container_width=True`, use `width='stretch'`. For `use_container_width=False`, use `width='content'`.
2026-05-21 15:07:04.425 Please replace `use_container_width` with `width`.

`use_container_width` will be removed after 2025-12-31.

For `use_container_width=True`, use `width='stretch'`. For `use_container_width=False`, use `width='content'`.
2026-05-21 15:07:04.518 Please replace `use_container_width` with `width`.

`use_container_width` will be removed after 2025-12-31.

For `use_container_width=True`, use `width='stretch'`. For `use_container_width=False`, use `width='content'`.
2026-05-21 15:07:04.578 Please replace `st.components.v1.html` with `st.iframe`.

`st.components.v1.html` will be removed after 2026-06-01.
2026-05-21 15:07:04.630 Please replace `use_container_width` with `width`.

`use_container_width` will be removed after 2025-12-31.

For `use_container_width=True`, use `width='stretch'`. For `use_container_width=False`, use `width='content'`.
2026-05-21 15:07:06.367 Please replace `use_container_width` with `width`.

`use_container_width` will be removed after 2025-12-31.

For `use_container_width=True`, use `width='stretch'`. For `use_container_width=False`, use `width='content'`.
2026-05-21 15:07:06.463 Please replace `use_container_width` with `width`.

`use_container_width` will be removed after 2025-12-31.

For `use_container_width=True`, use `width='stretch'`. For `use_container_width=False`, use `width='content'`.
2026-05-21 15:07:06.536 Please replace `use_container_width` with `width`.

`use_container_width` will be removed after 2025-12-31.

For `use_container_width=True`, use `width='stretch'`. For `use_container_width=False`, use `width='content'`.
2026-05-21 15:07:06.589 Please replace `st.components.v1.html` with `st.iframe`.

`st.components.v1.html` will be removed after 2026-06-01.
2026-05-21 15:07:06.664 Please replace `use_container_width` with `width`.

`use_container_width` will be removed after 2025-12-31.

For `use_container_width=True`, use `width='stretch'`. For `use_container_width=False`, use `width='content'`.
2026-05-21 15:07:08.352 Please replace `use_container_width` with `width`.

`use_container_width` will be removed after 2025-12-31.

For `use_container_width=True`, use `width='stretch'`. For `use_container_width=False`, use `width='content'`.
2026-05-21 15:07:08.427 Please replace `use_container_width` with `width`.

`use_container_width` will be removed after 2025-12-31.

For `use_container_width=True`, use `width='stretch'`. For `use_container_width=False`, use `width='content'`.
2026-05-21 15:07:08.520 Please replace `use_container_width` with `width`.

`use_container_width` will be removed after 2025-12-31.

For `use_container_width=True`, use `width='stretch'`. For `use_container_width=False`, use `width='content'`.
2026-05-21 15:07:08.588 Please replace `st.components.v1.html` with `st.iframe`.

`st.components.v1.html` will be removed after 2026-06-01.
2026-05-21 15:07:08.652 Please replace `use_container_width` with `width`.

`use_container_width` will be removed after 2025-12-31.

For `use_container_width=True`, use `width='stretch'`. For `use_container_width=False`, use `width='content'`.
2026-05-21 15:07:10.362 Please replace `use_container_width` with `width`.

`use_container_width` will be removed after 2025-12-31.

For `use_container_width=True`, use `width='stretch'`. For `use_container_width=False`, use `width='content'`.
2026-05-21 15:07:10.437 Please replace `use_container_width` with `width`.

`use_container_width` will be removed after 2025-12-31.

For `use_container_width=True`, use `width='stretch'`. For `use_container_width=False`, use `width='content'`.
2026-05-21 15:07:10.530 Please replace `use_container_width` with `width`.

`use_container_width` will be removed after 2025-12-31.

For `use_container_width=True`, use `width='stretch'`. For `use_container_width=False`, use `width='content'`.
2026-05-21 15:07:10.576 Please replace `st.components.v1.html` with `st.iframe`.

`st.components.v1.html` will be removed after 2026-06-01.
2026-05-21 15:07:10.666 Please replace `use_container_width` with `width`.

`use_container_width` will be removed after 2025-12-31.

For `use_container_width=True`, use `width='stretch'`. For `use_container_width=False`, use `width='content'`.
2026-05-21 15:07:12.353 Please replace `use_container_width` with `width`.

`use_container_width` will be removed after 2025-12-31.

For `use_container_width=True`, use `width='stretch'`. For `use_container_width=False`, use `width='content'`.
2026-05-21 15:07:12.422 Please replace `use_container_width` with `width`.

`use_container_width` will be removed after 2025-12-31.

For `use_container_width=True`, use `width='stretch'`. For `use_container_width=False`, use `width='content'`.
2026-05-21 15:07:12.517 Please replace `use_container_width` with `width`.

`use_container_width` will be removed after 2025-12-31.

For `use_container_width=True`, use `width='stretch'`. For `use_container_width=False`, use `width='content'`.
2026-05-21 15:07:12.581 Please replace `st.components.v1.html` with `st.iframe`.

`st.components.v1.html` will be removed after 2026-06-01.
2026-05-21 15:07:12.683 Please replace `use_container_width` with `width`.

`use_container_width` will be removed after 2025-12-31.

For `use_container_width=True`, use `width='stretch'`. For `use_container_width=False`, use `width='content'`.
2026-05-21 15:07:14.365 Please replace `use_container_width` with `width`.

`use_container_width` will be removed after 2025-12-31.

For `use_container_width=True`, use `width='stretch'`. For `use_container_width=False`, use `width='content'`.
2026-05-21 15:07:14.434 Please replace `use_container_width` with `width`.

`use_container_width` will be removed after 2025-12-31.

For `use_container_width=True`, use `width='stretch'`. For `use_container_width=False`, use `width='content'`.
2026-05-21 15:07:14.529 Please replace `use_container_width` with `width`.

`use_container_width` will be removed after 2025-12-31.

For `use_container_width=True`, use `width='stretch'`. For `use_container_width=False`, use `width='content'`.
2026-05-21 15:07:14.582 Please replace `st.components.v1.html` with `st.iframe`.

`st.components.v1.html` will be removed after 2026-06-01.
2026-05-21 15:07:14.658 Please replace `use_container_width` with `width`.

`use_container_width` will be removed after 2025-12-31.

For `use_container_width=True`, use `width='stretch'`. For `use_container_width=False`, use `width='content'`.
2026-05-21 15:07:16.351 Please replace `use_container_width` with `width`.

`use_container_width` will be removed after 2025-12-31.

For `use_container_width=True`, use `width='stretch'`. For `use_container_width=False`, use `width='content'`.
2026-05-21 15:07:16.412 Please replace `use_container_width` with `width`.

`use_container_width` will be removed after 2025-12-31.

For `use_container_width=True`, use `width='stretch'`. For `use_container_width=False`, use `width='content'`.
2026-05-21 15:07:16.501 Please replace `use_container_width` with `width`.

`use_container_width` will be removed after 2025-12-31.

For `use_container_width=True`, use `width='stretch'`. For `use_container_width=False`, use `width='content'`.
2026-05-21 15:07:16.562 Please replace `st.components.v1.html` with `st.iframe`.

`st.components.v1.html` will be removed after 2026-06-01.
2026-05-21 15:07:16.621 Please replace `use_container_width` with `width`.

`use_container_width` will be removed after 2025-12-31.

For `use_container_width=True`, use `width='stretch'`. For `use_container_width=False`, use `width='content'`.
2026-05-21 15:07:18.409 Please replace `use_container_width` with `width`.

`use_container_width` will be removed after 2025-12-31.

For `use_container_width=True`, use `width='stretch'`. For `use_container_width=False`, use `width='content'`.
2026-05-21 15:07:18.487 Please replace `use_container_width` with `width`.

`use_container_width` will be removed after 2025-12-31.

For `use_container_width=True`, use `width='stretch'`. For `use_container_width=False`, use `width='content'`.
2026-05-21 15:07:18.598 Please replace `use_container_width` with `width`.

`use_container_width` will be removed after 2025-12-31.

For `use_container_width=True`, use `width='stretch'`. For `use_container_width=False`, use `width='content'`.
2026-05-21 15:07:18.683 Please replace `st.components.v1.html` with `st.iframe`.

`st.components.v1.html` will be removed after 2026-06-01.
2026-05-21 15:07:18.806 Please replace `use_container_width` with `width`.

`use_container_width` will be removed after 2025-12-31.

For `use_container_width=True`, use `width='stretch'`. For `use_container_width=False`, use `width='content'`.
2026-05-21 15:07:20.352 Please replace `use_container_width` with `width`.

`use_container_width` will be removed after 2025-12-31.

For `use_container_width=True`, use `width='stretch'`. For `use_container_width=False`, use `width='content'`.
2026-05-21 15:07:20.438 Please replace `use_container_width` with `width`.

`use_container_width` will be removed after 2025-12-31.

For `use_container_width=True`, use `width='stretch'`. For `use_container_width=False`, use `width='content'`.
2026-05-21 15:07:20.529 Please replace `use_container_width` with `width`.

`use_container_width` will be removed after 2025-12-31.

For `use_container_width=True`, use `width='stretch'`. For `use_container_width=False`, use `width='content'`.
2026-05-21 15:07:20.582 Please replace `st.components.v1.html` with `st.iframe`.

`st.components.v1.html` will be removed after 2026-06-01.
2026-05-21 15:07:20.662 Please replace `use_container_width` with `width`.

`use_container_width` will be removed after 2025-12-31.

For `use_container_width=True`, use `width='stretch'`. For `use_container_width=False`, use `width='content'`.
2026-05-21 15:07:22.371 Please replace `use_container_width` with `width`.

`use_container_width` will be removed after 2025-12-31.

For `use_container_width=True`, use `width='stretch'`. For `use_container_width=False`, use `width='content'`.
2026-05-21 15:07:22.438 Please replace `use_container_width` with `width`.

`use_container_width` will be removed after 2025-12-31.

For `use_container_width=True`, use `width='stretch'`. For `use_container_width=False`, use `width='content'`.
2026-05-21 15:07:22.526 Please replace `use_container_width` with `width`.

`use_container_width` will be removed after 2025-12-31.

For `use_container_width=True`, use `width='stretch'`. For `use_container_width=False`, use `width='content'`.
2026-05-21 15:07:22.608 Please replace `st.components.v1.html` with `st.iframe`.

`st.components.v1.html` will be removed after 2026-06-01.
2026-05-21 15:07:22.674 Please replace `use_container_width` with `width`.

`use_container_width` will be removed after 2025-12-31.

For `use_container_width=True`, use `width='stretch'`. For `use_container_width=False`, use `width='content'`.
2026-05-21 15:07:24.454 Please replace `use_container_width` with `width`.

`use_container_width` will be removed after 2025-12-31.

For `use_container_width=True`, use `width='stretch'`. For `use_container_width=False`, use `width='content'`.
2026-05-21 15:07:24.602 Please replace `use_container_width` with `width`.

`use_container_width` will be removed after 2025-12-31.

For `use_container_width=True`, use `width='stretch'`. For `use_container_width=False`, use `width='content'`.
2026-05-21 15:07:24.677 Please replace `use_container_width` with `width`.

`use_container_width` will be removed after 2025-12-31.

For `use_container_width=True`, use `width='stretch'`. For `use_container_width=False`, use `width='content'`.
2026-05-21 15:07:24.732 Please replace `st.components.v1.html` with `st.iframe`.

`st.components.v1.html` will be removed after 2026-06-01.
2026-05-21 15:07:24.810 Please replace `use_container_width` with `width`.

`use_container_width` will be removed after 2025-12-31.

For `use_container_width=True`, use `width='stretch'`. For `use_container_width=False`, use `width='content'`.
2026-05-21 15:07:26.352 Please replace `use_container_width` with `width`.

`use_container_width` will be removed after 2025-12-31.

For `use_container_width=True`, use `width='stretch'`. For `use_container_width=False`, use `width='content'`.
2026-05-21 15:07:26.429 Please replace `use_container_width` with `width`.

`use_container_width` will be removed after 2025-12-31.

For `use_container_width=True`, use `width='stretch'`. For `use_container_width=False`, use `width='content'`.
2026-05-21 15:07:26.518 Please replace `use_container_width` with `width`.

`use_container_width` will be removed after 2025-12-31.

For `use_container_width=True`, use `width='stretch'`. For `use_container_width=False`, use `width='content'`.
2026-05-21 15:07:26.583 Please replace `st.components.v1.html` with `st.iframe`.

`st.components.v1.html` will be removed after 2026-06-01.
2026-05-21 15:07:26.673 Please replace `use_container_width` with `width`.

`use_container_width` will be removed after 2025-12-31.

For `use_container_width=True`, use `width='stretch'`. For `use_container_width=False`, use `width='content'`.
2026-05-21 15:07:28.364 Please replace `use_container_width` with `width`.

`use_container_width` will be removed after 2025-12-31.

For `use_container_width=True`, use `width='stretch'`. For `use_container_width=False`, use `width='content'`.
2026-05-21 15:07:28.458 Please replace `use_container_width` with `width`.

`use_container_width` will be removed after 2025-12-31.

For `use_container_width=True`, use `width='stretch'`. For `use_container_width=False`, use `width='content'`.
2026-05-21 15:07:28.548 Please replace `use_container_width` with `width`.

`use_container_width` will be removed after 2025-12-31.

For `use_container_width=True`, use `width='stretch'`. For `use_container_width=False`, use `width='content'`.
2026-05-21 15:07:28.603 Please replace `st.components.v1.html` with `st.iframe`.

`st.components.v1.html` will be removed after 2026-06-01.
2026-05-21 15:07:28.678 Please replace `use_container_width` with `width`.

`use_container_width` will be removed after 2025-12-31.

For `use_container_width=True`, use `width='stretch'`. For `use_container_width=False`, use `width='content'`.
2026-05-21 15:07:30.352 Please replace `use_container_width` with `width`.

`use_container_width` will be removed after 2025-12-31.

For `use_container_width=True`, use `width='stretch'`. For `use_container_width=False`, use `width='content'`.
2026-05-21 15:07:30.424 Please replace `use_container_width` with `width`.

`use_container_width` will be removed after 2025-12-31.

For `use_container_width=True`, use `width='stretch'`. For `use_container_width=False`, use `width='content'`.
2026-05-21 15:07:30.519 Please replace `use_container_width` with `width`.

`use_container_width` will be removed after 2025-12-31.

For `use_container_width=True`, use `width='stretch'`. For `use_container_width=False`, use `width='content'`.
2026-05-21 15:07:30.595 Please replace `st.components.v1.html` with `st.iframe`.

`st.components.v1.html` will be removed after 2026-06-01.
2026-05-21 15:07:30.674 Please replace `use_container_width` with `width`.

`use_container_width` will be removed after 2025-12-31.

For `use_container_width=True`, use `width='stretch'`. For `use_container_width=False`, use `width='content'`.
2026-05-21 15:07:32.363 Please replace `use_container_width` with `width`.

`use_container_width` will be removed after 2025-12-31.

For `use_container_width=True`, use `width='stretch'`. For `use_container_width=False`, use `width='content'`.
2026-05-21 15:07:32.448 Please replace `use_container_width` with `width`.

`use_container_width` will be removed after 2025-12-31.

For `use_container_width=True`, use `width='stretch'`. For `use_container_width=False`, use `width='content'`.
2026-05-21 15:07:32.533 Please replace `use_container_width` with `width`.

`use_container_width` will be removed after 2025-12-31.

For `use_container_width=True`, use `width='stretch'`. For `use_container_width=False`, use `width='content'`.
2026-05-21 15:07:32.580 Please replace `st.components.v1.html` with `st.iframe`.

`st.components.v1.html` will be removed after 2026-06-01.
2026-05-21 15:07:32.661 Please replace `use_container_width` with `width`.

`use_container_width` will be removed after 2025-12-31.

For `use_container_width=True`, use `width='stretch'`. For `use_container_width=False`, use `width='content'`.
2026-05-21 15:07:34.400 Please replace `use_container_width` with `width`.

`use_container_width` will be removed after 2025-12-31.

For `use_container_width=True`, use `width='stretch'`. For `use_container_width=False`, use `width='content'`.
2026-05-21 15:07:34.473 Please replace `use_container_width` with `width`.

`use_container_width` will be removed after 2025-12-31.

For `use_container_width=True`, use `width='stretch'`. For `use_container_width=False`, use `width='content'`.
2026-05-21 15:07:34.575 Please replace `use_container_width` with `width`.

`use_container_width` will be removed after 2025-12-31.

For `use_container_width=True`, use `width='stretch'`. For `use_container_width=False`, use `width='content'`.
2026-05-21 15:07:34.631 Please replace `st.components.v1.html` with `st.iframe`.

`st.components.v1.html` will be removed after 2026-06-01.
2026-05-21 15:07:34.684 Please replace `use_container_width` with `width`.

`use_container_width` will be removed after 2025-12-31.

For `use_container_width=True`, use `width='stretch'`. For `use_container_width=False`, use `width='content'`.
2026-05-21 15:07:36.353 Please replace `use_container_width` with `width`.

`use_container_width` will be removed after 2025-12-31.

For `use_container_width=True`, use `width='stretch'`. For `use_container_width=False`, use `width='content'`.
2026-05-21 15:07:36.417 Please replace `use_container_width` with `width`.

`use_container_width` will be removed after 2025-12-31.

For `use_container_width=True`, use `width='stretch'`. For `use_container_width=False`, use `width='content'`.
2026-05-21 15:07:36.515 Please replace `use_container_width` with `width`.

`use_container_width` will be removed after 2025-12-31.

For `use_container_width=True`, use `width='stretch'`. For `use_container_width=False`, use `width='content'`.
2026-05-21 15:07:36.595 Please replace `st.components.v1.html` with `st.iframe`.

`st.components.v1.html` will be removed after 2026-06-01.
2026-05-21 15:07:36.661 Please replace `use_container_width` with `width`.

`use_container_width` will be removed after 2025-12-31.

For `use_container_width=True`, use `width='stretch'`. For `use_container_width=False`, use `width='content'`.
2026-05-21 15:07:38.362 Please replace `use_container_width` with `width`.

`use_container_width` will be removed after 2025-12-31.

For `use_container_width=True`, use `width='stretch'`. For `use_container_width=False`, use `width='content'`.
2026-05-21 15:07:38.463 Please replace `use_container_width` with `width`.

`use_container_width` will be removed after 2025-12-31.

For `use_container_width=True`, use `width='stretch'`. For `use_container_width=False`, use `width='content'`.
2026-05-21 15:07:38.543 Please replace `use_container_width` with `width`.

`use_container_width` will be removed after 2025-12-31.

For `use_container_width=True`, use `width='stretch'`. For `use_container_width=False`, use `width='content'`.
2026-05-21 15:07:38.606 Please replace `st.components.v1.html` with `st.iframe`.

`st.components.v1.html` will be removed after 2026-06-01.
2026-05-21 15:07:38.663 Please replace `use_container_width` with `width`.

`use_container_width` will be removed after 2025-12-31.

For `use_container_width=True`, use `width='stretch'`. For `use_container_width=False`, use `width='content'`.
2026-05-21 15:07:40.397 Please replace `use_container_width` with `width`.

`use_container_width` will be removed after 2025-12-31.

For `use_container_width=True`, use `width='stretch'`. For `use_container_width=False`, use `width='content'`.
2026-05-21 15:07:40.538 Please replace `use_container_width` with `width`.

`use_container_width` will be removed after 2025-12-31.

For `use_container_width=True`, use `width='stretch'`. For `use_container_width=False`, use `width='content'`.
2026-05-21 15:07:40.627 Please replace `use_container_width` with `width`.

`use_container_width` will be removed after 2025-12-31.

For `use_container_width=True`, use `width='stretch'`. For `use_container_width=False`, use `width='content'`.
2026-05-21 15:07:40.695 Please replace `st.components.v1.html` with `st.iframe`.

`st.components.v1.html` will be removed after 2026-06-01.
2026-05-21 15:07:40.797 Please replace `use_container_width` with `width`.

`use_container_width` will be removed after 2025-12-31.

For `use_container_width=True`, use `width='stretch'`. For `use_container_width=False`, use `width='content'`.
2026-05-21 15:07:42.361 Please replace `use_container_width` with `width`.

`use_container_width` will be removed after 2025-12-31.

For `use_container_width=True`, use `width='stretch'`. For `use_container_width=False`, use `width='content'`.
2026-05-21 15:07:42.426 Please replace `use_container_width` with `width`.

`use_container_width` will be removed after 2025-12-31.

For `use_container_width=True`, use `width='stretch'`. For `use_container_width=False`, use `width='content'`.
2026-05-21 15:07:42.528 Please replace `use_container_width` with `width`.

`use_container_width` will be removed after 2025-12-31.

For `use_container_width=True`, use `width='stretch'`. For `use_container_width=False`, use `width='content'`.
2026-05-21 15:07:42.580 Please replace `st.components.v1.html` with `st.iframe`.

`st.components.v1.html` will be removed after 2026-06-01.
2026-05-21 15:07:42.663 Please replace `use_container_width` with `width`.

`use_container_width` will be removed after 2025-12-31.

For `use_container_width=True`, use `width='stretch'`. For `use_container_width=False`, use `width='content'`.
2026-05-21 15:07:44.362 Please replace `use_container_width` with `width`.

`use_container_width` will be removed after 2025-12-31.

For `use_container_width=True`, use `width='stretch'`. For `use_container_width=False`, use `width='content'`.
2026-05-21 15:07:44.425 Please replace `use_container_width` with `width`.

`use_container_width` will be removed after 2025-12-31.

For `use_container_width=True`, use `width='stretch'`. For `use_container_width=False`, use `width='content'`.
2026-05-21 15:07:44.478 Please replace `use_container_width` with `width`.

`use_container_width` will be removed after 2025-12-31.

For `use_container_width=True`, use `width='stretch'`. For `use_container_width=False`, use `width='content'`.
2026-05-21 15:07:44.521 Please replace `st.components.v1.html` with `st.iframe`.

`st.components.v1.html` will be removed after 2026-06-01.
2026-05-21 15:07:44.570 Please replace `use_container_width` with `width`.

`use_container_width` will be removed after 2025-12-31.

For `use_container_width=True`, use `width='stretch'`. For `use_container_width=False`, use `width='content'`.
2026-05-21 15:07:46.393 Please replace `use_container_width` with `width`.

`use_container_width` will be removed after 2025-12-31.

For `use_container_width=True`, use `width='stretch'`. For `use_container_width=False`, use `width='content'`.
2026-05-21 15:07:46.449 Please replace `use_con